# File exported by ZBrush version 2023
# www.zbrush.com
#Vertex Count 12709
#Face Count 12669
#Auto scale x=0.010863 y=0.010863 z=0.010863
#Auto offset x=-2.466288 y=-0.113423 z=0.250479
v 230.08321279 5.13940594 60.50155009
v 230.4067243 10.33449833 61.22844473
v 240.5451739 10.26240788 65.8289577
v 244.34203096 5.15608945 61.26295164
v 245.00135072 8.22135407 61.24035672
v 224.40218363 9.46118144 48.97996352
v 229.37220605 9.7846361 64.5409925
v 239.54322125 10.42655482 61.81478231
v 225.18913598 5.13410117 50.65739202
v 240.28511698 5.15071575 64.75851386
v 224.96224186 5.14589588 47.36255586
v 228.36847334 5.14097759 63.75440623
v 227.4301427 8.57434908 49.07238431
v 240.61014938 9.80467517 59.20220513
v 230.58577174 5.13997966 59.44841182
v 232.43995417 5.14203347 60.17161381
v 232.28055863 5.14183902 61.20258513
v 232.19656841 5.14177455 62.59323156
v 230.32086786 5.13970601 62.44044426
v 229.11059601 5.13871837 62.61264409
v 228.78340505 5.13816762 60.91316936
v 227.88555095 5.13720948 59.00499067
v 228.54710918 5.1377544 58.58269944
v 229.06173255 5.13833257 58.11971761
v 228.76094679 10.09614644 61.40062262
v 229.11525625 10.05072622 62.87816456
v 230.6425663 10.36769246 62.84110626
v 232.67844736 10.4069504 62.05081635
v 232.855072 10.225621 60.8770548
v 230.88362802 10.14821286 60.06945932
v 232.52251231 10.40249477 63.0687015
v 240.92226706 9.88792959 66.70762457
v 242.16782427 9.72731703 65.68584375
v 241.26114557 10.26686278 64.97036179
v 239.5774346 10.32654112 65.72770306
v 239.42233322 9.92658015 66.97410524
v 240.16909856 10.42510976 64.36979128
v 244.27771664 5.15627463 62.00163208
v 243.62833771 5.1547167 61.4877815
v 243.97096512 5.15533535 60.71782044
v 244.74640893 5.15723895 61.18255258
v 244.80662044 5.15833803 62.21718364
v 244.36542284 5.15653285 60.34657353
v 244.60207827 8.34719639 60.39911577
v 244.14800711 9.13868209 61.07765466
v 244.83356782 8.61730782 61.9623077
v 245.31076749 7.61713377 61.25411778
v 244.85160863 7.55027423 60.06592578
v 245.25588648 7.83087587 62.38667845
v 225.0475875 9.60974848 48.71231415
v 224.76298492 8.79607492 47.98400938
v 224.00992117 8.80433557 48.61663417
v 223.84483712 9.62728802 49.88789185
v 224.70286892 10.04280708 49.95815667
v 223.1166829 8.87511358 49.77412167
v 228.9909343 9.22662002 64.93892204
v 230.40424526 9.25992916 65.45958731
v 230.54001675 9.96656771 64.78296334
v 229.14825478 9.94055104 63.85979797
v 228.3419055 9.25971637 64.09471269
v 230.65979712 10.27644171 63.86753446
v 241.4015298 10.00420149 60.21296284
v 239.05507664 10.1513465 59.76229902
v 241.1778563 10.38524799 62.88388187
v 242.38339778 10.03314025 61.29290993
v 237.02355113 10.28007398 60.46762479
v 237.19205898 10.44773573 62.1172678
v 238.74333069 10.45500957 63.889449
v 236.94389485 10.44499723 63.64981558
v 224.67159137 5.13358198 50.30587589
v 225.34118255 5.13470781 49.61372409
v 225.76133244 5.13493963 50.28748391
v 225.0926556 5.13391633 51.6654886
v 224.15021042 5.13288446 51.71205015
v 225.98956416 5.13519992 51.52092063
v 239.28219864 5.14961632 64.8664954
v 239.45499105 5.14977578 63.36145877
v 240.67368593 5.15112418 63.76006319
v 240.67139242 5.15121437 65.54781064
v 239.25776425 5.14970788 65.973597
v 241.5897746 5.15220817 64.48209099
v 224.45105996 5.14234279 47.8810593
v 224.07469364 5.15418825 47.47245232
v 224.94813547 5.16226937 46.93883256
v 225.69493295 5.15379011 47.20345866
v 225.39886187 5.14129617 47.64393885
v 224.91122789 5.13733808 48.21982943
v 228.00867641 5.14560679 64.19579724
v 227.76264127 5.14299435 62.97102978
v 228.26130137 5.13955237 62.79806727
v 229.20071489 5.13950882 63.80658085
v 229.13749589 5.14214252 64.64889723
v 227.50383146 8.02510135 48.74373195
v 227.02492007 8.31533878 48.05862528
v 227.1038809 9.00831465 48.74977848
v 227.03575003 9.4621293 50.03639391
v 227.54323886 8.72156721 49.99819434
v 227.76224896 7.95505241 49.91246753
v 242.24830289 9.16147428 58.98863432
v 240.73960789 9.1589054 58.19328552
v 238.63462351 9.51828909 58.34335133
v 240.62595842 8.37246307 57.49880729
v 238.35228786 8.71059467 57.41045776
v 236.38617746 8.75004319 58.22668408
v 236.68611773 9.64898824 59.12948219
v 234.69515044 8.77356693 58.82954261
v 234.80608941 9.64310434 59.69473923
v 234.90425289 10.22844301 60.94516328
v 233.01840437 9.6633538 59.68935112
v 234.91209087 10.41545069 62.26761892
v 234.7436468 10.41433843 63.44866703
v 232.37461759 10.30172442 64.07108076
v 234.45390937 10.30074723 64.48763272
v 236.44937999 10.34763825 65.00812241
v 238.16251702 10.35630629 65.45281651
v 234.14031777 9.93129491 65.42619972
v 236.02842687 9.95800824 66.04647357
v 237.79983169 9.96703019 66.66456913
v 235.72023093 9.1717865 66.79771893
v 237.55065043 9.12000694 67.47359668
v 239.43157585 9.05719483 67.84505758
v 241.30118461 8.95444099 67.42746311
v 237.3998432 8.11715864 67.91713855
v 239.42432907 8.06211336 68.23397768
v 241.4510817 7.94311265 67.74323779
v 242.95809908 7.73722225 66.52198192
v 242.73538167 8.77224597 66.24768795
v 239.41826059 7.18727923 68.39621336
v 241.51337684 7.07785396 67.89788513
v 243.04512354 6.92647816 66.61800758
v 244.18647279 6.75052977 65.21159738
v 244.10029057 7.49288572 65.13680041
v 241.54867248 6.40347035 67.96629539
v 243.11614966 6.32710345 66.65266811
v 244.26533827 6.2152931 65.24307005
v 245.19830318 6.04859797 63.89545163
v 245.1405978 6.57294012 63.87160571
v 243.18932526 5.82295228 66.65853357
v 244.35964517 5.72132899 65.26537965
v 245.3021874 5.55784882 63.91405211
v 245.83994151 5.49344912 62.51893938
v 245.72943464 5.92281429 62.52600646
v 244.45848285 5.32033778 65.27393368
v 245.28359378 5.17202605 63.87360293
v 245.67025604 5.16504436 62.45740965
v 245.66854277 5.17211693 61.10411233
v 245.84370413 5.42734369 61.0934294
v 244.92426435 5.16537597 63.63795846
v 245.25032691 5.16106192 62.34352424
v 245.19217435 5.1593802 61.14585641
v 244.74889037 5.15996523 60.10106916
v 245.16357954 5.185533 59.8471205
v 243.92029527 5.15803969 59.08968595
v 244.2027537 5.16454848 58.72253225
v 244.34205016 5.40864822 58.52943843
v 245.30220524 5.40119602 59.75335543
v 244.23609053 5.84068103 58.60748911
v 245.19597263 5.83188113 59.81359574
v 245.72267345 5.85894236 61.12438082
v 245.10076589 6.28443757 59.861743
v 245.63107158 6.33072821 61.15495913
v 245.66041397 6.42986046 62.52928761
v 245.5121067 6.92193264 61.19597894
v 245.51745091 7.06728797 62.50785042
v 245.02790578 7.25984957 63.79658927
v 244.78670448 8.17558005 63.58432982
v 243.88786377 8.51020229 64.90527109
v 244.29338714 9.18627509 63.08414154
v 243.3279098 9.55742923 64.38714075
v 243.40297563 9.8397086 62.23095568
v 242.3559223 10.18539234 63.64506395
v 243.26214558 9.26687648 60.01476074
v 243.72396009 8.38862549 59.28371254
v 242.47618893 8.30541424 58.31374969
v 243.96070605 7.54279941 58.94438274
v 242.57542166 7.50651373 57.96412104
v 240.57642435 7.60625588 57.10176662
v 242.62403942 6.83155571 57.78136996
v 240.55784033 6.89249697 56.8837295
v 238.14561816 7.07328443 56.6150486
v 238.21354489 7.85178357 56.88915602
v 236.06677733 7.11815123 57.46708771
v 236.18388216 7.88197626 57.7099968
v 234.50389267 7.19256034 58.11973407
v 234.58535275 7.93332905 58.33744747
v 233.0587445 7.26131422 58.23637938
v 233.1016566 7.97659265 58.46450684
v 233.09285018 8.81489573 58.89221361
v 231.65771247 8.01452696 57.92983361
v 231.53641327 8.86194698 58.30947542
v 231.28378969 9.65873463 59.02234563
v 230.11894567 8.85929837 57.18949065
v 229.68738387 9.5985094 57.69484756
v 229.14517699 10.06073683 58.29742077
v 228.42912242 9.5395465 56.10489069
v 227.80666866 9.98533999 56.50458151
v 227.13203459 10.12319808 56.94244447
v 228.59184669 10.20495975 58.93510445
v 226.45643537 9.95797172 57.35701019
v 227.72107289 9.98475256 59.26832188
v 225.8602183 9.48755912 57.72104735
v 227.01096034 9.45224608 59.56213811
v 227.72250394 9.43629541 61.48927393
v 228.03419403 9.35283716 63.00394001
v 226.52792028 8.70047055 59.76120713
v 227.16401957 8.64366536 61.55047993
v 227.48602627 8.53266981 63.10589697
v 227.93611645 8.43373543 64.39710491
v 226.88830579 7.82572318 61.58256164
v 227.25788905 7.74155619 63.15350103
v 227.79334886 7.64023399 64.52997487
v 228.81038072 7.5679891 65.55758275
v 228.86392791 8.38026042 65.33045938
v 227.13033725 7.06856504 63.18275151
v 227.70503268 6.99992262 64.60939727
v 228.75778858 6.93113 65.67366291
v 230.28276637 6.84541039 66.16760164
v 230.30976278 7.51287781 66.06679692
v 227.62354169 6.46737554 64.66546208
v 228.73459799 6.3615404 65.76418524
v 230.26293889 6.31684198 66.26682066
v 231.8991569 6.27552484 66.4916999
v 231.92592081 6.79306945 66.40183051
v 228.72688483 5.87035813 65.78861277
v 230.24975189 5.83150013 66.31265794
v 231.87013206 5.80122223 66.57940747
v 233.55595136 5.73663049 66.95367215
v 233.60205613 6.21193274 66.87330052
v 230.245515 5.42246964 66.40167687
v 231.84693016 5.37497634 66.60345092
v 233.52289367 5.31058007 66.9654305
v 235.28910996 5.2460384 67.5669667
v 235.32468749 5.67055181 67.57806663
v 231.86124883 5.16559407 66.29916025
v 233.59443007 5.15813742 66.59204372
v 235.39484257 5.15955063 67.1306675
v 237.3055267 5.15278704 67.63125632
v 237.24854902 5.15174728 68.07835367
v 233.69799194 5.14931385 66.10715832
v 235.51517505 5.15111354 66.63796331
v 237.37944166 5.15120099 67.13963853
v 239.35323985 5.1506403 67.3168753
v 239.36817099 5.15053811 67.81252046
v 235.62501253 5.14782623 66.16439731
v 237.45314263 5.14909198 66.65976812
v 239.30518313 5.15020753 66.79890409
v 240.97741831 5.15195441 66.31687186
v 241.16733112 5.15285631 66.8314028
v 237.58173764 5.14807588 65.86307504
v 235.8134384 5.1462923 65.4353573
v 236.09297918 5.14617605 64.42360647
v 237.78858567 5.14800763 64.77411851
v 236.39978969 5.14641507 63.02288067
v 238.09601894 5.14828061 63.16465034
v 236.44880593 5.14646068 61.39239232
v 238.20230915 5.14839686 61.22273291
v 239.73095714 5.1500779 61.45341177
v 241.13808612 5.15162519 62.21208634
v 238.14850494 5.14838349 59.65335728
v 240.02444554 5.15042289 59.88494696
v 241.56036088 5.15209638 60.87447049
v 242.56626408 5.15323079 61.76265707
v 242.18276775 5.15281036 63.07064385
v 240.21334054 5.15075827 58.84927887
v 241.89986489 5.15250447 59.84287915
v 242.91515475 5.15366117 60.74812989
v 243.359056 5.15421911 62.48206763
v 242.20134902 5.15301337 59.01741842
v 243.33097833 5.15421054 59.96286047
v 242.371398 5.15363819 58.53361942
v 243.6366366 5.15498933 59.48881162
v 242.54584471 5.15481272 58.08330676
v 240.41208857 5.15283333 57.58098958
v 240.49304318 5.15671906 57.12942043
v 240.58814704 5.16608446 56.68602671
v 242.72110072 5.15490051 57.64194319
v 240.62798033 5.45485724 56.51591189
v 242.80687554 5.43833388 57.41383218
v 240.58570402 5.90982516 56.65915753
v 242.7178525 5.86902756 57.55166228
v 240.5670034 6.38170978 56.75816804
v 242.66483839 6.32735104 57.66485634
v 244.14458056 6.29632041 58.69004451
v 244.06668214 6.83413145 58.77854767
v 245.00204755 6.84242279 59.92801886
v 238.07582247 5.99648439 56.38787036
v 238.10775603 6.48747668 56.47739409
v 235.95276504 6.08834415 57.28134629
v 236.01181401 6.54899646 57.35490323
v 234.39364779 6.12630298 57.96113618
v 234.44242878 6.61122713 58.01914334
v 232.98067119 6.15238274 58.08747129
v 233.02485487 6.66921166 58.1215173
v 231.70213346 6.19666965 57.61332369
v 231.70307514 6.69708529 57.67127049
v 231.69695248 7.2904217 57.75432519
v 230.51425454 6.70570995 56.67306673
v 230.47177419 7.29050675 56.74543851
v 230.36517362 8.01823145 56.89064296
v 229.36696661 7.27303622 55.45359958
v 229.22559337 7.99461735 55.55661002
v 228.92655724 8.82480261 55.76679544
v 228.34104595 7.96633701 54.12299046
v 228.03842252 8.80056146 54.2530731
v 227.48346858 9.54405285 54.47821571
v 227.6040748 8.78728821 52.76957791
v 227.01374227 9.54485582 52.92837881
v 226.14261903 10.06487346 53.10664712
v 226.72019731 10.04335195 54.77979586
v 225.07260745 10.2610371 53.32159513
v 225.88960056 10.23388328 55.14354222
v 224.07547414 10.15188636 53.58369728
v 225.08849433 10.10700531 55.57501846
v 223.19790327 9.7244522 53.86101999
v 224.41331289 9.65078124 55.95954358
v 222.58405489 9.02278711 54.08778672
v 223.88884762 8.91881922 56.23952743
v 225.40332338 8.76140238 57.99503405
v 223.55699505 8.06614158 56.39211171
v 225.1296057 7.9380721 58.15173348
v 226.25833517 7.87741084 59.86174848
v 224.9836998 7.21173454 58.2273864
v 226.15418869 7.17387413 59.88883166
v 226.74674153 7.12869356 61.5963666
v 226.07968286 6.63468555 59.91842782
v 226.67892281 6.61505148 61.60617712
v 227.05103828 6.56160528 63.20080879
v 226.61005131 6.18591745 61.61998756
v 226.97881138 6.12494018 63.21294574
v 227.56934019 6.00267598 64.702471
v 226.92329603 5.72658369 63.21495394
v 227.57375557 5.60306677 64.68847949
v 228.70473023 5.4883844 65.87268803
v 227.43314368 5.3600579 64.78077956
v 228.65194898 5.18259479 65.94846166
v 230.23341955 5.17954409 66.25997305
v 228.79988348 5.1565428 65.59176044
v 230.30039499 5.15368243 65.78990767
v 231.88921607 5.1495419 65.79805567
v 230.36079819 5.14533622 65.29998532
v 231.9396661 5.14422547 65.31930458
v 233.79768008 5.1459408 65.65595679
v 232.01448639 5.14244738 64.6836291
v 233.95601186 5.14440756 64.97506403
v 232.11236146 5.14184931 63.74711419
v 234.17455308 5.14409378 64.03631048
v 234.38510543 5.14419666 62.85313896
v 234.44097682 5.14423644 61.48920809
v 234.37958769 5.14417952 60.34585475
v 236.27576455 5.14629813 60.05390954
v 234.32464838 5.14427554 59.42284302
v 236.11544241 5.14631425 59.09448696
v 238.12735787 5.14859061 58.61192798
v 236.03334585 5.14695964 58.4739662
v 238.10860855 5.14944451 57.88438589
v 240.3399349 5.15145476 58.09326543
v 238.07203173 5.15122054 57.38613996
v 235.97766993 5.14894143 58.04416345
v 235.8853287 5.15867548 57.57895944
v 238.02807712 5.15627497 56.91035178
v 235.81701652 5.28634801 57.19893355
v 237.9930668 5.1648362 56.47134207
v 235.88976072 5.66702478 57.21293603
v 238.02496813 5.59178921 56.29413822
v 234.27646066 5.33738856 57.79931202
v 234.33847117 5.70559677 57.87615559
v 232.94643245 5.37018048 57.86225735
v 232.95946719 5.73303934 57.97454609
v 231.74089954 5.38889001 57.44029534
v 231.72384705 5.77690615 57.51942693
v 230.6960389 5.39768854 56.45212706
v 230.63646216 5.8092454 56.52274304
v 230.56642024 6.23840756 56.60653299
v 229.60226541 5.80589053 55.27191845
v 229.52152188 6.23389632 55.33759076
v 229.44398679 6.69341766 55.39657458
v 228.64942913 6.20598086 53.98005209
v 228.53929794 6.64236545 54.03205661
v 228.45763698 7.23690726 54.07264296
v 228.12706954 6.61342085 52.55828415
v 228.03112807 7.20276283 52.59570458
v 227.91298228 7.95438404 52.65698191
v 227.9563413 7.19862127 51.16724816
v 227.82711298 7.96006158 51.25555928
v 227.55482434 8.81535817 51.36817722
v 226.9376155 9.54819792 51.48874015
v 226.3203873 9.97310334 50.03236106
v 226.1083532 10.08334352 51.60898484
v 225.51070634 10.15798364 50.01010084
v 225.09236977 10.26938149 51.65186471
v 224.04919137 10.14068126 51.62445781
v 223.07511474 9.71762525 51.5871087
v 222.30723731 9.00220948 51.58979727
v 222.73129051 8.03440485 49.72439968
v 221.89433445 8.16086822 51.64763433
v 222.23228053 8.16325844 54.21439617
v 221.68504134 7.3641165 51.68367756
v 222.05968462 7.37563823 54.26589042
v 223.38153122 7.29758309 56.47088117
v 221.94357154 6.71492138 54.2901698
v 223.2830207 6.6891379 56.53053988
v 224.88555449 6.66169225 58.28277632
v 223.19530936 6.19866001 56.60459064
v 224.80791464 6.19722313 58.34747197
v 226.00538168 6.18878536 59.95874532
v 224.74656615 5.77000024 58.42062288
v 225.9233021 5.78002029 60.01217094
v 226.51783658 5.78210804 61.64301594
v 225.89130346 5.37577743 60.03714716
v 226.47824926 5.38946167 61.65741348
v 226.86673918 5.38814105 63.2137578
v 226.75298331 5.15909728 61.61932914
v 227.00901075 5.17005455 63.18758544
v 227.47346208 5.1682216 64.67429594
v 227.38023487 5.15011082 63.0933101
v 227.79311233 5.15104324 64.42003452
v 228.99128203 5.14695621 65.15729935
v 230.43522926 5.14135309 64.61729288
v 230.44469924 5.14016279 63.69189436
v 227.14067643 5.14459789 61.51078245
v 227.5400332 5.13998824 61.37688095
v 226.48181037 5.14158834 59.73772334
v 226.86348588 5.13816008 59.54787775
v 227.26739655 5.13725269 59.35240811
v 227.98507388 5.13846837 61.20795129
v 225.66765156 5.13710592 57.79304053
v 226.05874078 5.13589606 57.54874875
v 226.57075887 5.13576403 57.19051121
v 224.60944506 5.13411797 55.825258
v 225.25035433 5.13424897 55.43728164
v 225.96563413 5.13491597 55.05070443
v 227.16860712 5.13625682 56.79462827
v 226.71185217 5.13581307 54.72823577
v 227.75303265 5.13692005 56.42796839
v 227.35618718 5.13686484 54.48606742
v 228.31121968 5.13776537 56.07701741
v 229.56828833 5.13906679 57.57225449
v 230.97081057 5.14057807 58.70205526
v 228.69507832 5.13867379 55.85217657
v 229.87712761 5.13979894 57.21804431
v 231.18063179 5.14107464 58.34723055
v 232.68483407 5.14273544 58.8703265
v 232.60850283 5.14235616 59.30254895
v 230.16622909 5.14106469 56.93814825
v 231.41374887 5.14245047 57.95816779
v 232.77202896 5.14425119 58.4361562
v 234.29476073 5.14618188 58.47992494
v 234.30347525 5.14486263 58.87260903
v 231.62947774 5.14718255 57.58783719
v 232.87853796 5.1528522 58.03343114
v 234.27847503 5.14921063 58.07537275
v 230.49438008 5.14447546 56.62519931
v 229.05499587 5.14046422 55.61849091
v 229.45291941 5.14786635 55.34616124
v 229.6711424 5.39911822 55.20069343
v 228.56505535 5.14709407 54.00769492
v 228.79477281 5.40458965 53.89709614
v 228.7557869 5.79344082 53.93249741
v 228.42721951 5.37771052 52.53222702
v 228.3539502 5.77189698 52.52192817
v 228.22195179 6.17730272 52.53818027
v 228.26216589 5.74816457 51.05448755
v 228.15165756 6.17512135 51.07583147
v 228.05761764 6.6231038 51.10837956
v 228.03177141 6.25136548 49.65111708
v 227.95672933 6.71139812 49.72776862
v 227.87246271 7.26650136 49.81324303
v 227.60536267 6.87397639 48.49050207
v 227.57235214 7.42051052 48.58437139
v 226.87456474 7.04792173 47.66424026
v 226.91386288 7.6390442 47.83522201
v 226.15311943 7.83187602 47.45465292
v 226.33247611 8.61159582 47.74464481
v 226.02682556 7.19761958 47.30607954
v 225.1202019 7.24066405 47.31550597
v 225.29943367 7.94003571 47.44950075
v 226.86043087 6.54542588 47.52655282
v 225.97246631 6.65218351 47.12507877
v 225.02461931 6.63159439 47.15858158
v 224.14210768 6.56952729 47.57443122
v 224.25118471 7.21706915 47.62873475
v 225.93148044 6.13364201 47.03995003
v 224.99978077 6.10699812 47.05315692
v 224.09237267 6.03535987 47.47445502
v 223.2176992 6.05258384 48.34880922
v 223.31542099 6.56616658 48.40091799
v 224.98820863 5.65954275 46.96317779
v 224.02175086 5.609853 47.38365835
v 223.12407474 5.64846957 48.26403712
v 222.27292553 5.70090996 49.58239956
v 222.35682624 6.15680379 49.65969854
v 223.88050896 5.2945039 47.23507399
v 223.04888648 5.29789718 48.2074346
v 222.19638236 5.31317982 49.49299107
v 221.32763438 5.15583568 51.56211054
v 221.38294748 5.70806312 51.61631529
v 223.36785589 5.15562924 48.40447348
v 222.57932384 5.14261062 49.61813553
v 221.83422103 5.1317113 51.63046592
v 222.0771284 5.13067634 54.29707777
v 221.6744438 5.23055069 54.41777238
v 223.05456436 5.13585388 49.78778397
v 222.3198619 5.13183852 51.65335165
v 222.54303645 5.13122777 54.14674859
v 223.79645599 5.13559703 56.30452486
v 223.37890747 5.1380644 56.57349656
v 222.80060438 5.13186287 51.66458875
v 223.01167249 5.13173016 53.99471848
v 224.1922177 5.13442558 56.06739344
v 225.30309478 5.14068301 58.04800975
v 223.5162098 5.13221849 53.8290974
v 223.39697469 5.13224695 51.65992491
v 224.28479469 5.13300277 53.58852023
v 225.22103423 5.13404356 53.28216102
v 226.14321341 5.13523352 53.04718046
v 226.68675734 5.13683054 51.34100626
v 226.85843579 5.13658912 52.88616286
v 227.16817439 5.13865253 51.21729936
v 227.33958655 5.13817517 52.77775883
v 227.79479619 5.13808018 54.32340376
v 227.76591041 5.14130063 52.67096794
v 228.18850496 5.14022451 54.16863022
v 228.16146628 5.15056074 52.59362506
v 227.62308679 5.14167305 51.12931196
v 228.08182552 5.14505501 51.07416346
v 228.35128864 5.33193667 51.04744242
v 227.86693495 5.15986407 49.57890443
v 228.17853069 5.36980977 49.51341318
v 228.123414 5.82150066 49.57038332
v 227.66788389 5.50056044 48.21597217
v 227.69112382 5.95768916 48.27793536
v 227.63369278 6.39724687 48.38256991
v 226.84797826 6.07517395 47.42383319
v 226.82165816 5.6431696 47.34493204
v 225.93445415 5.70145419 46.92483556
v 226.67598703 5.2278004 47.44028281
v 225.90847127 5.31703846 46.91207311
v 224.94788907 5.381492 46.76250112
v 226.33992449 5.15722317 47.75723168
v 226.94995511 5.15224658 48.57761157
v 226.47627901 5.14073308 48.87073646
v 225.94264596 5.13882639 48.1557977
v 227.37562554 5.2012906 48.34075998
v 227.39811891 5.14555055 49.70854812
v 226.92589015 5.13979037 49.859212
v 226.40562312 5.13667211 50.04955141
v 225.95984952 5.13664365 49.20003078
v 224.75996422 5.13469135 49.23170098
v 225.42461516 5.13637788 48.61989336
v 224.25125364 5.13567247 48.92655436
v 223.49926121 5.13386112 49.91236877
v 223.8101248 5.13953111 48.69137627
v 224.05798235 5.13340777 50.09820895
v 226.11005936 5.15433571 59.92483648
v 224.9497805 5.15320404 58.31097333
v 224.70995109 5.35395753 58.48801258
v 223.0447679 5.3375103 56.7862169
v 223.1111902 5.74159096 56.70245988
v 221.75216047 5.7079743 54.39005273
v 221.85158696 6.19726051 54.32416643
v 221.46663661 6.19469643 51.6184442
v 221.55803615 6.71450575 51.64639979
v 222.44069609 6.64520422 49.70254549
v 222.55222112 7.26814948 49.72386197
v 223.4278198 7.2190866 48.4395181
v 223.62974816 7.97958093 48.49045269
v 224.45538155 7.96735259 47.73342965
v 225.54688056 8.75819153 47.7116029
v 225.69698915 9.65762474 48.54438859
v 226.43715134 9.466863 48.5913836
v 244.04149193 5.15586826 63.01947881
v 243.48460512 5.15576709 64.25756291
v 242.93393766 5.15386281 63.73852724
v 242.55710787 5.15589638 65.6659374
v 242.17158003 5.15340397 65.16531017
v 243.84310877 5.16086679 64.61948214
v 242.850551 5.16192404 66.05606461
v 241.34547597 5.15349793 67.30515536
v 243.16499786 5.17588023 66.45019724
v 241.51144546 5.15273148 67.77069956
v 239.39619104 5.14990781 68.28794102
v 241.61205814 5.48672153 68.02980587
v 239.42133735 5.49976587 68.44472275
v 237.25636643 5.57179163 68.20589589
v 239.41153644 5.99251842 68.43745265
v 237.27617471 6.09368904 68.18867811
v 235.37181214 6.15408024 67.51427632
v 237.3043724 6.59710668 68.13874762
v 235.41357748 6.65241842 67.44945447
v 233.64447784 6.71145162 66.79069574
v 235.46093669 7.25509039 67.3652146
v 233.68712177 7.3340903 66.69486212
v 231.95229172 7.42996645 66.29368984
v 233.75795722 8.22228804 66.5150959
v 231.99264386 8.30469392 66.0935015
v 230.34272719 8.35620737 65.86552218
v 232.07126792 9.24305087 65.7025348
v 233.90170147 9.19849271 66.12285624
v 232.20363584 9.95900779 65.03213842
v 235.54335903 8.16194742 67.19567041
v 237.33601379 7.22691568 68.07225776
v 239.41750752 6.5085267 68.43448426
v 241.53302531 5.89270339 67.89844479
v 243.32516499 5.39816522 66.7012214
v 244.21835012 5.17947722 64.99982078
v 244.5157726 5.16008114 63.35424354
v 218.73648616 5.12700665 48.05007126
v 219.08895151 5.42614584 47.91073227
v 216.66600594 5.12740308 47.57419529
v 215.77532558 6.3298191 47.45384086
v 208.38365231 5.11670437 58.79435534
v 208.24360141 5.17094342 60.04194268
v 208.08944514 5.2604061 60.01230262
v 208.02628993 5.13626437 59.98521396
v 208.17664242 5.13428327 59.93833966
v 218.51605128 5.12665686 48.69752156
v 217.90906113 5.12663869 48.34913843
v 218.36777967 5.12715411 47.67868718
v 219.15090373 5.1272371 47.90830159
v 219.05752891 5.12700528 48.88449204
v 218.77456913 5.12702723 47.2961099
v 218.8961581 5.54298352 48.70884096
v 218.74168016 5.47419364 47.43998652
v 218.39926606 5.84884515 48.19784905
v 215.96996189 5.12502589 47.84261831
v 215.72368456 5.125947 46.99417858
v 216.90711602 5.13453017 46.9121609
v 217.74347092 5.12943768 47.24594896
v 217.24737104 5.12720486 47.94101978
v 216.56697417 5.12489661 48.63523464
v 216.58568507 6.43187997 47.9048723
v 217.04759353 6.01006233 47.05244362
v 215.8258507 5.97384558 46.81051669
v 214.30549749 6.01805464 47.33027662
v 214.79946229 6.41655653 47.97631131
v 215.53069156 6.61003957 48.84334053
v 208.11224444 5.71837843 58.92687415
v 207.85105174 5.52239543 59.10769385
v 207.98210693 5.45257436 59.67797136
v 208.31816107 5.70263626 59.22489881
v 208.51657715 5.11779077 59.07982605
v 208.22012722 5.11833809 59.35967821
v 208.12493419 5.11838507 58.95142239
v 208.58257456 5.11689161 58.15151401
v 208.92591937 5.11766149 58.31131352
v 208.18924301 5.11883911 58.06869524
v 208.55289747 5.11841902 56.92296609
v 208.9801063 5.11651473 57.07262587
v 207.84216713 5.1219481 59.01573944
v 207.81748172 5.12250468 58.03380425
v 208.15884166 5.12552657 56.80674327
v 208.76082778 5.12378689 55.18485833
v 209.17561434 5.1180075 55.34611186
v 207.53156382 5.12263705 58.01146173
v 207.81920185 5.14957688 56.71417434
v 208.41383282 5.14930356 55.05424346
v 209.26751662 5.14326287 52.90638745
v 209.65977822 5.12483077 53.08716874
v 207.91459103 5.43323453 56.7418062
v 208.4945076 5.45910682 55.09189434
v 209.32335646 5.45006446 52.93472712
v 210.43852376 5.4752118 50.54645854
v 210.44626573 5.11954005 50.54848869
v 208.81436862 5.80923991 55.23476687
v 209.66926364 5.8503825 53.10774998
v 210.80125505 5.94325355 50.78914267
v 212.46102818 6.02945566 48.71176546
v 212.07270203 5.5303116 48.376474
v 210.02087305 6.19765694 53.33667853
v 211.27380872 6.34199961 51.12976188
v 213.06035043 6.4316917 49.20934199
v 211.92112047 6.54404971 51.64128054
v 213.80798817 6.65777771 50.03746385
v 212.52006687 6.44772947 52.28014389
v 214.4665192 6.57682585 51.02359649
v 216.29502309 6.52399692 49.80252718
v 217.32278186 6.31139352 48.61547095
v 214.8308211 6.19072703 51.75798071
v 216.81729738 6.13522394 50.57309728
v 217.85465542 6.005881 49.25194751
v 217.84087035 6.01061513 47.60357746
v 217.19457024 5.62237129 51.13642294
v 218.30770191 5.56881329 49.76054167
v 217.30524926 5.13685695 51.34428741
v 218.46703366 5.12637909 49.96385204
v 216.91259466 5.130045 50.88319854
v 217.9575424 5.12613938 49.66532807
v 216.35586079 5.12473989 50.20747442
v 217.2962652 5.12543192 49.24563762
v 215.63198804 5.12337709 49.31686812
v 214.55728707 5.12334382 51.19546711
v 214.01577994 5.12138913 50.25522662
v 213.2695578 5.12053009 49.38420295
v 214.91256033 5.12264185 48.3463072
v 212.60508999 5.11986447 48.83805119
v 214.37364026 5.12208939 47.52550483
v 212.12220043 5.11921667 48.42614112
v 214.01587322 5.12155785 46.94655807
v 215.68558649 5.12476458 46.31187571
v 217.1301119 5.17759831 46.2792069
v 213.99815887 5.50013864 46.90951623
v 215.73096151 5.51380368 46.27439492
v 217.16267851 5.5422668 46.43886376
v 218.08308946 5.51412946 46.90531329
v 218.11438861 5.12801864 46.72119049
v 210.90628877 5.12013161 50.8312434
v 211.4098693 5.11929383 51.16278185
v 210.08148236 5.11934596 53.30523878
v 212.02778242 5.11933601 51.66934586
v 210.56312091 5.1179108 53.56071828
v 209.61833866 5.11686246 55.53348288
v 211.04621897 5.11895022 53.90018525
v 210.04934578 5.11795641 55.73616226
v 209.4056142 5.11779763 57.2510533
v 210.45012163 5.12334657 55.94007069
v 209.79891282 5.12111033 57.42410359
v 209.23893279 5.12194707 58.51941941
v 210.15422312 5.12366172 57.58845721
v 209.51286187 5.12582149 58.72545126
v 208.89540279 5.14956933 59.43449164
v 208.7104652 5.12345699 59.25655803
v 208.44229457 5.13173942 59.80169472
v 208.33827181 5.12180407 59.59965182
v 208.09025582 5.12216929 59.75911115
v 207.98140049 5.12115594 59.50424618
v 207.91824803 5.13387518 59.87494988
v 207.79741762 5.12780465 59.63425749
v 207.59489599 5.12528412 59.08321145
v 207.8142911 5.29090588 59.71428893
v 207.65291549 5.31838377 59.10894485
v 207.62889398 5.36811159 58.03242705
v 207.92540702 5.66551384 58.08226426
v 208.21038254 5.7766781 56.84238596
v 208.26395219 5.86482531 58.16996085
v 208.57180247 6.02736036 56.98842441
v 209.14265473 6.10591927 55.40511763
v 209.02739349 6.12565176 57.17363361
v 209.59624442 6.28536759 55.63479788
v 210.5246758 6.39673007 53.64798141
v 210.08751654 6.14669698 55.8406761
v 211.05190885 6.28837268 53.98210966
v 210.43296556 5.82232438 55.96889869
v 211.42129022 5.9309081 54.23713375
v 212.87130591 6.07629087 52.76608277
v 211.71869075 5.53563592 54.46628726
v 213.10976104 5.60133327 53.13264389
v 215.04641245 5.68135373 52.27860208
v 213.15573549 5.19375096 53.23621948
v 215.09408509 5.21399167 52.42737299
v 212.87756643 5.12779162 52.80723976
v 214.88410681 5.13633158 51.92233981
v 212.53558784 5.1208984 52.29783904
v 211.44830069 5.12566786 54.23165237
v 211.78591447 5.18038118 54.50764726
v 210.80177356 5.16939098 56.11709897
v 210.73929872 5.46136089 56.09624339
v 210.12831551 5.38091416 57.58890164
v 209.83285321 5.72685769 57.4711041
v 209.2920484 5.63347842 58.57916041
v 209.5303979 5.34808658 58.74204903
v 208.77040647 5.51920687 59.40067608
v 208.93589038 5.31959911 59.498891
v 208.33929648 5.35769203 59.87193759
v 208.47665745 5.2457812 59.93917915
v 208.55847624 5.64488596 59.31119077
v 208.17075227 5.42151012 59.80779612
v 207.95919377 5.28425889 59.90591776
v 209.00246391 5.85016817 58.43047729
v 208.63757491 5.9376741 58.29553878
v 209.48527116 6.01574707 57.33929858
v 182.25947582 7.22672775 36.05370061
v 180.87232453 5.17095063 33.12459156
v 180.99097254 5.09252066 34.60300591
v 179.40821444 7.39367288 34.5280992
v 201.66406332 5.11108616 49.20753681
v 201.74919206 5.20719927 51.73843649
v 201.58308265 6.062882 51.47644408
v 200.60727355 6.84979131 47.96063533
v 187.56633237 5.09450622 50.86772009
v 182.17584499 7.48314962 35.66054464
v 182.15939262 8.06628852 36.67216927
v 182.26587076 7.48000942 36.87840963
v 182.36219545 6.88439869 36.99875308
v 182.30944197 6.79353378 35.90500651
v 182.20526009 6.94791398 35.26804162
v 180.46694382 5.10544704 33.36194245
v 180.1805568 5.30292041 33.07484762
v 180.89099633 5.32456713 32.86442079
v 181.17394309 5.17001203 33.36189307
v 180.7963808 5.1079439 33.68054287
v 181.43966931 5.28721185 33.08823009
v 185.94761335 5.10716477 51.8117136
v 185.75768545 5.12045225 50.73030699
v 186.77863501 5.09634604 52.44285144
v 180.79068543 5.08664251 35.11959992
v 180.32616728 5.08624335 34.96921587
v 180.73491692 5.09197575 34.3546758
v 181.12434456 5.11141366 33.99269621
v 181.3292955 5.10407944 34.4468826
v 181.27524711 5.09117672 35.14317699
v 179.80932087 7.5192947 34.27092975
v 179.79339799 6.99115083 33.93523774
v 179.29138807 6.99972098 34.40185737
v 178.88303897 7.13413961 35.20089883
v 179.18475081 7.62638445 35.10571814
v 179.66035244 8.05637238 34.95003927
v 201.20023651 5.11070105 48.9599584
v 201.5471135 5.11680245 48.50825757
v 201.99983215 5.11148808 49.07336646
v 202.1820894 5.10940787 49.58506618
v 201.70250706 5.11204671 49.59078898
v 201.05951484 5.10853854 49.43434743
v 201.39311635 5.26322635 51.56874965
v 201.50646404 5.13782161 51.21238312
v 201.91811349 5.18165825 51.33173345
v 201.87355739 5.46653363 51.70319435
v 201.44688764 5.53752272 51.65644624
v 202.25065878 5.36420288 51.44948711
v 201.56721463 5.80561172 51.57989896
v 201.95367388 5.76841762 51.54781176
v 201.87164522 6.11300213 51.39257732
v 201.43878628 6.6431703 51.26039321
v 201.1685718 6.31298917 51.39160615
v 201.02820952 5.99073999 51.45699314
v 200.92597273 7.06809694 48.31045053
v 201.29884374 6.47701494 48.39998522
v 200.78684773 6.37567491 47.92603514
v 199.81282185 6.44771919 47.47459768
v 199.90840033 7.05564312 47.68631393
v 200.09601826 7.64454392 48.00119425
v 189.51495201 5.09364822 49.90379279
v 189.93136955 5.09375727 50.92309355
v 188.34166233 5.09298293 52.02142714
v 187.30636187 5.09305289 53.23667489
v 188.93226869 5.09289617 52.8322928
v 187.76459756 5.09228439 54.03976566
v 186.20930947 5.09032489 54.9635236
v 185.96458971 5.0912189 54.23870848
v 185.60347431 5.09525724 53.48858244
v 184.24459684 5.08851079 54.66356756
v 184.11619318 5.09153714 53.97584366
v 183.98270045 5.0980528 53.43082768
v 185.22329204 5.10642953 52.79188751
v 183.83602553 5.12694047 52.90216256
v 184.9302714 5.14654401 52.08077309
v 183.73546772 5.2939823 52.46845865
v 184.66220777 5.40920411 51.61952511
v 185.15287359 5.50450653 49.69191194
v 187.14444443 5.10349234 48.91442838
v 184.7193727 5.92326833 51.57334764
v 185.24533553 5.92037572 49.6541623
v 186.83035422 5.63889876 48.18506465
v 188.98165324 5.1951892 47.92523406
v 189.18497732 5.09974241 48.71937026
v 185.20957487 6.43572627 49.84289954
v 186.70905879 6.19602734 48.24925002
v 188.94338783 5.78295302 47.74153924
v 191.43751452 5.48299664 47.46981313
v 191.46886374 5.13313514 47.79484416
v 186.63069536 6.71097803 48.3419232
v 188.97449562 6.34292277 47.84428631
v 191.50202087 6.06157921 47.57737767
v 194.01683032 5.98059271 47.09989954
v 193.96465295 5.40815063 46.97390461
v 189.01498321 6.91137522 47.94872334
v 191.58369289 6.68680461 47.6898749
v 194.07220926 6.64265317 47.24114795
v 196.37831475 6.66044982 47.12951764
v 196.34798335 6.00076243 46.97358089
v 191.67014396 7.43843062 47.82947177
v 194.12126185 7.44371619 47.43407717
v 196.42371857 7.44746612 47.33338767
v 198.48076693 7.32339331 47.40595697
v 198.39107038 6.60577696 47.2096259
v 194.1730908 8.40783381 47.76399699
v 196.49798606 8.42102956 47.66896445
v 198.65421777 8.12991663 47.71088412
v 196.57544965 9.33364316 48.18643088
v 198.87797495 8.87363024 48.15046995
v 200.30794575 8.12017796 48.43390504
v 201.15045417 7.3357782 48.73729586
v 199.1245767 9.33376996 48.79947303
v 200.46380021 8.41944711 48.96337672
v 201.30343351 7.54771187 49.19095001
v 201.83622475 6.78811961 49.36508122
v 201.63870302 6.62694392 48.90113919
v 200.5646159 8.54384604 49.54133036
v 201.38129764 7.68304595 49.67893001
v 201.96418123 6.92789206 49.84692142
v 202.2977361 6.2475696 49.94748471
v 202.14647415 6.14930838 49.45791901
v 201.36404144 7.72801306 50.17739541
v 201.95818957 6.98883435 50.3055357
v 202.31696757 6.28300653 50.42821656
v 202.50386946 5.74936208 50.49320301
v 202.44952204 5.71103185 49.99517656
v 201.88244611 6.97514496 50.73533297
v 202.24923494 6.27332529 50.8732728
v 202.4344167 5.75218919 50.9625112
v 202.43508884 5.33753842 50.99813194
v 202.51793779 5.33830796 50.52256873
v 202.08268932 6.21552081 51.21976845
v 202.23071402 5.73807525 51.33972233
v 201.68462261 6.85188249 51.05430649
v 201.24380772 7.67170803 50.64200136
v 201.01510139 7.43138171 50.96279652
v 200.76258755 7.07679225 51.16833456
v 200.1739592 7.95147669 50.97616253
v 199.93137659 7.45841036 51.2400095
v 199.76363483 6.92172002 51.43912241
v 200.54827601 6.64667195 51.3132482
v 199.66735678 6.38417064 51.54282969
v 200.42772406 6.20821539 51.39175429
v 199.66783962 5.87046306 51.63120116
v 200.38296768 5.77115763 51.45136361
v 200.95018078 5.65204838 51.47678976
v 200.3541534 5.35936003 51.37534307
v 200.91764092 5.3040675 51.44093308
v 200.33280126 5.1256003 51.08022645
v 200.97116805 5.12431774 51.09872268
v 200.29565791 5.11234026 50.65929596
v 201.00710154 5.11254498 50.71470235
v 201.59646512 5.12135038 50.81919973
v 201.0114636 5.11017192 50.30430665
v 201.64222011 5.11592318 50.40021708
v 202.15104197 5.14778507 50.48173546
v 202.07104619 5.14402588 50.91785359
v 201.66814007 5.11304189 49.9729328
v 202.19818513 5.11786896 50.0127071
v 202.47729108 5.3011965 50.01900603
v 202.34242937 5.25266311 49.52694929
v 202.28346476 5.65218384 49.48911185
v 202.12211246 5.21168547 48.96736019
v 202.00451519 5.57076662 48.95251272
v 201.87815538 6.03990403 48.94643876
v 201.57529405 5.4857531 48.39952433
v 201.49373177 5.93163408 48.40188368
v 200.93432922 5.41935035 47.74847464
v 200.85435814 5.87353022 47.86091701
v 199.81303584 5.42549701 47.20774939
v 199.79144502 5.92061405 47.36595223
v 198.31691263 5.45117967 46.93546911
v 198.34472556 6.00227475 47.07089047
v 196.32255446 5.42659885 46.85667221
v 198.27843323 5.12602416 47.20088532
v 196.30872207 5.11492148 47.20949422
v 194.01530771 5.10747032 47.39132899
v 196.2993505 5.10471454 47.833971
v 194.12999146 5.10008088 48.04568725
v 191.63049586 5.09810492 48.46214594
v 194.24539948 5.0989475 48.80117945
v 191.91001881 5.09620441 49.26621337
v 194.4248502 5.09884668 49.86993334
v 192.25071759 5.09630283 50.24173442
v 194.64042097 5.09913543 51.0770715
v 192.4757971 5.09657752 51.23827016
v 190.33796011 5.09419142 51.82393834
v 192.59518035 5.09704287 52.16106242
v 190.7012099 5.09508852 52.5380431
v 189.35038441 5.09391467 53.43991942
v 190.95097483 5.09967622 53.0616987
v 189.65155305 5.09872871 53.89360101
v 188.36384025 5.10063951 55.1777693
v 188.10920847 5.09413243 54.6947165
v 186.43184856 5.09134339 56.11054765
v 186.33974052 5.09046275 55.59575333
v 184.36878933 5.08940275 56.2966951
v 184.34715736 5.08821519 55.76462812
v 184.31327047 5.08783625 55.27491427
v 182.41158274 5.08769394 56.07032343
v 182.39113319 5.08593677 55.54429201
v 182.39387662 5.08565968 54.91200192
v 180.27986361 5.08354586 55.77389544
v 180.48761285 5.08318305 54.89599124
v 180.85632482 5.08420772 53.99883363
v 182.44935708 5.08739593 54.18411415
v 181.11500316 5.08825977 53.42396361
v 182.50326829 5.09422777 53.64173736
v 181.36301778 5.10165081 52.8666351
v 182.57768667 5.11152374 53.08096309
v 181.57129102 5.30411586 52.41498913
v 182.63543045 5.30556885 52.58171307
v 181.60653042 5.83748631 52.35830431
v 182.65522433 5.84850393 52.52643289
v 183.71349281 5.86455679 52.41658032
v 182.65419554 6.45168756 52.62111426
v 183.7476129 6.47532807 52.50919864
v 184.70365556 6.53549191 51.63570588
v 183.74502584 7.18463902 52.61463427
v 184.69207005 7.21385762 51.78746165
v 185.21162422 7.03665959 50.06099153
v 184.67214449 7.9150144 51.93566741
v 185.27943092 7.74027826 50.29676769
v 186.65643151 7.37584399 48.4839288
v 185.48280987 8.52903545 50.55784928
v 186.81340528 8.1288695 48.74538898
v 189.11046018 7.59727576 48.12501637
v 187.10511182 8.95569388 49.17670062
v 189.27534602 8.4102266 48.45877152
v 191.74180519 8.32435439 48.13057457
v 189.49699624 9.21029196 49.00690952
v 191.86019532 9.13098359 48.6600682
v 194.23314456 9.31260163 48.30667008
v 192.0443867 9.71716822 49.43943924
v 194.33539507 9.93919849 49.17836314
v 196.67395263 9.92426821 48.99286863
v 194.46121441 10.14874101 50.22903232
v 196.7946637 10.11763787 49.92758934
v 199.20798805 9.48457195 49.53487232
v 196.94202448 9.9850068 50.83115012
v 199.21796043 9.34321989 50.2207691
v 200.53613357 8.49602114 50.10202232
v 199.17449621 8.97932907 50.78936214
v 200.40085761 8.31964923 50.61799083
v 199.06635007 8.45315396 51.27260698
v 197.12612259 9.49028104 51.62625201
v 197.27742569 8.75095555 52.22292136
v 197.34205823 7.86695665 52.58160333
v 198.91397154 7.75601185 51.62165402
v 197.36101536 7.07350905 52.76405263
v 198.7849945 7.06916448 51.86511728
v 197.39285291 6.42380262 52.89924355
v 198.73675946 6.48199702 52.02195937
v 197.48918857 5.81641502 53.02005887
v 198.78894505 5.90127216 52.11704677
v 197.54951942 5.26483161 53.06204438
v 198.84282334 5.36298548 52.11252559
v 199.675203 5.3863081 51.58103474
v 198.6984913 5.12709684 51.73014035
v 199.5836656 5.12940064 51.2476966
v 198.51863455 5.11053096 51.18965103
v 199.47857838 5.11107245 50.78906585
v 198.3549421 5.10563668 50.63260784
v 199.39494481 5.10670456 50.30498702
v 200.25727179 5.10808382 50.2302504
v 199.33846026 5.10520904 49.72557936
v 200.25998779 5.10676731 49.74879429
v 201.00988064 5.10863045 49.87702237
v 200.31831867 5.10707767 49.19056045
v 199.38277494 5.10565005 49.01071192
v 199.55720793 5.10855363 48.36441387
v 200.50948112 5.11000594 48.63598086
v 199.71816242 5.11785079 47.81011959
v 200.77562708 5.11849686 48.10694812
v 199.81447889 5.13608845 47.32549756
v 200.97321465 5.1290656 47.71901565
v 201.75399033 5.21990102 48.30707062
v 198.22323535 5.1099617 47.77690759
v 198.16509102 5.10542543 48.36503937
v 196.29670583 5.10187371 48.50330293
v 198.10877656 5.10360071 49.12426812
v 196.3374129 5.1012074 49.47023703
v 198.17314574 5.10362162 49.96409895
v 196.55887108 5.10150095 50.56414272
v 196.9156546 5.10304825 51.434283
v 194.84771206 5.10025818 52.13893937
v 197.15692037 5.1064165 52.04447747
v 195.00293004 5.1033538 52.7888423
v 192.6823502 5.09925202 52.75525719
v 195.12769042 5.11221269 53.4010285
v 192.75191545 5.1098842 53.26117375
v 191.13931702 5.13799239 53.49976467
v 192.78282571 5.3238408 53.66045855
v 191.19241343 5.45810101 53.67602479
v 190.09044479 5.40439075 54.5557616
v 189.94622524 5.14347685 54.31326951
v 188.86896671 5.34918876 55.96041051
v 188.6726905 5.12223342 55.65930771
v 186.57619431 5.42994309 56.91813216
v 186.51028881 5.09136088 56.68568104
v 184.37845993 5.57759674 56.83817205
v 184.37554915 5.15132376 56.75009686
v 182.3414551 5.59805864 57.21747367
v 182.45885759 5.14889651 57.1062055
v 182.44297311 5.09387661 56.58849217
v 179.98881275 5.10571349 57.61586959
v 180.05441922 5.09150868 57.01355975
v 180.18454576 5.08551188 56.44540565
v 177.56526362 5.08462541 56.1291591
v 177.91208848 5.08161312 55.61144028
v 178.39085054 5.08079523 55.001586
v 176.41668679 5.08061553 53.59380409
v 177.0456244 5.07929011 53.21460123
v 177.76292252 5.079703 52.75191568
v 178.98471061 5.08108603 54.21967454
v 178.51116656 5.08104728 52.25537069
v 179.56087554 5.08218752 53.43393873
v 179.05667087 5.08451258 51.88759697
v 179.98807751 5.08524199 52.86397397
v 179.58661443 5.09557753 51.59331435
v 180.3686466 5.09955346 52.36957982
v 180.01955567 5.2891374 51.28485915
v 180.67846254 5.29703026 51.97289032
v 180.03571449 5.81286399 51.27244786
v 180.70626999 5.82353526 51.93315991
v 179.96220145 6.44049847 51.29911403
v 180.62757185 6.44251626 52.00406669
v 181.56326922 6.43961165 52.45431351
v 180.53937595 7.13579905 52.08500347
v 181.49786028 7.12003768 52.58664577
v 182.6428679 7.12846345 52.73982263
v 181.39139586 7.86781774 52.70469571
v 182.56288036 7.86109942 52.8807967
v 183.6927744 7.90352936 52.71802879
v 182.45996045 8.58076546 53.06972599
v 183.67320275 8.5823191 52.8915784
v 184.68869288 8.60520911 52.12134848
v 183.68210793 9.25147407 53.16073665
v 184.84446777 9.33967871 52.41380946
v 185.79358327 9.28116368 50.90174964
v 185.0548562 9.87761848 52.79735243
v 186.12232616 9.87368324 51.39929873
v 187.47931889 9.62252533 49.75732637
v 186.55267485 10.27098764 52.08586491
v 187.98043171 10.08441753 50.57456776
v 189.79906473 9.77868795 49.81660099
v 188.49547567 10.22403285 51.52223747
v 190.16807573 9.98114936 50.74939032
v 192.25496442 9.93720431 50.36617656
v 190.55092736 9.78763686 51.6829917
v 192.46909763 9.74265493 51.34020518
v 194.6183528 10.0089784 51.28619246
v 192.66666051 9.21379893 52.15685948
v 194.7759219 9.4848667 52.21267738
v 192.83305523 8.43925916 52.81793367
v 194.91070678 8.69756542 52.92605238
v 192.93701765 7.57202246 53.23868857
v 195.03376623 7.7850415 53.36477677
v 192.95739587 6.83522436 53.43993039
v 195.1109253 6.93996179 53.59372727
v 192.92252409 6.24252408 53.564806
v 195.19274272 6.27604061 53.70565936
v 192.86437153 5.77161338 53.66284533
v 195.21976554 5.72020041 53.82227174
v 195.20754628 5.16104992 53.90249522
v 197.37314682 5.12336166 52.64325926
v 191.26893877 6.2936778 53.71931617
v 191.26300198 5.84450298 53.78848361
v 189.9370073 6.33856174 54.48241316
v 190.00267961 5.85433339 54.53403361
v 188.60922666 6.38680365 55.77974444
v 188.72045642 5.86598921 55.85038785
v 186.53574238 6.49145157 56.63975048
v 186.55546767 5.94996228 56.75561665
v 184.35643839 6.62473374 56.67499811
v 184.3752556 6.08761439 56.77754217
v 182.10875707 6.67226476 57.05118868
v 182.21455209 6.12786125 57.13297592
v 179.71440905 6.60570357 57.56530263
v 179.79395216 6.05801035 57.69965405
v 179.89481175 5.52610249 57.93259899
v 177.14141413 5.89212727 56.7686699
v 177.062085 5.42044224 56.89591584
v 177.26038586 5.09676956 56.59982255
v 175.29620821 5.33793039 54.37697753
v 175.53885941 5.09865292 54.17837489
v 176.00348731 5.08458871 53.87243816
v 174.43308563 5.0854378 51.49295407
v 174.95686195 5.08143856 51.36205388
v 175.52720531 5.07940774 51.24610541
v 174.98444443 5.08263676 48.71252814
v 175.60075676 5.07956068 48.77476018
v 176.30266421 5.07849795 48.87218499
v 176.2361579 5.07861763 51.11955082
v 177.1780664 5.07908881 48.98304714
v 177.06649645 5.07901817 50.91159308
v 178.05133419 5.08100853 49.0879286
v 177.95030451 5.08074448 50.70958859
v 178.65544922 5.08483734 49.15965293
v 178.59368904 5.08456779 50.56892726
v 179.23070332 5.09734842 49.26238354
v 179.15009027 5.10182605 50.47707711
v 179.69719126 5.28253841 49.3201767
v 179.64140628 5.29601381 50.38415153
v 179.6960445 5.78700199 49.28142845
v 179.6522209 5.80312652 50.38726259
v 179.60762364 6.38145429 49.26037534
v 179.57791775 6.42151597 50.39865332
v 179.47729958 7.03189219 49.24765678
v 179.45597213 7.10281098 50.42879268
v 179.85408273 7.14540038 51.34939568
v 179.27922368 7.86291934 50.46828715
v 179.7000993 7.91110861 51.44277118
v 180.38105789 7.89555745 52.21244693
v 179.44026872 8.65159096 51.61391205
v 180.18638386 8.64073708 52.41037468
v 181.24301177 8.61133434 52.8927471
v 179.88721244 9.35352251 52.74812426
v 181.03845588 9.31026259 53.2331194
v 182.35443977 9.24039763 53.37694665
v 180.76363518 9.83224308 53.76526868
v 182.27607085 9.761929 53.83765691
v 183.77297594 9.7755592 53.53452946
v 182.20670862 10.07787523 54.41529232
v 183.93181251 10.11339807 54.06172959
v 185.39992801 10.20767151 53.35758898
v 184.0748469 10.17552766 54.64174629
v 185.74715341 10.29518654 53.9813415
v 187.08007799 10.34997871 52.85282465
v 186.06316951 10.12463479 54.72459249
v 187.63090456 10.16796397 53.69880626
v 189.01621775 10.00753287 52.45622843
v 188.07806502 9.65034118 54.4881195
v 189.44516181 9.43053266 53.27304185
v 190.87618609 9.21198235 52.48477111
v 189.71616914 8.58070304 53.89986701
v 191.10459613 8.39004676 53.07990962
v 189.82751413 7.64299474 54.24800323
v 191.21706318 7.52718893 53.42701431
v 189.8789974 6.88674433 54.40364919
v 191.25378404 6.85000084 53.5991867
v 188.4981176 7.84229678 55.51064105
v 188.54639106 7.00151827 55.68517829
v 186.48220702 7.9870868 56.37633148
v 186.51599789 7.1424577 56.54025712
v 184.3249575 7.99205378 56.3742355
v 184.34544546 7.24239207 56.55280559
v 182.07639279 8.04620247 56.73857993
v 182.0578362 7.3113637 56.93723194
v 179.67610523 8.14936346 57.12018055
v 179.64656943 7.32830886 57.38122373
v 177.28889014 8.03942276 56.32462874
v 177.25730224 7.16299779 56.54550257
v 177.20124292 6.45846487 56.6519423
v 175.69268921 6.99330203 54.21287631
v 175.59813952 6.3337429 54.25309504
v 175.44440849 5.79720481 54.3137359
v 174.36092784 6.36942845 51.5897424
v 174.18160606 5.83851612 51.59852139
v 174.01023474 5.31668318 51.62088037
v 174.1301996 5.88328278 48.7053184
v 174.0190247 5.36772476 48.62178633
v 174.44300589 5.09022818 48.65038937
v 175.18695371 5.40900966 46.19028125
v 175.49786154 5.11923108 46.2354217
v 176.05043294 5.08443885 46.40727586
v 176.57302409 5.0917549 44.23222694
v 177.10258357 5.08177909 44.42343328
v 177.65224144 5.08019579 44.61855175
v 176.5795809 5.07989264 46.57253481
v 178.35275523 5.08038063 44.87885969
v 177.23428484 5.07934841 46.82164954
v 179.15806818 5.08123658 45.20549288
v 178.02882706 5.08006136 47.12664253
v 179.91926671 5.08250405 45.53762391
v 178.78331516 5.08156956 47.41255219
v 180.48623016 5.08471731 45.76522464
v 179.37744958 5.08410655 47.63428746
v 181.01544122 5.09196238 45.97529483
v 179.88909443 5.09010644 47.83986939
v 181.46678815 5.23693809 46.17901122
v 180.35488005 5.22598219 48.03500981
v 181.42559824 5.76714296 46.16637497
v 180.32996419 5.75982828 47.98397646
v 181.28568039 6.33207112 46.11454054
v 180.20509407 6.34044991 47.9201203
v 181.11935699 6.91464162 46.08732568
v 180.04446604 6.95521014 47.88300713
v 180.88818157 7.61105603 46.05456908
v 179.83665644 7.67114957 47.83481049
v 179.29177764 7.76441139 49.25435625
v 179.52482682 8.46029615 47.75624953
v 178.99409864 8.518352 49.25773616
v 179.00558814 8.5964651 50.52447816
v 178.54183266 9.26935817 49.26026012
v 178.56751669 9.31524398 50.63937315
v 179.04343106 9.35009056 51.86367972
v 177.94162977 9.87005856 50.83190182
v 178.51140799 9.88142045 52.23530521
v 179.47535174 9.86862988 53.25940698
v 177.82581847 10.18301044 52.71082454
v 178.9616109 10.19082728 53.92727391
v 180.44337224 10.1369414 54.45725588
v 178.48628362 10.27548448 54.59277052
v 180.22855043 10.24596129 55.19622712
v 182.18134832 10.14287264 55.01651028
v 180.11355118 10.05666785 55.87495804
v 182.18684342 9.90510931 55.54744696
v 184.1766612 9.93190014 55.16691079
v 182.17924136 9.38265108 56.00928752
v 184.24539792 9.42104021 55.65731598
v 186.28308313 9.63856499 55.43414315
v 184.29624746 8.76442461 56.07617791
v 186.42308603 8.8977812 56.02113367
v 188.37271251 8.81252403 55.1271749
v 182.1320351 8.7585396 56.41231984
v 179.95732911 9.56173925 56.40486319
v 179.80690665 8.92049854 56.79269141
v 177.64258455 9.59009744 55.70091462
v 177.43014953 8.86318479 56.02333939
v 176.11138106 9.46544748 53.85926968
v 175.838168 8.69831164 54.03853111
v 175.75180472 7.83774182 54.14134403
v 174.88541197 8.70506923 51.57079625
v 174.65588535 7.85917575 51.58166024
v 174.5073833 7.04079189 51.58410739
v 174.63185836 7.94565924 48.94288876
v 174.4511484 7.14566101 48.8798282
v 174.28759587 6.43581646 48.78514134
v 175.53217641 7.14986943 46.51085694
v 175.37614089 6.46700655 46.43270749
v 175.25669179 5.9196079 46.32193313
v 176.48270478 6.50299903 44.29862352
v 176.35389509 5.93328803 44.21499269
v 176.24554593 5.40026326 44.12580367
v 177.00321092 5.89713095 42.25377794
v 176.93004904 5.36467749 42.2325712
v 177.2790467 5.08189878 42.31728843
v 177.26010055 5.31189178 40.2205371
v 177.66359925 5.07957612 40.30585239
v 178.24075181 5.08023043 40.4187776
v 177.83547536 5.08064914 42.45988661
v 178.825372 5.08080792 40.54133775
v 178.41634253 5.08057884 42.6136835
v 179.639228 5.08172422 40.68849552
v 179.19261898 5.08124207 42.81809672
v 180.56248115 5.08295774 40.80020813
v 180.09053378 5.08233738 43.05495928
v 181.36067214 5.08472863 40.85300276
v 180.92049922 5.08396424 43.26883187
v 181.95478735 5.08846313 40.89423657
v 181.51044715 5.08732289 43.42924042
v 182.52181664 5.10798471 40.93689696
v 182.05608315 5.11400415 43.57456009
v 182.93031663 5.39093935 40.93930021
v 182.49911747 5.2590968 43.69175957
v 182.77797103 5.8514785 40.90887553
v 182.4633239 5.80013583 43.68046211
v 182.63715882 6.37462623 40.85716729
v 182.34059366 6.3562394 43.64412259
v 182.49623961 6.96049056 40.85120307
v 182.21424757 6.92970101 43.60854575
v 182.32605895 7.66163723 40.82221595
v 182.00506352 7.63385071 43.55391301
v 182.05240969 8.45786015 40.8231158
v 181.67038109 8.38457653 43.48867965
v 180.58295265 8.39351618 45.92198443
v 181.1600476 9.12591269 43.36104415
v 180.13702949 9.14526127 45.71149724
v 179.08365529 9.19887568 47.63836968
v 179.59440029 9.73056509 45.48267843
v 178.52622253 9.76627345 47.49641895
v 177.9251582 9.83093261 49.25401606
v 177.89304357 10.10330774 47.30561315
v 177.17302945 10.1545725 49.21519648
v 177.17454932 10.16961162 51.0428938
v 176.41030557 10.21369251 49.13652578
v 176.40102728 10.23660284 51.2255955
v 177.14478306 10.21378726 53.1661906
v 175.71265592 9.99117536 51.35666029
v 176.53919756 9.95783253 53.55471565
v 178.01415518 10.09445764 55.23561185
v 175.19602899 9.439369 51.47181865
v 175.73915749 9.98895095 49.03980329
v 175.21465691 9.45243572 48.95649619
v 174.87506922 8.75401294 48.93365985
v 176.20909667 9.38250603 46.68130097
v 175.9320044 8.7100561 46.60661374
v 175.71753375 7.94962418 46.56646085
v 177.0197648 8.68527947 44.49012615
v 176.79444661 7.93045136 44.42853606
v 176.61620574 7.14953062 44.36682527
v 177.50886412 7.92886171 42.34908482
v 177.29330706 7.15023877 42.31728843
v 177.13683259 6.48869922 42.28710517
v 177.64453239 7.11437352 40.20109713
v 177.48361904 6.43429728 40.20200795
v 177.35111121 5.83641499 40.20481174
v 177.7981921 6.35079437 38.09665321
v 177.66814787 5.77132429 38.08829122
v 177.58632771 5.27050434 38.08394014
v 178.0763982 5.75395287 36.35618061
v 178.09403848 5.26321778 36.3381782
v 178.53111681 5.09080465 36.47875173
v 178.01926894 5.08414085 38.19347446
v 179.03612256 5.08417068 36.66065234
v 178.57819413 5.08109152 38.33061321
v 179.56708667 5.08279073 36.83500302
v 179.14598609 5.08132471 38.47083559
v 180.20426007 5.08294574 36.97431458
v 179.9115028 5.08211345 38.61982597
v 180.90701799 5.08431505 37.04448063
v 180.72219836 5.08326501 38.65905158
v 181.47260149 5.08730094 37.05242561
v 181.40413362 5.08517958 38.62744174
v 181.98980454 5.09588994 37.04221455
v 181.95928384 5.09112974 38.59179905
v 182.45813332 5.14085276 37.03071957
v 182.47256104 5.11659566 38.55286973
v 182.62709865 5.51365382 37.03456586
v 182.71130559 5.43647555 38.54877653
v 182.52189346 5.96481317 37.04811294
v 182.60473966 5.92548125 38.55669408
v 182.44224061 6.39719817 37.06160514
v 182.50678263 6.43311966 38.55811518
v 182.40272968 7.01796618 38.48249518
v 182.27893773 7.7221728 38.42666082
v 182.13294592 8.45579589 38.32625116
v 182.00890432 8.58030336 36.37830914
v 181.85220489 9.05911172 38.267827
v 181.6402335 9.1517969 40.81709671
v 181.42231161 9.49995044 38.18385598
v 181.08522045 9.70137401 40.70108239
v 180.56507095 9.72150173 43.18757137
v 180.44524875 10.05884935 40.53021038
v 179.90655913 10.10746953 42.98123225
v 178.98807955 10.09836178 45.23710821
v 179.20991907 10.1972668 42.76749684
v 178.33654154 10.16214189 44.97184014
v 177.22760183 10.17127903 47.06063552
v 177.75104894 9.89681801 44.73751252
v 176.63290776 9.91684602 46.82896902
v 177.3166866 9.36576328 44.57805868
v 178.58608973 9.93302092 42.58684174
v 178.12060589 9.40064552 42.46693175
v 177.78029943 8.71293191 42.39428015
v 178.59230635 9.39116524 40.15542993
v 178.2077099 8.70409634 40.15860134
v 177.87540878 7.9018322 40.18981064
v 178.55545655 8.42146902 37.9402775
v 178.17256103 7.69266117 38.05231384
v 177.94265582 6.99940617 38.09728968
v 178.49908997 7.4064391 36.37292652
v 178.30554622 6.82624545 36.42363066
v 178.17767479 6.28298115 36.40731272
v 178.71816959 6.6482436 35.23503262
v 178.61910421 6.1975839 35.20726908
v 178.54745121 5.72603535 35.15832622
v 179.07251695 6.13240472 34.29591145
v 179.02688267 5.68929906 34.2735799
v 179.07222614 5.25907074 34.27574173
v 178.62427284 5.27500906 35.16277059
v 179.46159617 5.10818636 34.49817383
v 179.02239442 5.09538618 35.34017197
v 179.90746446 5.08870558 34.75013625
v 179.4892829 5.08653758 35.54214903
v 179.95693405 5.08416382 35.73392051
v 180.50681689 5.08397487 35.88613718
v 181.09719279 5.08623512 35.96059945
v 181.70266582 5.10442991 35.09050855
v 181.60746045 5.09062529 35.93679193
v 182.12789252 5.15265398 35.02518191
v 182.08314163 5.10266314 35.91868527
v 182.46704948 5.30633049 34.97821433
v 182.49638502 5.23017484 35.9036348
v 182.4260571 5.63220787 34.98983003
v 182.57829022 5.59094697 35.9054729
v 182.30940905 6.04484015 35.01532201
v 182.4606079 5.97812328 35.90598866
v 182.23944875 6.45510931 35.08065414
v 182.37603059 6.36999669 35.90092428
v 182.05743292 6.15945086 34.36995124
v 182.02141712 6.63896153 34.51682369
v 182.00916495 7.19633462 34.78516989
v 182.03509314 7.88449747 35.33168927
v 181.69867138 6.8249358 34.10359128
v 181.71248731 7.44787832 34.41935499
v 181.76811865 8.23049553 35.01301753
v 181.6999169 8.97664188 36.14104604
v 181.29391069 7.62234252 34.1990902
v 181.30152646 8.41102254 34.82077417
v 181.20668597 9.18609548 35.98241523
v 180.88009393 9.77918593 38.04962527
v 180.75094954 8.41530213 34.78255814
v 180.62179967 9.18373844 35.91882793
v 180.25244025 9.82677764 37.90415197
v 179.75246047 10.14580635 40.35502021
v 180.00334197 9.00639433 35.96613021
v 179.60594466 9.57499878 37.82370901
v 179.10013235 9.90875894 40.22037249
v 179.03037781 9.08882927 37.8349955
v 179.38639866 8.60530513 36.0904681
v 178.86843842 8.02389459 36.26420974
v 180.19342899 8.30931506 34.83446939
v 180.78370614 7.69515153 34.11701764
v 180.26524111 7.65691064 34.14629557
v 180.79849873 7.07959501 33.70971105
v 180.29459585 7.06140742 33.74732352
v 180.8100431 6.46747499 33.43667358
v 180.27691716 6.50822218 33.49142702
v 179.70666708 6.54554111 33.76512841
v 179.15784321 6.56856091 34.33895592
v 180.22067677 6.07056293 33.28082461
v 179.62903889 6.09576205 33.64971216
v 180.14081543 5.65848687 33.08474044
v 179.56442554 5.67734558 33.57980948
v 179.59922325 5.25566339 33.5929615
v 179.93683017 5.10305648 33.84145621
v 180.34725331 5.09270756 34.12526989
v 180.82394133 6.01297929 33.18383875
v 180.84082442 5.67478527 32.93926165
v 181.35028551 5.94524048 33.34607992
v 181.46237671 5.60284181 33.1065672
v 181.80079843 5.87569959 33.68204078
v 181.93846118 5.51362296 33.51505896
v 181.81887766 5.27054618 33.56468767
v 182.30248188 5.45873577 34.16682193
v 182.07383042 5.21938629 34.24229928
v 181.66124546 5.12323546 34.36304876
v 181.46832722 5.15339711 33.80117712
v 182.15361221 5.75202801 34.25527572
v 181.70870411 6.29363356 33.88641011
v 181.29129071 6.41523316 33.55971657
v 181.27295909 6.97715864 33.84001865
v 201.21076581 5.87602023 43.02648244
v 201.72675901 5.70482827 35.89135519
v 199.77901452 5.11051656 42.60613357
v 199.64033396 5.90098444 42.96000905
v 200.96192542 5.11742281 42.62407562
v 201.27532977 5.1111887 36.79650717
v 200.37372231 5.98357414 43.20194696
v 200.33286161 5.4832144 43.70974003
v 201.45969399 5.44407795 43.33957953
v 201.50590713 6.11768277 42.2890146
v 200.4668948 6.37284574 42.18755695
v 202.16224066 5.62245188 42.35019866
v 201.78276895 5.91546737 36.46044205
v 202.26504809 5.56588228 36.45174537
v 202.00198025 5.43883524 35.72518542
v 201.34403907 5.7109108 35.65416342
v 201.15227855 6.03502963 36.34087225
v 201.70598299 5.40928401 35.27852153
v 201.09802167 5.38126704 35.05373557
v 201.39200526 5.40661156 35.09615454
v 201.57983992 5.17113546 35.03984282
v 201.29337882 5.15574172 35.11391552
v 199.44058731 5.11202133 43.05811423
v 198.97174002 5.10489938 41.94644207
v 199.67568859 5.10680092 41.79521853
v 200.50177756 5.10851488 41.76049763
v 200.33699597 5.11363653 42.70542391
v 200.2876416 5.12152904 43.43118826
v 199.31094636 5.54150721 43.26018457
v 199.49921723 6.13607269 42.09935007
v 198.89095688 5.69636375 42.06177052
v 201.23455961 5.1354578 43.1243462
v 201.34977284 5.11230391 41.94865876
v 202.04115648 5.13623625 42.26417007
v 201.71410081 5.11580521 36.57541935
v 201.89428952 5.11057108 37.4990072
v 201.17101346 5.10825254 37.48696901
v 200.92730603 5.11248223 36.48107816
v 201.44967771 5.12026261 36.05619713
v 200.49999981 5.10825357 37.31558673
v 199.94555191 5.1132113 37.06681767
v 200.54373014 5.1190116 36.2392445
v 201.00984497 5.10667781 38.80403107
v 200.08193347 5.10557735 38.6450491
v 199.37872837 5.1048716 38.47666813
v 198.92754879 5.22129126 38.35077745
v 199.51341998 5.1394296 36.87250576
v 199.73761062 5.10516549 40.46672733
v 198.97459045 5.1041223 40.41860751
v 198.50447843 5.23658967 40.382471
v 198.86161037 5.75631565 40.44170722
v 199.24218495 5.7472078 38.41531398
v 198.5686007 5.24069008 42.04979269
v 199.1889157 5.11113417 43.32005177
v 200.29649192 5.13113278 43.84968258
v 201.55009561 5.18531627 43.54326301
v 202.52246994 5.21636954 42.46631174
v 202.56815908 5.11797253 40.87077472
v 202.9263637 5.34365079 40.91436788
v 202.50317811 5.76969264 40.82615552
v 203.04202686 5.29673877 38.83699616
v 202.62155727 5.75939104 38.84298782
v 201.90729065 6.28083921 38.74920629
v 201.77478555 6.32105383 40.78164606
v 200.82185394 6.56674785 38.62780936
v 200.59129305 6.57517499 40.66577989
v 199.84312307 6.28713985 38.50317518
v 199.52392185 6.28712579 40.53507174
v 201.03963043 6.32205176 37.19358624
v 200.20998872 6.10849878 37.07246914
v 199.65564781 5.61511971 36.93116585
v 200.53287437 5.89530657 36.19973357
v 200.1123362 5.5401036 35.96838531
v 200.14177599 5.15882225 35.95816328
v 200.69055596 5.43160733 35.29451575
v 200.78377234 5.15679142 35.41350395
v 201.12297045 5.12533384 35.7208508
v 201.57743392 5.14313358 35.41547922
v 201.89365304 5.13761894 35.8363274
v 201.8809674 5.18654567 35.20498105
v 202.21603939 5.1890638 35.65097555
v 202.55827998 5.27602756 36.33225238
v 202.2473502 5.13004329 36.42760315
v 202.83408009 5.29190003 37.26787842
v 202.54206354 5.1203912 37.33422561
v 202.73744264 5.11781958 38.85092183
v 201.9852508 5.1088849 38.87338507
v 201.75797928 5.10828855 40.7393917
v 200.71850331 5.10645902 40.57339202
v 202.46570281 5.69842921 37.34399772
v 201.8676837 6.11472055 37.31947691
v 200.97185665 5.63397224 35.48554651
v 246.20319405 5.37273462 34.28740132
v 243.12503701 10.73087113 5.3814121
v 249.55886585 12.72932297 1.61525132
v 235.23011037 5.59153098 -14.29125
v 245.69121587 11.62039989 1.61079598
v 241.86555139 5.59415816 4.31149225
v 247.55343382 12.26163597 0.54330133
v 222.10268177 9.26420094 -13.22858653
v 290.14808612 5.2158915 -42.37096919
v 237.95761821 5.15148151 -3.50986099
v 243.7624724 5.21901421 40.0344116
v 243.6645236 5.30329969 40.00380037
v 246.71563039 5.41603903 33.38091055
v 252.42951096 12.56405579 3.55516605
v 244.76291754 5.30780783 1.22619953
v 297.38958178 9.81609321 -53.07994254
v 251.41633355 5.16326455 -2.68994474
v 221.46777376 5.14705292 -16.2561629
v 235.60112751 5.16913859 -13.14499
v 295.40159112 5.20703089 -35.43648157
v 289.82253385 10.14267395 -49.71845192
v 224.2408442 10.76039821 -15.59736233
v 227.85172595 5.13690565 -11.23051376
v 244.42805268 11.78147476 3.76958458
v 243.92292897 5.82983521 39.07830309
v 243.31562745 5.15848721 37.67553068
v 244.71739027 5.65323046 1.48690801
v 244.98769939 7.90906955 1.49313287
v 244.76547305 7.55100673 1.75155332
v 286.26307158 5.19841274 -38.17696174
v 284.69015143 5.21050476 -40.90666844
v 299.2565541 5.22932232 -51.95695645
v 289.32259796 5.20790159 -50.29941236
v 246.00896719 5.16923941 -0.56672202
v 246.0237982 5.98085677 34.51867276
v 245.67000913 5.79828504 35.74134973
v 245.73055122 5.39359568 35.66693136
v 245.42643339 5.2046465 35.6298127
v 245.77306347 5.20099431 34.29683325
v 246.56852886 5.75380335 33.48863969
v 246.34053308 6.19237274 33.40245199
v 246.45928808 5.25314938 33.38430143
v 246.10582274 5.19196395 33.16027814
v 242.93715023 10.93281548 4.93809245
v 242.59740754 10.06637476 4.74115782
v 242.91230432 10.03872777 5.35607374
v 243.4870262 10.02058253 5.72218768
v 243.59029452 10.87807918 5.55057495
v 243.52442743 11.3954537 5.13603118
v 247.12962822 12.45897886 2.62652753
v 252.0415785 12.59129654 1.58034936
v 252.46787239 12.40830061 -0.65678757
v 251.27843212 12.51454162 -0.70897179
v 250.24776806 12.32614061 -1.08051087
v 247.64911381 12.63909864 3.69578896
v 249.76024759 12.76955302 3.4589703
v 235.99594119 5.25420114 -13.61569528
v 235.58472864 5.23735406 -14.04822295
v 234.4001511 5.19685172 -14.6045453
v 234.60954709 6.03243057 -14.43701411
v 236.27854433 5.95546218 -13.01050483
v 236.56000552 5.53163222 -12.91907168
v 236.49037169 5.22460978 -12.73630895
v 244.52684372 11.20774223 0.60291065
v 244.29557365 10.65901351 0.69087336
v 245.01586348 10.70705538 1.45585509
v 244.94681126 10.70055124 2.11574412
v 245.2434258 11.4463449 2.45893393
v 245.8714814 12.10651299 3.16553265
v 245.0934807 11.55548837 0.13812913
v 242.22759682 5.80953655 3.74374418
v 242.47183236 5.37249937 4.21475055
v 242.06942005 5.64498815 4.89875162
v 242.10292698 6.43567757 4.39195989
v 242.32033448 6.53293572 3.70829902
v 242.26955078 6.3834083 5.01079892
v 247.47568766 11.97869642 -0.20238308
v 245.24285105 11.4709042 -0.35042287
v 249.77140376 12.07227991 -1.48203431
v 222.02074947 9.71639362 -13.68092933
v 221.68740138 8.945406 -14.20936606
v 221.91405803 8.62446235 -13.47527264
v 222.3091848 8.55637376 -12.45208307
v 222.45932572 9.56192495 -12.46873571
v 222.58638441 10.41718419 -12.70962151
v 289.79265237 5.34589458 -42.74225999
v 290.23458109 5.22821466 -43.85595955
v 290.74589673 5.20759912 -43.95915106
v 288.76141767 5.21599506 -41.48090473
v 288.88046623 5.25046905 -42.03707276
v 291.70985147 5.20408582 -44.13405729
v 291.59606482 5.20496028 -42.51245354
v 240.05703478 5.15677942 -2.67509317
v 239.95185017 5.15541902 -2.17078151
v 237.88088369 5.15108199 -2.49178243
v 238.73508393 5.15895942 -4.18277584
v 240.33854124 5.16464656 -3.18543489
v 237.12327699 5.14952098 -5.31725142
v 237.68854157 5.15486382 -5.74338757
v 236.36150233 5.14743529 -3.44109271
v 236.1778226 5.14682796 -4.97721793
v 236.2050745 5.14818356 -2.61942753
v 243.76403205 5.27212639 40.02502905
v 243.65665543 5.24119967 40.04357467
v 243.68510621 5.18918691 39.97919726
v 243.84701405 5.18683168 39.95134592
v 243.87387638 5.26778457 39.97147723
v 243.76050948 5.16651381 39.87129802
v 243.73993236 5.32772722 39.97180096
v 243.57575432 5.34119473 39.92893207
v 243.5337647 5.24742521 39.95976826
v 243.65953329 5.39905306 39.88948149
v 247.14128644 5.53418465 32.34840839
v 246.9960381 5.93395846 32.26005337
v 246.99876233 5.27199265 32.24105784
v 254.05226832 11.99916809 2.93721314
v 253.614452 12.06841475 1.24003192
v 254.50330524 12.0369294 5.32929509
v 255.30789667 11.66543781 4.81684367
v 251.89518614 12.51522627 4.90558825
v 253.99293334 12.0438149 6.0116062
v 249.72776396 12.68126367 4.63530244
v 245.65772541 5.19332778 1.956614
v 245.15917633 5.18425011 3.26181894
v 244.54085855 5.24068425 2.65389328
v 244.20338743 5.47302288 2.2055559
v 246.76430987 5.16745549 0.18791147
v 243.88997896 5.63925232 0.63628726
v 244.08368594 5.29068264 0.22797109
v 296.40696073 9.71922502 -53.06832135
v 296.73668851 10.66311171 -52.54744484
v 298.00677201 10.18656085 -52.64404388
v 297.79103389 8.91785044 -53.32030297
v 296.54128472 8.58874851 -53.35085659
v 298.87993555 9.19742114 -52.81187342
v 249.50873235 5.16137433 -0.89719739
v 248.75300696 5.16112708 -1.55255838
v 250.38490681 5.16206293 -3.36421348
v 253.00162658 5.16648569 -3.02667377
v 253.3858609 5.1683327 -1.14703776
v 252.15194682 5.16461638 -0.73284515
v 252.08205786 5.16400837 -5.27890233
v 253.1359588 5.16616608 -5.24645849
v 250.39581745 5.16194771 0.20296743
v 251.2101508 5.16287739 -5.4776778
v 221.08432749 5.17234086 -16.48962085
v 221.69514712 5.16337875 -16.9649159
v 221.88734007 5.14481599 -16.47076181
v 221.9583463 5.1385301 -15.89880325
v 221.41211704 5.14415414 -15.77400309
v 220.84646221 5.17607536 -15.73816562
v 235.8992578 5.21993326 -13.49160979
v 236.09109513 5.16337669 -12.57674537
v 235.56666518 5.14982619 -12.40300784
v 235.13724583 5.15673107 -13.20119952
v 235.52303019 5.17581268 -13.76936871
v 234.91906674 5.14657933 -12.30126487
v 294.22638104 5.20572262 -35.4244187
v 293.96717047 5.20526412 -36.96066874
v 295.41474863 5.20664647 -36.75197713
v 296.39246991 5.20789816 -36.46321018
v 295.95576468 5.20939024 -34.8402841
v 294.46080194 5.20713411 -34.40014615
v 289.73997845 10.35620659 -48.98218296
v 290.77158076 11.11768054 -49.37198645
v 290.60098858 10.49044413 -50.22953437
v 289.41970453 9.42081233 -49.94326531
v 289.06070432 9.41072035 -48.87609713
v 290.39027094 9.54081603 -50.84003336
v 224.24720193 9.92175818 -16.07251952
v 223.34498663 9.81168447 -16.18997413
v 223.63183626 10.90344428 -15.46613087
v 224.57978632 11.68480225 -14.65433588
v 225.10011671 11.17239284 -15.18486996
v 225.49161821 10.20246906 -15.77988295
v 227.67869529 5.1367647 -12.43156973
v 229.49672021 5.13878387 -12.06709225
v 229.03854265 5.13822112 -10.43446264
v 226.85376893 5.1357853 -10.4065002
v 226.11435146 5.13498113 -11.99613197
v 228.10109788 5.1371745 -8.93483195
v 244.09683659 11.41551608 3.4897818
v 243.65436329 11.53578881 3.97499916
v 244.31483256 11.90361156 4.22683538
v 245.00879914 11.91212975 3.54625263
v 244.69610808 11.3743458 3.02397148
v 245.19939507 12.17372265 4.20847083
v 243.96530404 6.09088114 38.50029457
v 243.74921476 6.13982982 38.53051075
v 243.79104664 5.77904054 39.23848119
v 244.04025602 5.72890841 39.20265744
v 244.17542224 5.99498339 38.48801497
v 243.8984013 5.65206038 39.44208236
v 243.10341327 5.15734903 36.78538529
v 243.46758623 5.15704519 36.75795095
v 243.59193509 5.15793681 37.82661157
v 243.11185207 5.16033731 37.87729924
v 242.73431859 5.15829825 36.86713412
v 243.51410114 5.15873857 38.3874791
v 244.24656907 5.96166714 2.04449166
v 244.68578591 6.06270642 1.29543282
v 243.88282683 6.05282903 0.70867001
v 244.54716708 8.32996814 2.13630066
v 244.88551473 8.50978443 1.59174558
v 244.5367873 8.66781752 0.99323265
v 244.49057416 8.03387125 0.97951274
v 244.48064019 7.52093733 0.99493358
v 244.5292456 6.99540967 1.07258098
v 244.51437207 6.90088981 1.93166248
v 286.98964798 5.20054782 -39.92929969
v 288.55517732 5.20476584 -40.34528788
v 288.42692729 5.20111845 -38.90184682
v 285.11347968 5.19753347 -38.50440972
v 285.91651009 5.19902247 -39.85421054
v 288.54180034 5.20043259 -37.21722229
v 286.51804628 5.19849778 -36.56280779
v 285.41910914 5.20238009 -40.91683697
v 285.08181497 5.19907836 -39.93877413
v 284.40330351 5.20347197 -40.12198474
v 283.91716162 5.23913558 -40.41204659
v 284.5334081 5.2430947 -41.36814824
v 285.56054959 5.21166318 -41.65516625
v 299.69166265 5.26196403 -52.37096526
v 300.01740148 5.28169412 -51.39118366
v 299.31232261 5.21942984 -51.21616906
v 298.32039035 5.21340114 -51.29710035
v 298.3941064 5.21960405 -52.20639766
v 298.63305946 5.23314083 -52.91776721
v 289.40209718 5.20433101 -49.75558429
v 288.74396395 5.20662349 -49.56636968
v 288.86362154 5.2142739 -50.49497253
v 290.18695509 5.2074088 -50.78043227
v 290.37486382 5.2040649 -50.22514213
v 289.91977759 5.22254226 -51.27707877
v 248.16088623 5.16122104 -2.2295143
v 244.55367587 5.18163321 -0.59351028
v 244.76518774 5.16589962 -1.24020064
v 246.19653025 5.16298815 -1.59916383
v 234.86004931 5.15180832 -14.15879498
v 233.79244767 5.15734045 -14.36814707
v 234.64152249 5.15270199 -13.82280325
v 233.46237695 5.14797266 -13.89045426
v 231.85474586 5.14494871 -14.16427224
v 231.98828111 5.15497767 -14.65114458
v 232.19535547 5.21290493 -15.05963428
v 229.97737456 5.15074661 -15.19810702
v 230.06796239 5.1893306 -15.64039788
v 230.1649503 5.33958159 -16.00958104
v 232.43366382 5.48293731 -15.21052792
v 230.03915531 5.78602635 -15.96637745
v 232.17974945 5.94949692 -15.19326349
v 229.9187731 6.22969853 -15.87962322
v 232.06801661 6.34548102 -15.11213056
v 234.35569376 6.42547028 -14.43372336
v 236.11205564 6.36595527 -13.0090611
v 232.00831263 6.74272402 -15.04041447
v 234.28340429 6.86590521 -14.35416036
v 236.01904159 6.90909405 -13.01484563
v 236.59966048 6.76810626 -11.28256218
v 236.73070675 6.26649209 -11.35621651
v 234.11294585 7.51472311 -14.23966591
v 235.82261038 7.60973987 -12.97155357
v 236.43714359 7.42097759 -11.15716395
v 236.69951322 7.29764962 -9.31889481
v 236.86208155 6.62877036 -9.46531734
v 235.53174128 8.4307708 -12.7994717
v 236.19750879 8.30504353 -10.9112851
v 236.50637619 8.19258745 -9.07845892
v 237.06704346 8.21176388 -7.28643584
v 237.24499079 7.26449077 -7.52547943
v 235.82028464 9.45032387 -10.49140123
v 236.20247167 9.38153485 -8.64415832
v 236.84337202 9.36268961 -6.93703764
v 237.77992671 9.25723837 -5.43879375
v 237.96251661 8.22377669 -5.73415591
v 235.71690109 10.70893613 -8.06995632
v 236.4635608 10.5533532 -6.46753329
v 237.53380026 10.24991307 -5.06865794
v 238.90251842 9.9189411 -3.85847731
v 239.03864622 9.13083759 -4.15335525
v 235.91673895 11.45580203 -5.94101217
v 237.26028337 10.98634047 -4.64404302
v 238.78292667 10.46450208 -3.56509865
v 240.34749718 10.18733388 -2.67726459
v 240.42257398 9.715725 -2.89550473
v 236.97278252 11.47266557 -4.1470385
v 238.6288431 10.87766171 -3.20191881
v 240.25084601 10.57700776 -2.4043931
v 241.88183779 10.5613656 -1.76713877
v 241.96151258 10.15831197 -2.0037215
v 238.4590184 11.10967375 -2.80183568
v 240.13587009 10.83891174 -2.05806892
v 241.77682464 10.8623789 -1.44418315
v 243.40834178 11.07474525 -0.90334131
v 243.51850847 10.76018088 -1.25818111
v 240.00616878 10.94635321 -1.6564234
v 241.66221359 10.99856855 -1.03562007
v 243.32726098 11.18340326 -0.44478601
v 241.61909505 10.91676712 -0.62606249
v 243.11302763 11.01872057 -0.04750392
v 241.62142148 10.47625732 -0.49374395
v 243.0549368 10.55188467 0.05241604
v 241.63565167 9.99943143 -0.43905497
v 243.00649874 10.03851151 0.09001205
v 244.12524073 10.05368535 0.63188405
v 244.76526318 10.03532531 1.24209773
v 242.93710907 9.48651885 0.0919736
v 243.9705248 9.43376605 0.5800167
v 244.65762731 9.35548115 1.08926928
v 244.91841261 9.22765138 1.76834314
v 244.94735858 9.9767263 1.89141082
v 243.8452075 8.79867226 0.53077481
v 242.90513024 8.87903412 0.09909007
v 242.86705276 8.23683132 0.09200378
v 243.78972293 8.16353055 0.5009098
v 242.84425757 7.59655904 0.0981573
v 243.77799338 7.57383278 0.51207831
v 242.85860161 7.00146409 0.14001387
v 243.81691173 7.01934338 0.56573987
v 242.83327149 6.47791513 0.19200467
v 243.87048687 6.50666117 0.66057488
v 244.61800253 6.52183441 1.22237519
v 244.35415556 6.41839085 2.00600678
v 243.48750218 5.6752904 2.5639992
v 243.5766089 6.25247074 2.52590388
v 243.70227599 6.80968265 2.55667698
v 242.79741344 6.01991606 3.09336389
v 242.91045936 6.65967926 3.11792311
v 243.05312202 7.41878284 3.15749439
v 243.83160693 7.46526175 2.58130203
v 243.13056914 8.23190394 3.20597635
v 243.8303669 8.25258 2.69099273
v 243.17028309 9.0808368 3.27352517
v 243.83217482 9.08624505 2.78526808
v 244.47225488 9.13497031 2.31477473
v 243.83601837 9.9295437 2.89984209
v 244.47031939 9.93511326 2.46637686
v 243.87300397 10.74806461 3.11001653
v 244.4980898 10.70775108 2.66937997
v 243.19132659 9.96526488 3.36293366
v 243.29654961 10.83864931 3.5760765
v 242.72422412 10.03409707 4.0027627
v 242.95284404 10.9256606 4.2389202
v 243.49479697 11.54821313 4.54701875
v 244.25608879 11.61309576 5.32006344
v 244.26965644 11.90491041 4.76652635
v 245.11528825 11.83807214 5.50314647
v 245.19271755 12.14277329 4.85987991
v 246.24148964 12.03598 5.59952054
v 246.2967712 12.38468582 4.81030332
v 246.22515661 12.39857943 3.98834871
v 247.77067809 12.57853443 4.68290376
v 247.74582395 12.19986397 5.60795934
v 249.64173949 12.32722032 5.71849777
v 247.63848437 11.53286782 6.319809
v 249.51505048 11.58760901 6.53760744
v 251.38629295 11.38843522 6.74722771
v 251.60897745 12.12434839 5.96561528
v 253.08478005 11.09342709 7.31953536
v 253.48679181 11.7603006 6.73199068
v 254.39385596 10.83774115 8.21363953
v 254.88205818 11.42088987 7.86598341
v 255.4738936 11.68062349 7.44260304
v 255.80476539 11.0347384 9.19382442
v 256.44050671 11.24945057 8.98681041
v 257.0903438 11.20477161 8.72897705
v 256.08527598 11.64789116 7.0011407
v 257.67197364 10.85277405 8.44334996
v 256.68879842 11.28966296 6.55583207
v 258.17665292 10.27912775 8.16110278
v 257.26260124 10.64374529 6.17583636
v 256.09291095 10.89217623 4.35563958
v 255.17577291 11.07198411 2.58441034
v 257.73679 9.75083795 5.86986945
v 256.70491609 9.88372866 4.03134105
v 255.87496985 9.93597508 2.29819342
v 255.3431882 9.99841687 0.56903199
v 254.67342007 11.16243829 0.87256273
v 257.06870908 8.82795259 3.82543814
v 256.24412352 8.79569701 2.10470728
v 255.69002952 8.80626163 0.37436344
v 255.3282941 8.83743955 -1.43368541
v 255.00451956 10.02625663 -1.26825637
v 256.43943129 7.79130338 1.97675355
v 255.87675857 7.75032472 0.25113115
v 255.50778323 7.72325217 -1.53890842
v 255.23604889 7.69482917 -3.41509456
v 255.07576927 8.8083487 -3.35873484
v 255.99199101 6.98704666 0.17372518
v 255.62142173 6.91542384 -1.59751914
v 255.34508116 6.84785547 -3.44600071
v 255.06857051 6.76413411 -5.37912956
v 255.00108479 7.62506829 -5.38207601
v 255.73330992 6.31336399 -1.63391764
v 255.44445656 6.2273745 -3.46256968
v 255.1665879 6.15967445 -5.38166175
v 255.2969586 6.1289089 -7.43729176
v 255.23294606 6.71960202 -7.45291972
v 255.51954159 5.64466923 -3.46435291
v 255.2766517 5.61349697 -5.37047951
v 255.41239405 5.57277001 -7.40005102
v 255.62416791 5.60532633 -9.62342415
v 255.5770028 6.15595435 -9.65981854
v 255.02573453 5.23221835 -5.34004935
v 255.18537493 5.19317621 -7.39611419
v 255.33589066 5.20711388 -9.56667074
v 254.97556262 5.20835734 -11.53442995
v 255.18764649 5.60069268 -11.56710013
v 254.64512978 5.17182098 -7.41754178
v 254.76397257 5.17012657 -9.51838494
v 254.4843975 5.17541145 -11.41212357
v 254.10018239 5.17704242 -12.98526593
v 254.54021265 5.27299503 -13.05212203
v 254.18679532 5.16726379 -9.46582762
v 253.95195467 5.16798463 -11.30472912
v 253.62804297 5.16835088 -12.92937739
v 253.61154122 5.17191426 -14.36710731
v 254.00598111 5.18188252 -14.29605787
v 253.37230833 5.16564345 -11.21673624
v 253.16532451 5.16621306 -12.89805081
v 253.20809738 5.16679672 -14.44419779
v 253.66187225 5.16772092 -15.82226489
v 254.03754431 5.17180658 -15.58646678
v 252.57225181 5.16463833 -12.88797692
v 252.72605692 5.16523331 -14.55330757
v 253.25702652 5.1667686 -16.07014027
v 254.23983412 5.1680275 -17.19751379
v 254.541738 5.16867255 -16.78331501
v 252.15481097 5.16479642 -14.71409952
v 252.79601447 5.16692772 -16.34866598
v 253.85927052 5.1685268 -17.68152404
v 255.38430129 5.16862762 -18.30159556
v 255.55512117 5.16846405 -17.70967373
v 252.28254523 5.16834059 -16.65785505
v 253.48702226 5.17029083 -18.15697992
v 255.23666067 5.1698584 -18.8898748
v 257.05032808 5.16967733 -18.90071102
v 257.06253087 5.16943282 -18.3447021
v 253.21559518 5.17315395 -18.5193165
v 255.08727523 5.17239847 -19.36081705
v 257.06697249 5.17058438 -19.40611971
v 258.85814923 5.17133505 -19.1347619
v 258.79984304 5.1710175 -18.70131382
v 254.97376842 5.17766004 -19.81733501
v 257.09677441 5.17344269 -19.80951177
v 258.9210589 5.17186213 -19.54930087
v 260.62749647 5.1732239 -19.35459837
v 260.58504732 5.1730106 -18.93979089
v 257.13136636 5.18482588 -20.24168004
v 258.98647333 5.17123286 -19.97129855
v 260.66625021 5.17308536 -19.74357609
v 262.22415554 5.17619813 -19.71773809
v 262.26628919 5.17606541 -19.34156363
v 259.02120245 5.44476689 -20.15579274
v 260.68129245 5.47155515 -19.81654078
v 262.22462193 5.4866845 -19.71587461
v 263.63512807 5.5409839 -19.98827286
v 263.63556976 5.24243936 -20.01922188
v 260.67979728 5.89493552 -19.68179191
v 262.23472325 5.88343436 -19.57535492
v 263.67917664 5.88023243 -19.83871219
v 264.89166175 5.90016553 -20.68124718
v 264.78611638 5.55452755 -20.78124447
v 262.25416871 6.29271451 -19.47460918
v 263.74778716 6.27406259 -19.7285016
v 264.97299632 6.28614844 -20.59481308
v 265.82382832 6.30252606 -21.96754549
v 265.70887297 5.91034847 -22.0194798
v 263.78982754 6.77859372 -19.63966546
v 265.04041894 6.74867521 -20.52022324
v 265.92120649 6.7423612 -21.9060942
v 266.64825751 6.74940908 -23.61512371
v 266.53086325 6.26919437 -23.68607602
v 265.12187971 7.29905906 -20.43265456
v 266.02978061 7.30845806 -21.8102016
v 266.77974204 7.40068132 -23.50594715
v 267.76744942 7.50126039 -25.24880448
v 267.6433557 6.80753043 -25.36247779
v 266.13969627 7.94406067 -21.68771004
v 266.91666132 8.1184285 -23.37183854
v 267.9000039 8.27172865 -25.12469652
v 269.07896425 8.31555243 -26.89753255
v 268.92836896 7.52551715 -27.01719255
v 267.04813763 8.7915882 -23.22182592
v 268.03495065 9.00401834 -24.98579031
v 269.23733444 9.10162911 -26.76459263
v 270.47824701 9.05025806 -28.54454529
v 270.30564389 8.23001217 -28.69674206
v 268.17904126 9.59361932 -24.83286756
v 269.41096085 9.75799158 -26.61955347
v 270.71036068 9.73981209 -28.35000362
v 272.16017748 9.7080331 -29.87776548
v 271.9293011 8.98058453 -30.15263077
v 269.65408393 10.25899703 -26.39953354
v 271.00493411 10.32962 -28.07099438
v 272.42609574 10.34626394 -29.55836124
v 274.01927066 10.38336175 -30.86454627
v 273.80069034 9.74859673 -31.19494825
v 271.28727456 10.78356243 -27.74740503
v 272.72382138 10.86726118 -29.20406464
v 274.28418757 10.90369483 -30.52171447
v 275.97570086 10.94282875 -31.71429803
v 275.76375416 10.45214665 -32.04443802
v 273.01965129 11.24631868 -28.85533378
v 274.5772137 11.28172578 -30.17090684
v 276.22535879 11.27764209 -31.35688489
v 277.94075641 11.41571987 -32.46062442
v 277.74057904 11.05708045 -32.81831328
v 274.89714194 11.45114428 -29.78062393
v 276.52034922 11.41605722 -30.95297399
v 278.1996213 11.55782775 -32.03395947
v 279.97604934 11.72457664 -33.01779312
v 279.74211677 11.57607956 -33.47527643
v 276.80889806 11.31970381 -30.55255615
v 278.48302347 11.39873416 -31.60110877
v 280.23936958 11.5457016 -32.52494079
v 282.03443102 11.69714522 -33.34691049
v 281.79033677 11.83562705 -33.89222139
v 278.73712028 11.05829554 -31.19784051
v 280.49342249 11.18950217 -32.05585344
v 282.28341406 11.32250443 -32.80631761
v 284.08696369 11.44257482 -33.56997152
v 283.81461207 11.78825284 -34.17893488
v 280.74975245 10.642673 -31.55399785
v 282.5342407 10.74490184 -32.26497715
v 284.3330771 10.83542042 -33.01972656
v 286.10681109 10.92730195 -33.65267781
v 285.83167215 11.56997739 -34.33050066
v 282.78697128 9.97863564 -31.79607293
v 284.55574514 10.0220816 -32.56404775
v 286.30665376 10.00616244 -33.16060461
v 288.02871244 9.97390249 -33.47414613
v 287.78722994 10.99897243 -34.06559267
v 284.7367075 9.03904367 -32.27733769
v 286.47025019 8.95642226 -32.86057312
v 288.22042905 8.84879102 -33.13754948
v 290.04661749 8.70979102 -33.21404738
v 289.80765895 9.90658798 -33.59340799
v 286.59983901 7.98802454 -32.71420752
v 288.37174587 7.86146618 -32.96088403
v 290.22591184 7.71613228 -33.0212327
v 292.38379785 7.57988188 -32.91609336
v 292.14308351 8.55014102 -33.10487313
v 288.47808684 7.08542172 -32.8644496
v 290.33567661 6.97230036 -32.91243842
v 292.53401729 6.85090891 -32.78804703
v 294.82198045 6.82296842 -32.867621
v 294.72408377 7.54100006 -32.97854625
v 290.40774113 6.426556 -32.82919099
v 292.58221393 6.34918843 -32.70241076
v 294.86073419 6.29878881 -32.7726111
v 296.93119794 6.28416563 -33.81935923
v 296.83250567 6.84473688 -33.90337551
v 292.59270482 5.88833516 -32.60113279
v 294.85344214 5.84181373 -32.72146596
v 296.98600077 5.78296914 -33.73325039
v 298.19333646 5.77945583 -35.8854376
v 298.06181626 6.23596144 -35.90991177
v 294.8552967 5.4211281 -32.65035479
v 297.02164346 5.40620588 -33.71290715
v 298.28315647 5.37126482 -35.86649008
v 298.66427425 5.2996835 -38.31955443
v 298.59913965 5.69373211 -38.33759388
v 296.82519716 5.22325659 -33.90903864
v 297.91990942 5.22086431 -35.96080109
v 298.24350837 5.21010834 -38.33847178
v 298.24133557 5.21075202 -40.63593545
v 298.66538808 5.21305101 -40.64808611
v 297.45723485 5.21141696 -36.08587148
v 297.7372571 5.20893929 -38.35999676
v 297.72915849 5.20891117 -40.63330861
v 297.68040219 5.20920883 -42.68568216
v 298.212535 5.21217003 -42.69787672
v 297.20350017 5.20818451 -38.43064429
v 297.13680182 5.20811763 -40.6353072
v 297.03768705 5.20809431 -42.67643679
v 297.01062583 5.20807717 -44.70093843
v 297.73673585 5.20930485 -44.69259839
v 296.1959029 5.20722225 -40.66499801
v 296.05089598 5.20710016 -42.6677113
v 295.96826377 5.20703021 -44.66557283
v 295.95987435 5.20701786 -46.72350595
v 297.10959793 5.20816221 -46.77253934
v 294.72587797 5.20593043 -42.63725919
v 294.5283782 5.20575279 -44.55090417
v 294.36040325 5.20559745 -46.52361116
v 294.19155041 5.20545067 -48.39232007
v 295.95349861 5.20700894 -48.68698952
v 292.96514237 5.20444452 -44.33908779
v 292.73754713 5.20417841 -46.20454985
v 292.42996434 5.20389378 -47.90477628
v 292.15846319 5.20375215 -49.19131215
v 294.03011032 5.20536014 -49.78328199
v 291.57030947 5.20325215 -45.86494433
v 291.16162018 5.20282315 -47.43314166
v 290.82367856 5.2026071 -48.64746761
v 290.60076362 5.20278371 -49.52704531
v 291.96443112 5.20397848 -50.1169658
v 290.33758604 5.20257967 -46.97071674
v 289.91498207 5.20248982 -48.16019268
v 289.64688277 5.20290408 -49.02713412
v 289.30833211 5.2049061 -47.71848617
v 288.98265912 5.20520548 -48.68766166
v 288.81455249 5.22538275 -47.31675972
v 288.45168404 5.23637706 -48.40400984
v 288.2779808 5.22770575 -49.50402516
v 288.54301294 5.38713387 -50.7228476
v 288.32735712 5.70546851 -48.25375748
v 288.32188671 5.66832174 -49.42633661
v 288.7477883 5.71469845 -50.60984283
v 288.9468628 6.16316512 -50.4725477
v 289.91028531 6.21273897 -51.41426142
v 289.80016389 5.74979417 -51.57319126
v 289.71212162 5.36451049 -51.71603087
v 288.49706042 6.16115967 -49.37446925
v 288.50727148 6.20243154 -48.18036789
v 288.63025961 6.79944176 -48.05781871
v 288.61516524 6.79889513 -49.28749144
v 289.05839983 6.82054494 -50.4115941
v 289.1684609 7.61223914 -50.30194181
v 290.13066532 7.63018959 -51.217346
v 289.99452518 6.81250222 -51.28276042
v 288.73388458 7.56767395 -49.14200167
v 288.81462382 7.56181586 -47.8706562
v 288.97743563 8.39909101 -47.69616011
v 288.84380298 8.40165132 -48.99721423
v 289.22477261 8.44682623 -50.20157329
v 290.24636688 8.51289617 -51.12062625
v 291.81513347 9.83780041 -51.39065417
v 291.70021653 8.68644526 -51.7049474
v 291.58826249 7.71948887 -51.83103286
v 293.44409099 9.03377079 -52.24267682
v 293.39910416 8.00464734 -52.40612236
v 293.37382617 7.13709635 -52.51268006
v 291.4959295 6.90817569 -51.92116013
v 293.33721779 6.49970211 -52.59398719
v 291.45052567 6.34188164 -52.01488954
v 293.29670825 5.97267276 -52.69894821
v 291.39972277 5.84872512 -52.13105749
v 293.24994917 5.47876901 -52.79575026
v 291.34302698 5.4187708 -52.21835903
v 293.33532482 5.23643981 -52.49068595
v 291.4409072 5.22328505 -51.84531243
v 293.51587018 5.21094131 -51.97302474
v 291.61302473 5.20752059 -51.32813956
v 293.68269837 5.20653021 -51.45382447
v 291.78837951 5.20491982 -50.78079714
v 293.85378985 5.20553846 -50.79030863
v 295.63694479 5.20845473 -52.13644559
v 295.80751503 5.2072754 -51.29463949
v 295.90679988 5.20705764 -50.15586769
v 297.2271376 5.20917591 -51.41029441
v 297.22748876 5.20842456 -50.28060338
v 297.21636139 5.20821228 -48.77011281
v 298.31907899 5.21062959 -50.24027217
v 298.21828524 5.20976026 -48.71994638
v 297.94069367 5.20953633 -46.73241114
v 298.94352834 5.21313263 -48.63644175
v 298.54905004 5.21258806 -46.66197074
v 298.29570493 5.21222284 -44.67235323
v 299.09569562 5.23967981 -46.58240294
v 298.79835681 5.22536389 -44.6520477
v 298.68156336 5.22603191 -42.71665416
v 299.02841566 5.59112667 -44.65849614
v 298.82396951 5.61579322 -42.74345338
v 298.73144996 5.62624879 -40.67620768
v 298.69786484 6.14008256 -42.78231138
v 298.60405588 6.14442061 -40.71863488
v 298.4663849 6.16673947 -38.36055368
v 298.51898201 6.67236592 -40.77110442
v 298.36622763 6.67241633 -38.40604392
v 297.9435194 6.75428827 -35.94818816
v 298.25967268 7.42268503 -38.51166611
v 297.81931868 7.4786209 -36.03445954
v 296.66706565 7.57493153 -34.02647748
v 297.68593844 8.42155801 -36.22327909
v 296.51190803 8.5108103 -34.16951461
v 294.49393165 8.49263849 -33.12995566
v 296.11559163 9.75129421 -34.65015318
v 294.12043513 9.78539123 -33.57306612
v 291.81282898 9.81111538 -33.50803028
v 293.6111167 11.04988177 -34.42639738
v 291.45993016 11.05559952 -34.29395196
v 289.50651226 11.03950246 -34.28916535
v 291.0500228 11.91801304 -35.25886072
v 289.14592634 11.83910993 -35.15606289
v 287.48489808 11.74038601 -34.86697359
v 288.74818884 12.31848883 -36.11667749
v 287.12279778 12.17427151 -35.72172732
v 285.50958209 11.94462143 -35.02498438
v 286.71775727 12.35535869 -36.58154818
v 285.15278759 12.0802182 -35.73004953
v 283.53536895 11.88071418 -34.78838657
v 284.83436824 11.8158739 -36.37855468
v 283.26975521 11.65329589 -35.36903563
v 281.55469229 11.63653514 -34.42642276
v 283.01624001 11.19768592 -35.90274592
v 281.34127512 11.229903 -34.88744235
v 279.54159373 11.19812178 -33.87591717
v 281.09191896 10.67787676 -35.34977536
v 279.34887302 10.70197686 -34.25720572
v 277.5499598 10.57825779 -33.1670167
v 279.1592469 10.02716325 -34.59087307
v 277.39064313 9.9602762 -33.4845849
v 275.58430069 9.82960998 -32.36069417
v 277.26710632 9.18023551 -33.74601902
v 275.45076132 9.07499817 -32.62758429
v 273.61695712 8.99175031 -31.48883581
v 275.34245057 8.18341513 -32.86522599
v 273.47254826 8.13070485 -31.73539435
v 271.75197379 8.15083257 -30.36404455
v 273.35978766 7.30877664 -31.94681225
v 271.58884649 7.34200545 -30.55541138
v 270.1450625 7.42872813 -28.82913742
v 271.43840757 6.64950729 -30.72433967
v 269.98538918 6.73503623 -28.93855446
v 268.79341947 6.84322833 -27.11495308
v 269.83889532 6.20444557 -29.02252273
v 268.68213758 6.32325201 -27.18708549
v 267.5437334 6.30449721 -25.46153443
v 268.5818596 5.85955346 -27.25130893
v 267.44422906 5.85132727 -25.55903743
v 266.39402627 5.84461683 -23.74834497
v 267.33681816 5.46592562 -25.66573144
v 266.21913513 5.4499993 -23.8168398
v 265.5650759 5.5103178 -22.06935276
v 266.42281038 5.18275151 -23.70807043
v 265.68171023 5.20245759 -21.99316735
v 264.78934265 5.23680778 -20.7783246
v 266.02361063 5.18418015 -21.80793681
v 265.0387427 5.18119186 -20.52946432
v 263.78294701 5.17908559 -19.72817582
v 265.31821353 5.17891516 -20.21756903
v 263.94670255 5.1771549 -19.35830166
v 262.31600295 5.17515151 -18.96955371
v 264.11792572 5.17657775 -18.97483688
v 262.37174403 5.17472628 -18.55828971
v 260.54686421 5.17277055 -18.54544222
v 262.42562507 5.17459699 -18.18177027
v 260.52669724 5.17268928 -18.12702472
v 258.76227995 5.17093142 -18.22702767
v 260.53901525 5.17280039 -17.68516321
v 258.75440081 5.17125789 -17.71451794
v 257.09935049 5.16956211 -17.7969204
v 258.76549799 5.17234943 -17.26732457
v 257.14466378 5.1702099 -17.35291352
v 255.70414174 5.16894655 -17.24868226
v 257.19145853 5.17298557 -16.89546931
v 255.86250095 5.17166769 -16.81056279
v 254.82087961 5.17126989 -16.40964222
v 255.9869184 5.18100977 -16.38210912
v 255.0353393 5.18317914 -16.09014813
v 254.33611766 5.18663689 -15.39744284
v 255.17328462 5.3604262 -15.84937755
v 254.61785731 5.34848061 -15.20978445
v 254.41305726 5.3268963 -14.24704437
v 254.60204964 5.6722061 -15.20919118
v 254.41114234 5.66177316 -14.2237197
v 254.6294346 5.63680278 -13.04205775
v 254.24499178 6.08277121 -14.21248808
v 254.51630912 6.09630422 -12.99385905
v 255.10434488 6.12301257 -11.54880005
v 254.42065657 6.59993482 -12.9735014
v 255.02040953 6.64294843 -11.54923352
v 255.5154813 6.6932942 -9.69496604
v 254.91034298 7.26394243 -11.58861482
v 255.44843453 7.38896309 -9.73355243
v 255.19082613 7.50846945 -7.4720003
v 255.36596967 8.23752249 -9.76543798
v 255.1493125 8.45995339 -7.48972837
v 254.9093718 8.65021085 -5.38495524
v 254.98452542 9.41708015 -7.5495023
v 254.68455017 9.65827964 -5.38953403
v 254.79137947 9.90496155 -3.27861698
v 254.32979954 10.49184871 -5.4028726
v 254.32976113 10.85205904 -3.19261446
v 254.43333123 11.11770219 -1.04200404
v 253.71600568 11.57845134 -3.13714635
v 253.58014811 11.96763078 -0.79784943
v 253.06512609 12.03892953 -3.12347719
v 253.41203599 11.60349477 -5.46753122
v 252.8583782 11.8376836 -5.50765393
v 252.3635067 12.19525654 -3.16281802
v 253.89557712 11.14339204 -5.43122462
v 254.24209746 10.91135934 -7.68832689
v 253.74901467 11.42555105 -7.72478712
v 254.67130762 10.24772975 -7.62818397
v 254.84546627 10.01730884 -9.85569283
v 254.36866301 10.70990536 -9.87844687
v 255.18345727 9.17342493 -9.81676351
v 254.61176963 8.86753827 -11.67360021
v 254.34651528 9.69120745 -11.69415333
v 254.78604898 8.0399279 -11.63256531
v 254.22459984 7.94054994 -13.02817872
v 254.07475899 8.68542916 -13.10290299
v 254.32547863 7.22243942 -12.97491153
v 254.04849336 7.23353147 -14.2024965
v 253.97643708 7.90597804 -14.238478
v 254.13548214 6.60500297 -14.20811711
v 254.38058049 6.64380746 -15.284471
v 254.31054338 7.26571091 -15.30963788
v 254.47256233 6.09712176 -15.25064995
v 255.0719559 6.13933223 -15.98954369
v 255.01594048 6.66641233 -16.05987229
v 255.14434962 5.70541639 -15.90159127
v 256.06260973 5.76411798 -16.25108411
v 256.04704074 6.20486085 -16.35784826
v 256.05329577 5.38028249 -16.15292544
v 257.27363259 5.42662079 -16.16609323
v 257.2803348 5.82304487 -16.30540341
v 257.23401741 5.18437973 -16.42599446
v 258.79166761 5.1930651 -16.38077993
v 258.79131096 5.45715624 -16.15708517
v 258.7800327 5.17580033 -16.82663519
v 260.60149421 5.17607536 -16.83248762
v 260.62527429 5.18664718 -16.42785999
v 260.57159352 5.17349825 -17.25248123
v 262.5557955 5.17514431 -17.39661813
v 262.6242085 5.17834418 -16.982109
v 262.48916299 5.17468512 -17.80127731
v 264.46042967 5.1768178 -18.16023535
v 264.59691549 5.1779042 -17.77997147
v 264.30463008 5.17654586 -18.55417354
v 265.90139067 5.17830714 -19.50316215
v 266.18065573 5.17865933 -19.15443026
v 265.59115224 5.17830954 -19.89131375
v 266.75172336 5.18028379 -21.33174355
v 267.10799386 5.17997721 -21.05054145
v 266.38349972 5.18131257 -21.5899183
v 267.22569264 5.18402034 -23.28096486
v 267.64434882 5.18287187 -23.03751566
v 266.82875074 5.1848588 -23.50348608
v 267.93871374 5.19400884 -25.24031801
v 268.31505795 5.18897567 -24.97309233
v 267.55830926 5.20202035 -25.51542575
v 268.76729649 5.23601458 -27.12882663
v 269.16619172 5.19939729 -26.87697018
v 268.52082643 5.46116542 -27.28591288
v 269.6347729 5.26206142 -29.15743793
v 269.96779006 5.20138868 -28.91858638
v 269.69352353 5.72507069 -29.13244045
v 271.16616021 5.64171867 -31.01897208
v 271.18691154 5.22361666 -30.99096574
v 271.30684348 6.11722804 -30.87727168
v 273.20295106 6.13854178 -32.28082939
v 273.11428329 5.64711054 -32.43510363
v 273.27205266 6.64295974 -32.13021078
v 275.19488128 6.68564208 -33.22166247
v 275.1507559 6.19083985 -33.34162527
v 275.25695421 7.3393769 -33.06670854
v 277.0717574 7.3631052 -34.16795497
v 276.99714698 6.67703353 -34.30877267
v 277.1635033 8.25028597 -33.97402166
v 278.87481869 8.22975926 -35.06314829
v 278.77329519 7.32787163 -35.25074427
v 279.00407281 9.19073342 -34.83905367
v 280.66650571 9.04081404 -35.97426586
v 280.53833249 8.09098868 -36.19665269
v 280.84103746 9.9194152 -35.72023078
v 282.45671676 9.73405019 -36.89563565
v 282.27302194 8.80175434 -37.22478594
v 282.72290662 10.56822173 -36.44175378
v 284.15461127 10.60255091 -37.66872423
v 283.84081735 9.66225274 -38.26552526
v 284.51290917 11.29769102 -37.01326722
v 285.8833749 11.55116755 -38.12863616
v 285.45031844 10.7781153 -38.92436766
v 286.28778443 12.11981435 -37.38779938
v 287.86346446 12.29061366 -38.06061135
v 287.36415409 11.74673681 -38.96744094
v 288.33818819 12.47728322 -37.1093642
v 290.05326209 12.49626058 -37.38661833
v 289.49485266 12.28164486 -38.46131313
v 290.57053098 12.40760155 -36.29360152
v 292.40623913 12.49684098 -36.59659043
v 291.61275038 12.57805879 -37.79348735
v 293.08968876 11.95565312 -35.47174429
v 294.71555718 11.93495529 -36.32481219
v 293.73387986 12.5077331 -37.35983008
v 295.49995967 10.98448256 -35.41946268
v 296.73651293 10.87503504 -37.19250944
v 295.77245943 11.88674339 -37.83232477
v 297.40310142 9.63862886 -36.60349565
v 297.83744729 9.55104517 -38.96720089
v 297.17723454 10.78148422 -39.33732161
v 298.13419352 8.38790946 -38.68119932
v 298.26457794 8.4221187 -40.96789227
v 297.9904376 9.54064842 -41.14042543
v 298.40863014 7.45438712 -40.84716474
v 298.52158278 7.45811956 -42.8986261
v 298.36750607 8.43443432 -43.01512874
v 298.62032444 6.69856468 -42.82868089
v 298.81387367 6.71632533 -44.76450379
v 298.72768048 7.45903278 -44.83253682
v 298.91501858 6.12819492 -44.71020575
v 299.36280728 6.11745129 -46.57178036
v 299.26040039 6.721293 -46.61468492
v 299.43797735 5.56586479 -46.53206916
v 299.96651078 5.54356993 -48.38261929
v 299.93099429 6.10943566 -48.38544503
v 299.51852456 5.23597206 -48.49498758
v 299.8740461 5.25413599 -50.11481495
v 300.36505485 5.54756883 -50.03493989
v 299.2191611 5.21895865 -50.1806162
v 300.49577397 5.55165037 -51.51109365
v 300.49884661 6.06974744 -51.55449476
v 300.41496888 6.10736437 -50.03216079
v 300.42063133 6.66187846 -51.58971496
v 300.32695405 6.70639718 -50.05221803
v 299.81988524 6.71466452 -48.39864368
v 300.20142551 7.41484498 -50.08338618
v 299.6969465 7.43662407 -48.41519208
v 299.15222681 7.46020628 -46.66685954
v 299.52834056 8.35719175 -48.46074679
v 299.02118945 8.43164922 -46.75340389
v 298.60622319 8.43322892 -44.93884212
v 298.72176015 9.632648 -46.92508796
v 298.337246 9.6321475 -45.10588293
v 298.09547818 9.57561245 -43.17523552
v 297.73518855 10.90926014 -45.33680596
v 297.52941458 10.79493714 -43.38225364
v 297.39509608 10.76965706 -41.37665837
v 296.68336713 11.73004301 -43.61000114
v 296.53840411 11.71116699 -41.66942662
v 296.28004401 11.80649667 -39.7348561
v 295.5153229 12.23030665 -41.98672802
v 295.23506471 12.41907528 -40.22044794
v 294.64971477 12.50407473 -38.54970655
v 294.14220701 12.51111678 -40.74943678
v 293.51526114 12.58816748 -39.4056866
v 292.70526241 12.58091556 -38.49260885
v 292.4965804 12.2607567 -40.36003657
v 291.76900538 12.29520908 -39.56563975
v 290.83700067 12.29025084 -38.9288957
v 291.01243227 11.65506506 -40.47033906
v 290.20074358 11.67531769 -39.91615453
v 288.93417168 11.72889849 -39.44729626
v 289.7422116 10.81498493 -40.69024034
v 288.45131093 10.88902681 -40.29436564
v 286.90467288 10.92500647 -39.85066328
v 288.1707345 9.88282577 -41.05425281
v 286.49803019 9.82667772 -40.7725406
v 285.02567883 9.72876347 -39.70535458
v 286.16475789 8.68808977 -41.33025456
v 284.74315457 8.65312111 -40.17609073
v 283.65848876 8.65687808 -38.65874157
v 284.54675765 7.80634769 -40.37600473
v 283.54715474 7.79725217 -38.88907339
v 282.1630761 7.91401373 -37.44259672
v 283.43610056 7.01700495 -39.03832029
v 282.08538755 7.11913372 -37.6036733
v 280.44897338 7.24968686 -36.37046567
v 282.02684817 6.51495971 -37.73068193
v 280.38940795 6.59998935 -36.50018069
v 278.70439112 6.63739366 -35.39064017
v 280.3322348 6.06856708 -36.620007
v 278.65217809 6.10800153 -35.50832524
v 276.93376818 6.15878797 -34.41167063
v 278.60207751 5.60861708 -35.63265901
v 276.86031549 5.66475871 -34.52108356
v 275.11026282 5.70171413 -33.46377801
v 276.89953013 5.27687528 -34.45939814
v 275.15535938 5.30677562 -33.42094684
v 273.14389591 5.2432713 -32.40719948
v 275.36158876 5.20998248 -33.05728965
v 273.39336729 5.20152894 -32.04030504
v 271.4901789 5.20397196 -30.6836861
v 273.66800144 5.19342929 -31.63124745
v 271.82762945 5.19329726 -30.32984354
v 270.35820808 5.19190909 -28.63388315
v 272.21464561 5.18897121 -29.92421113
v 270.77507279 5.18852403 -28.34645945
v 269.56079622 5.19142384 -26.62380785
v 271.28666827 5.18655665 -27.93892069
v 269.98357029 5.18747535 -26.32930473
v 268.70211251 5.18597915 -24.69948766
v 270.47970926 5.18538211 -25.92651588
v 269.18983463 5.18403303 -24.35028613
v 268.08155884 5.18208176 -22.75439253
v 269.63878106 5.18364415 -24.00254059
v 268.49992695 5.18194734 -22.4476559
v 267.44665426 5.18010889 -20.76687437
v 268.86057323 5.18281803 -22.16584257
v 267.78612946 5.18072925 -20.47938517
v 266.44421739 5.17995286 -18.82307563
v 268.10095491 5.18170969 -20.21925693
v 266.7046625 5.18425148 -18.49930589
v 264.7526849 5.18399119 -17.3789151
v 266.95996093 5.21165838 -18.14981579
v 264.89482493 5.21455167 -16.99119388
v 262.68264363 5.20934395 -16.60791496
v 264.94295847 5.53424123 -16.86788409
v 262.70016045 5.51697406 -16.53423663
v 260.62725505 5.47557908 -16.27102133
v 262.68233088 5.92623912 -16.64924684
v 260.61366133 5.88622923 -16.40599346
v 258.79338774 5.85963713 -16.30152008
v 260.59639691 6.30458535 -16.51199012
v 258.78449901 6.28605517 -16.41768666
v 257.28321266 6.26241466 -16.41305986
v 258.77528931 6.7378143 -16.51208203
v 257.27020879 6.72601754 -16.50266588
v 256.02848965 6.69258948 -16.44443925
v 257.24625038 7.32468479 -16.60027724
v 255.98284714 7.30722763 -16.52919008
v 254.96514032 7.2931305 -16.12143836
v 255.93862848 7.9550843 -16.61530646
v 254.90962146 7.94096659 -16.16949029
v 254.24225932 7.91987714 -15.34041921
v 254.84818775 8.5600738 -16.22518953
v 254.16706455 8.56023189 -15.39901071
v 253.87150074 8.58824046 -14.30533685
v 254.06868503 9.15767642 -15.49354052
v 253.73201087 9.23554973 -14.412673
v 253.86720178 9.41661213 -13.15493083
v 253.51287638 9.80451442 -14.53847039
v 253.54576466 10.04779409 -13.21238793
v 253.93705509 10.36664896 -11.70618877
v 253.11711415 10.50541796 -13.268474
v 253.41596185 10.86152234 -11.70577794
v 253.80800398 11.23889512 -9.8770436
v 252.80827487 11.18574684 -11.67835733
v 253.14143469 11.5666845 -9.83694832
v 253.15077608 11.73079086 -7.73409285
v 252.43026266 11.65938683 -9.76164793
v 252.48930135 11.7604328 -7.71590937
v 252.2708829 11.81609638 -5.54394956
v 251.85477811 11.55100989 -7.67878249
v 251.69103354 11.59776983 -5.58174309
v 251.12317025 11.8272234 -3.4849753
v 251.72193283 12.09646688 -3.28984448
v 251.1195544 11.22374228 -5.62821274
v 250.5370494 11.37396275 -3.71093134
v 249.29884049 11.58102631 -2.00692583
v 249.99018023 10.73946437 -3.96387865
v 248.85328083 10.86885207 -2.47078968
v 247.22419711 10.85050317 -1.54005244
v 247.36230018 11.51708759 -0.9412679
v 245.37580195 10.60180361 -1.28745217
v 245.32157113 11.10538687 -0.87952693
v 243.60539849 10.31454551 -1.52039162
v 245.37525875 9.95160652 -1.65105998
v 243.66547831 9.78881902 -1.75093468
v 242.02496546 9.68727765 -2.20050524
v 243.7034831 9.08736137 -2.00521804
v 242.08455832 9.03069069 -2.412788
v 240.50019257 9.03409949 -3.12630978
v 242.13057667 8.20946643 -2.62575937
v 240.57989205 8.19107891 -3.35471022
v 239.1649539 8.20867083 -4.41657398
v 240.6621978 7.32965863 -3.56330581
v 239.29181026 7.287776 -4.62890887
v 238.12118308 7.257554 -5.9489064
v 239.41976262 6.5919041 -4.8007548
v 238.28128369 6.54654315 -6.11035746
v 237.40822371 6.55322341 -7.68506221
v 238.431844 6.00769783 -6.22854869
v 237.56952045 6.03623469 -7.79881182
v 237.01013231 6.14317269 -9.5667942
v 237.70643835 5.53138017 -7.89054812
v 237.17755308 5.65944708 -9.68017207
v 236.84019924 5.8032438 -11.39923355
v 237.06884933 5.2345489 -9.71853899
v 236.89181351 5.37033685 -11.39373296
v 236.63095619 5.16174709 -9.65374732
v 236.58811268 5.18351967 -11.34241018
v 236.08801151 5.15021713 -9.54245034
v 236.07381424 5.15363956 -11.24825554
v 235.5221228 5.14654779 -9.4389063
v 235.53124129 5.14767808 -11.13665541
v 234.66457899 5.14466956 -9.27930569
v 234.73026708 5.14482251 -11.02810324
v 233.50840971 5.14323543 -9.07010791
v 233.65173148 5.14338255 -10.95841729
v 233.96341295 5.14409824 -12.28394489
v 232.41394093 5.14200603 -11.06646467
v 232.78744225 5.14250979 -12.38204938
v 233.15233262 5.14408933 -13.31118446
v 234.27764925 5.14854741 -13.19111466
v 231.38919995 5.14102251 -12.7209176
v 231.6474366 5.14215898 -13.62251752
v 229.63018002 5.13916281 -13.1942655
v 229.76749487 5.14026086 -14.09997233
v 229.87773322 5.14340553 -14.71103785
v 227.75627976 5.13773519 -14.45648151
v 227.85051747 5.13993028 -15.18853313
v 227.90786612 5.14400839 -15.6861028
v 225.86642146 5.13587549 -15.30707071
v 225.90795062 5.13781064 -15.83046432
v 225.94690223 5.14298955 -16.32910187
v 227.96486326 5.15818063 -16.16200689
v 225.97488336 5.15217594 -16.7752452
v 228.00101743 5.20085336 -16.57987433
v 225.9571733 5.52651023 -16.90769954
v 227.93508458 5.62182294 -16.61642715
v 225.90386187 6.02533057 -16.7635081
v 227.83861071 6.11382619 -16.49122233
v 225.85028184 6.52462963 -16.65279959
v 227.74281473 6.60688119 -16.38712686
v 229.81050779 6.67804517 -15.80562459
v 227.63018337 7.27185997 -16.26756529
v 229.66284025 7.35727438 -15.70771351
v 231.87128568 7.36614527 -14.96407569
v 229.48402377 8.22916017 -15.58575006
v 231.62714513 8.22394661 -14.86137594
v 233.81460021 8.32405261 -14.11436233
v 231.29119387 9.33083586 -14.69589615
v 233.41305276 9.40279972 -13.8558239
v 235.07449596 9.4954134 -12.43657238
v 232.83198395 10.71381822 -13.27463987
v 234.44469897 10.78359782 -11.8251173
v 235.22395548 10.75938031 -9.86432504
v 233.56736747 11.93652042 -10.9918762
v 234.32473823 11.90663997 -9.20255402
v 234.95570735 11.78235437 -7.45003638
v 233.1463293 12.67761422 -8.45097396
v 234.02999608 12.49912352 -6.77965646
v 235.32910031 12.12584802 -5.34078047
v 233.20684327 12.82291434 -6.03023823
v 234.85325177 12.41252001 -4.67662541
v 236.72301759 11.71844463 -3.64086954
v 234.5323311 12.48045411 -4.05956412
v 236.49780708 11.76234086 -3.15068931
v 238.28454289 11.19830997 -2.37440188
v 236.2888617 11.64552314 -2.67984068
v 238.1117347 11.13218032 -1.95337264
v 239.89656999 10.88199659 -1.26024966
v 237.99356199 10.76072643 -1.71115078
v 239.89063869 10.51398484 -1.08813213
v 237.93206793 10.2766576 -1.6230701
v 239.91079469 10.03988995 -1.02303868
v 237.88302357 9.75747826 -1.55997662
v 239.92173139 9.56866402 -0.99119839
v 241.65241679 9.51631862 -0.40891287
v 239.91603328 8.99739184 -0.96859936
v 241.68166454 8.93724257 -0.37847447
v 239.91138316 8.2566113 -0.94290162
v 241.66704752 8.26262319 -0.36618252
v 239.92335825 7.48409199 -0.90924243
v 241.6682176 7.56268484 -0.3430444
v 239.90795249 6.80232134 -0.85964939
v 241.59043028 6.94540957 -0.32635884
v 239.89926816 6.26978181 -0.7749349
v 241.51508737 6.41452707 -0.28182606
v 239.85064628 5.76108477 -0.67662259
v 241.49277091 5.90377795 -0.21536364
v 242.78745615 5.9960938 0.24241526
v 241.51165259 5.436563 -0.36167643
v 242.83955395 5.53202694 0.09371294
v 241.58043184 5.20625484 -0.79747084
v 243.0142654 5.24093253 -0.35440359
v 241.67997595 5.16632383 -1.2932559
v 243.23299798 5.17743336 -0.92888405
v 241.77402634 5.16098716 -1.73800351
v 243.33777244 5.16496034 -1.37720634
v 241.88203531 5.1599426 -2.18151794
v 243.42268308 5.1612351 -1.85968713
v 244.81779033 5.16337463 -1.82958343
v 246.2403566 5.16358142 -2.21969281
v 243.50027561 5.16554058 -2.36360373
v 244.84175971 5.16807997 -2.39561274
v 246.18276096 5.17274826 -2.71688252
v 247.454603 5.18024264 -3.48787237
v 247.71580256 5.16542055 -3.12762252
v 244.86108034 5.2515383 -2.86040524
v 246.12376754 5.28866278 -3.12853882
v 247.29983906 5.33343082 -3.73285686
v 248.10170214 5.34277975 -4.80163133
v 248.36494967 5.18228786 -4.62957553
v 246.17724529 5.67184602 -3.12397512
v 247.33115535 5.68725074 -3.74623796
v 248.15983138 5.69554174 -4.79141478
v 248.60861457 5.6937105 -6.14915921
v 248.54784889 5.32998438 -6.139848
v 247.42429766 6.08099826 -3.68773561
v 248.2700982 6.08251675 -4.76393655
v 248.75000702 6.10590692 -6.14153795
v 248.87978788 6.09420995 -7.74625312
v 248.72739015 5.64079962 -7.73537952
v 248.39606569 6.54356309 -4.72149701
v 248.9041578 6.54027886 -6.11701851
v 249.03233101 6.55361366 -7.73825464
v 249.02125989 6.55083456 -9.55264494
v 248.86242195 6.06715592 -9.56254736
v 249.09458363 7.2247247 -6.07771471
v 249.22575542 7.23115668 -7.71281478
v 249.21503134 7.25260862 -9.53184011
v 249.32503479 7.30277161 -11.47060808
v 249.17686606 6.62434212 -11.51249345
v 249.43591202 8.01468042 -7.67368107
v 249.42039928 8.04680603 -9.50500247
v 249.48969978 8.09568407 -11.43769374
v 249.82806252 8.04809133 -13.40897209
v 249.69391411 7.2949686 -13.43329057
v 249.6568613 8.92272038 -9.46920067
v 249.67401462 8.93320904 -11.41187392
v 249.98666041 8.83350649 -13.40457779
v 250.49258109 8.61837536 -15.40738299
v 250.34173614 7.897727 -15.39825696
v 249.93744184 9.73778327 -11.37823805
v 250.18605727 9.57797275 -13.41857822
v 250.69316448 9.31098206 -15.43571031
v 251.54365629 9.08377381 -17.31697626
v 251.33236528 8.42228674 -17.37612983
v 250.45943218 10.17910555 -13.43597296
v 250.97664895 9.887252 -15.42570432
v 251.82657287 9.67239787 -17.22275064
v 253.21182296 9.55311064 -18.56400429
v 252.99136339 9.02764754 -18.86179782
v 251.34962971 10.3009632 -15.34578811
v 252.22269174 10.08330196 -17.01020039
v 253.47510479 9.96927856 -18.22238989
v 255.08418887 9.89517714 -18.79102101
v 254.98717009 9.51287476 -19.18214374
v 252.60433626 10.33817385 -16.73254846
v 253.75968388 10.2678583 -17.81581751
v 255.20900961 10.19059627 -18.36564273
v 256.88439425 10.17611664 -18.49835941
v 256.84289982 9.89819337 -18.86275356
v 254.03596135 10.38336711 -17.40220479
v 255.36199443 10.32694882 -17.92547083
v 256.93506272 10.31337136 -18.06640067
v 258.68535956 10.37022208 -18.01797735
v 258.69976807 10.24729209 -18.44118043
v 255.51816164 10.27243194 -17.47595549
v 256.99060353 10.24890996 -17.62692457
v 258.68530743 10.26973331 -17.59882976
v 260.60259707 10.26377594 -17.54099201
v 260.61713178 10.35724238 -17.94210427
v 257.04928009 9.99069856 -17.26678823
v 258.69307684 9.9924178 -17.25015274
v 260.59248477 9.99285477 -17.21417878
v 262.65783202 9.89897504 -17.31028948
v 262.63712733 10.15860944 -17.61122699
v 258.70203963 9.5961948 -17.05247464
v 260.58461112 9.59694539 -17.04648229
v 262.65965915 9.51598855 -17.1628169
v 264.73578535 9.42044428 -17.54066622
v 264.68695772 9.78737079 -17.71725863
v 260.57525601 9.15909881 -16.94774887
v 262.65110238 9.08557839 -17.0824878
v 264.76234452 9.00927613 -17.41621311
v 266.62746228 8.9889268 -18.49283516
v 266.55094518 9.41121349 -18.57677428
v 262.6393303 8.60919686 -17.02155957
v 264.7776035 8.53846068 -17.35592616
v 266.6835024 8.53621416 -18.43868562
v 268.01314035 8.63865482 -20.0888948
v 267.93194295 9.10363224 -20.10395556
v 264.79388578 7.98561409 -17.3018884
v 266.74212957 7.97037397 -18.38153338
v 268.10290275 8.05965627 -20.06420321
v 269.2485249 8.23179506 -21.72286851
v 269.13431577 8.87919066 -21.7495791
v 266.8019858 7.36819153 -18.32595862
v 268.19704093 7.38918771 -20.02200818
v 269.35000725 7.49412747 -21.6866906
v 270.52755199 7.58527427 -23.1942232
v 270.42010817 8.36979525 -23.23889654
v 268.28529444 6.76845468 -19.97584099
v 269.43686984 6.81885978 -21.64767212
v 270.62153379 6.83963203 -23.13696793
v 271.89721938 6.81652992 -24.49283527
v 271.81207693 7.603991 -24.56175821
v 269.50494266 6.32485486 -21.6078835
v 270.68990016 6.33493938 -23.08214577
v 271.95655162 6.3116394 -24.4320966
v 273.33881137 6.27347515 -25.63284264
v 273.28214301 6.77915167 -25.70679224
v 270.76293859 5.88863694 -23.01597127
v 272.02214986 5.84901901 -24.3575005
v 273.4053506 5.80467313 -25.54486691
v 274.85791632 5.77754331 -26.65257515
v 274.78333334 6.25376255 -26.75158189
v 272.07863715 5.41241461 -24.29509485
v 273.45823303 5.3594708 -25.48006821
v 274.91467248 5.32934756 -26.58041428
v 276.38555336 5.32341145 -27.66122487
v 276.34084088 5.76806887 -27.7190856
v 273.25646447 5.18697228 -25.73512247
v 274.68294014 5.19040466 -26.89560838
v 276.16335719 5.1963898 -27.99347558
v 277.74443082 5.19293342 -28.97568272
v 277.93985656 5.29112296 -28.62035905
v 274.39299763 5.18879289 -27.28811895
v 275.88681361 5.19101713 -28.39701887
v 277.50962035 5.19099415 -29.40472348
v 279.30438002 5.19224036 -30.25092593
v 279.48371826 5.19307162 -29.81415829
v 275.60899708 5.18902951 -28.79493984
v 277.27829404 5.19014369 -29.82265608
v 279.11843009 5.19161417 -30.69281968
v 281.03924504 5.19357881 -31.47600135
v 281.22233081 5.19432262 -31.01132819
v 276.98661768 5.1897236 -30.3312907
v 278.85570793 5.19134703 -31.25486895
v 280.73536589 5.19311825 -32.14632502
v 282.57616585 5.19492412 -33.16254559
v 282.90761102 5.19573892 -32.44142862
v 278.48142679 5.19132816 -31.96353142
v 280.33433627 5.19295022 -32.89876172
v 282.19142674 5.19462886 -33.93845922
v 284.27998069 5.19647347 -35.21409063
v 284.56823325 5.19679583 -34.31808182
v 279.89262702 5.19315015 -33.65362704
v 281.76566233 5.19465561 -34.71900925
v 283.9018368 5.19630544 -36.21579226
v 281.32863337 5.19525985 -35.37681189
v 283.34590195 5.19626943 -36.79095446
v 281.0068835 5.19681983 -35.82517534
v 282.8676776 5.19720597 -37.22700675
v 284.36440711 5.19744122 -38.72898445
v 282.51087762 5.20009721 -37.55845055
v 283.82490544 5.19997478 -38.99068331
v 282.13519733 5.23081612 -37.89848952
v 283.37080684 5.22354225 -39.22254322
v 281.93830659 5.53428512 -38.01961074
v 283.16519199 5.51178828 -39.33046029
v 283.84121789 5.50531618 -40.56655539
v 284.65366925 5.52721804 -41.57253815
v 283.21332279 5.96886865 -39.22010979
v 284.02769455 5.89983872 -40.52953412
v 284.93442675 5.87610733 -41.54002983
v 286.07060326 5.91093934 -42.09180426
v 285.75355563 5.42156293 -42.17810308
v 284.18103602 6.40358317 -40.48109743
v 285.15014841 6.40142203 -41.53468837
v 286.37916271 6.42658309 -42.08097044
v 287.62239897 6.43441216 -42.09304704
v 287.2661751 5.9678793 -42.21983756
v 285.38070107 7.06478287 -41.55101043
v 286.75912824 7.01431433 -42.0014726
v 288.04817435 6.976981 -41.95043788
v 289.13423931 7.01731976 -41.83273086
v 288.79092604 6.47167176 -41.94998384
v 287.33374038 7.72435966 -41.86696891
v 288.54312267 7.72439996 -41.76874302
v 289.4545626 7.74869597 -41.76707776
v 290.1874105 7.74134357 -42.03144598
v 289.99870617 6.98866391 -42.01425014
v 288.99204167 8.71275187 -41.57002928
v 289.74976153 8.69397633 -41.67762811
v 290.29670889 8.67041383 -42.06652901
v 290.58051708 8.65567268 -42.66451109
v 290.47801692 7.73963664 -42.71873093
v 290.06554718 9.76902211 -41.51383965
v 290.54570839 9.72315143 -41.94824176
v 290.82833691 9.69474973 -42.51880734
v 290.93442548 9.66950286 -43.19440938
v 290.63836512 8.63898815 -43.37842792
v 290.97947815 10.73215192 -41.63975638
v 291.30965037 10.7069546 -42.25136235
v 291.50848894 10.69584312 -43.00286011
v 291.49240693 10.73504663 -43.93870562
v 290.87160634 9.63728338 -43.99187748
v 292.04213613 11.58300261 -41.87332819
v 292.31549733 11.5775815 -42.79530839
v 292.39707606 11.63158119 -43.99047009
v 292.11187421 11.77256117 -45.51104553
v 291.19044818 10.79819128 -45.2080772
v 293.32222767 12.17528486 -42.56427563
v 293.44145729 12.21096596 -44.02099628
v 293.23618262 12.37558122 -45.80694129
v 292.83487318 12.36234227 -47.56373183
v 291.5064588 11.76374104 -47.10917234
v 294.53156607 12.43625277 -43.96267637
v 294.48950374 12.58538581 -45.92129446
v 294.4229261 12.61128588 -47.84760038
v 294.31739719 12.43738787 -49.35298817
v 292.48052582 12.14599134 -48.89546303
v 295.68013741 12.4433406 -45.80955304
v 295.8955957 12.4941862 -47.79985915
v 296.09425869 12.3157003 -49.5375115
v 296.00283103 11.98491818 -50.77343651
v 294.10958759 12.0304122 -50.40466419
v 297.07112402 11.9386248 -47.52807817
v 297.5029624 11.80450211 -49.35563558
v 297.61706728 11.5186889 -50.78107697
v 297.30071648 11.1773023 -51.77819982
v 295.6839837 11.4414573 -51.62328087
v 298.55456983 10.83233015 -48.95618893
v 298.84134093 10.56010491 -50.50027284
v 298.65660361 10.40323199 -51.72195943
v 299.62059126 9.36639564 -50.239194
v 299.55755813 9.31282342 -51.69095863
v 299.99868577 8.30256587 -50.13543186
v 300.03243 8.28356211 -51.66123627
v 299.37220628 8.18458074 -52.88573488
v 298.16154006 7.94507369 -53.4831477
v 300.27152572 7.37462728 -51.62365672
v 299.6262976 7.25106818 -52.87184762
v 298.42608935 7.0638892 -53.57684967
v 299.78356767 6.51833516 -52.85633625
v 298.58024837 6.38291792 -53.67098784
v 297.00621439 6.20809673 -53.78940541
v 296.92943117 6.83634094 -53.66790423
v 296.76843003 7.64118956 -53.5386501
v 295.22352034 6.62754885 -53.2817303
v 295.22298812 7.39048158 -53.16241563
v 295.12517374 8.29839242 -52.99713474
v 295.07532555 9.37186339 -52.76177284
v 295.26852363 10.5547483 -52.29214093
v 293.57601173 10.28548068 -51.81286036
v 293.81579879 11.31875467 -51.16604653
v 291.95221735 10.90989881 -50.73086666
v 292.17597179 11.66889934 -49.88721971
v 291.0255404 11.51021683 -48.38298691
v 289.97351048 10.54025875 -47.92207911
v 290.56677248 10.7603867 -46.61760942
v 289.27454398 9.44232951 -47.66092894
v 289.93921756 9.53212157 -46.32534322
v 290.56343646 9.6011581 -45.067885
v 289.61525099 8.44847967 -46.3995723
v 290.19110864 8.53764126 -45.18878949
v 290.52785413 8.60394113 -44.18199604
v 289.9605066 7.65590585 -45.44075328
v 290.32086756 7.71988529 -44.4056668
v 290.4873007 7.74254142 -43.52286969
v 290.178637 6.93350032 -44.59348089
v 290.38040007 6.96704051 -43.62768257
v 290.37095168 6.96841531 -42.75966982
v 290.27730184 6.33400318 -43.6860258
v 290.2381695 6.34484009 -42.74295682
v 289.77719038 6.41450169 -41.98346882
v 290.04885613 5.88477487 -42.70298225
v 289.46336902 5.99212268 -42.0025055
v 288.44816147 6.02953042 -42.04840452
v 289.09527707 5.55281873 -42.03791774
v 288.08674703 5.56377292 -42.18830728
v 286.91474676 5.49448854 -42.33625104
v 287.72204596 5.21344332 -41.8334373
v 286.60113391 5.20550314 -41.77936697
v 287.41887461 5.20459301 -41.05131048
v 286.31580037 5.20093052 -40.9288683
v 289.87000073 5.53359344 -42.74543277
v 289.99255539 5.51582079 -43.77970308
v 290.1478008 5.85983774 -43.7235203
v 289.87773721 5.83948661 -44.81686084
v 289.77976372 5.38675253 -44.91577945
v 290.0445654 6.33014489 -44.74053715
v 289.54788323 6.27936599 -45.82371876
v 289.33919025 5.72243939 -45.91362244
v 289.75398093 6.86901729 -45.67386145
v 289.12496102 6.80806883 -46.8248429
v 288.92850375 6.23068719 -46.95594061
v 289.37325821 7.5928242 -46.61256425
v 288.7153664 5.67385113 -47.07700558
v 289.37418 5.20292191 -46.12955809
v 289.79806242 5.20367087 -46.53959715
v 290.22605999 5.20635361 -45.19840248
v 290.78995628 5.20329296 -45.5364799
v 295.22177003 6.05734781 -53.39230439
v 297.08018284 5.65710418 -53.93671681
v 295.19536174 5.5331274 -53.52122107
v 297.15104573 5.26926431 -53.70132748
v 295.28568106 5.23923777 -53.25857298
v 297.19489677 5.21522004 -53.07645015
v 295.46035547 5.2131028 -52.69983983
v 297.23714564 5.21113267 -52.36827395
v 298.78860116 5.27390414 -53.52841161
v 298.74954016 5.80560384 -53.73203473
v 299.92994082 5.97214705 -52.84579049
v 300.00102866 5.45765794 -52.76665067
v 299.20255784 9.50332452 -48.6117536
v 298.05166006 10.9582865 -47.21831161
v 296.80964738 11.86428084 -45.58860377
v 295.64507084 12.30069835 -43.81758852
v 294.42105508 12.38711616 -42.29811046
v 293.01956112 12.21633349 -41.34341893
v 291.61807813 11.61990891 -41.11274693
v 290.48156143 10.76480315 -41.12725969
v 289.38745273 9.83275528 -41.23220974
v 287.90436906 8.69467933 -41.59487655
v 285.76332774 7.84139985 -41.49877545
v 284.35428933 7.01873606 -40.45081679
v 283.32705456 6.45223488 -39.13206889
v 281.9690111 6.01170153 -37.85689907
v 280.27400268 5.57170727 -36.73586631
v 280.40061213 5.24994916 -36.5989196
v 278.6790363 5.247406 -35.54475117
v 280.71215095 5.20295038 -36.21641776
v 278.93761039 5.20102757 -35.13600702
v 277.15192601 5.20289791 -34.09115324
v 279.20412947 5.19566073 -34.72793913
v 277.42502384 5.19503317 -33.67971366
v 275.60674746 5.19577561 -32.63542983
v 277.70645622 5.19284014 -33.2567935
v 275.85677302 5.1922263 -32.21175522
v 273.95380685 5.19038477 -31.18313296
v 276.19175722 5.19051062 -31.65638484
v 274.35750857 5.18872739 -30.59007604
v 272.71649092 5.18712968 -29.37635295
v 274.81538213 5.18815367 -29.936929
v 273.23848949 5.18665747 -28.7708398
v 271.82101229 5.18568835 -27.43219344
v 273.71867814 5.18667461 -28.17428122
v 272.3075657 5.18553403 -26.91302061
v 270.93611234 5.18469248 -25.49935712
v 272.66734505 5.18585879 -26.47890072
v 271.27723634 5.18495928 -25.14931387
v 269.99783614 5.18448398 -23.69584187
v 271.58737326 5.18675452 -24.82207867
v 270.32517439 5.18771369 -23.40546674
v 269.20080562 5.18605803 -21.89371609
v 270.65927795 5.20091338 -23.11139498
v 269.52894221 5.20318631 -21.63601861
v 268.4277143 5.18175495 -19.94146646
v 269.67358425 5.47503279 -21.51201765
v 268.54021976 5.46709261 -19.83093627
v 267.054667 5.50549142 -18.02639523
v 268.44246574 5.8845698 -19.88482073
v 266.98402359 5.91203671 -18.0983987
v 264.90976567 5.94293909 -16.98255138
v 266.92071337 6.3329401 -18.18533982
v 264.88318454 6.35567836 -17.080577
v 262.66714323 6.34173521 -16.73358205
v 264.85091353 6.80724443 -17.16303775
v 262.65495416 6.78466906 -16.8018908
v 260.58220238 6.75696175 -16.59411755
v 262.63957721 7.39937648 -16.88085573
v 260.56914638 7.39172333 -16.69393189
v 258.75830746 7.35232899 -16.61861367
v 260.56627401 8.08201148 -16.79255146
v 258.73821729 8.03966024 -16.73084479
v 257.20236368 7.98993945 -16.70817031
v 258.7240502 8.65835679 -16.83626808
v 257.17003506 8.61028274 -16.81130695
v 255.88118099 8.57449088 -16.68845668
v 257.13487521 9.1241136 -16.9225957
v 255.81539894 9.12666739 -16.78252284
v 254.77106709 9.13148384 -16.30284379
v 255.75211616 9.60946659 -16.89949942
v 254.69961162 9.65424225 -16.40524793
v 253.93109086 9.69428052 -15.61524334
v 254.54738673 10.05207268 -16.62435773
v 253.7041952 10.10957376 -15.81201062
v 253.18936247 10.22924833 -14.68052949
v 253.38897744 10.37791723 -16.08752335
v 252.76941688 10.51456434 -14.84978905
v 252.58107469 10.80125185 -13.31522691
v 252.28849848 10.6168814 -15.03452706
v 252.00679999 10.93774088 -13.36978214
v 252.13432026 11.32732361 -11.6204311
v 251.4098371 10.8983526 -13.41206531
v 251.45725186 11.25026862 -11.52480598
v 251.72774342 11.50846447 -9.65628637
v 250.85119174 10.91452526 -11.43065135
v 251.07165131 11.11692524 -9.53341896
v 251.2282026 11.17303326 -7.62899603
v 250.49060033 10.54201565 -9.44941365
v 250.63739871 10.5934477 -7.59507896
v 250.55142225 10.63967338 -5.71324546
v 250.12569624 9.81056026 -7.59718455
v 250.0187723 9.8475453 -5.82330104
v 249.47079067 9.91899353 -4.22938403
v 249.57907398 8.90929179 -5.93916309
v 249.05054741 8.97750537 -4.4526611
v 248.1320596 9.07118154 -3.23216105
v 248.45412498 10.00715959 -2.89448417
v 246.83550471 9.14715253 -2.41187718
v 247.03821564 10.03252426 -2.01916429
v 245.32391814 9.13844324 -2.01157869
v 246.65628992 8.22731315 -2.65902762
v 245.24060967 8.25987342 -2.26839836
v 243.71348291 8.24428043 -2.22779691
v 245.14111905 7.41358712 -2.43280135
v 243.68341625 7.38301258 -2.40661802
v 242.16142658 7.36802246 -2.81255153
v 243.66377601 6.62889965 -2.56526667
v 242.19668107 6.63489405 -2.99445214
v 240.74646236 6.62694769 -3.7454259
v 242.22522512 6.09817147 -3.14800897
v 240.81996992 6.09051043 -3.88738487
v 239.54070689 6.05327312 -4.92998286
v 240.83466237 5.56306889 -3.94920677
v 239.59691161 5.50155493 -4.98844954
v 238.5175859 5.47770009 -6.28997416
v 239.26627164 5.19748031 -4.67076406
v 238.21529451 5.18838343 -6.09238934
v 237.46303271 5.1727246 -7.81964682
v 236.96493493 5.15162074 -7.64951417
v 236.45580923 5.14781525 -7.40251874
v 235.77601591 5.14611158 -7.17192218
v 234.80095507 5.144828 -4.77749871
v 234.8292529 5.1447649 -6.88791509
v 232.92291368 5.14261164 -4.88978882
v 233.3871623 5.14308454 -6.6768024
v 230.77826509 5.14020874 -5.48118528
v 231.52572794 5.14099953 -6.87476856
v 232.07417699 5.14161063 -9.04293558
v 229.68665771 5.13894642 -7.71102057
v 230.5100468 5.13986101 -9.48129921
v 231.05851505 5.14050503 -11.44822441
v 228.85322663 5.13803937 -6.47601187
v 227.22865192 5.1362215 -7.87465404
v 228.22062036 5.1374149 -5.56461035
v 226.51600247 5.13551541 -7.08310901
v 225.24693807 5.13417147 -8.89962684
v 225.98117551 5.13484464 -9.54379737
v 224.36191826 5.13335667 -10.8494001
v 225.08823833 5.13389301 -11.37275118
v 223.76385062 5.13278707 -12.64521187
v 224.56995934 5.13339439 -13.05113166
v 225.82207369 5.13473868 -13.43778019
v 227.6575877 5.13693685 -13.54394284
v 224.41272956 5.13337519 -14.28763964
v 225.80565853 5.13500239 -14.51416289
v 224.37353516 5.13379665 -15.17571512
v 223.46463942 5.13279735 -14.01417214
v 223.37889821 5.13328226 -14.9358972
v 223.37853882 5.13442935 -15.64208235
v 224.40059056 5.13463751 -15.78561947
v 223.3901576 5.13723966 -16.22857424
v 224.43845457 5.13651299 -16.30509135
v 223.4219173 5.14411093 -16.80357252
v 224.48097179 5.1348419 -16.81457986
v 223.43112633 5.33564648 -17.1625309
v 224.48973191 5.43728178 -17.05871663
v 223.39367743 5.78610043 -17.033547
v 224.44111758 5.92274364 -16.91565001
v 223.35534961 6.3315677 -16.88198054
v 224.37951121 6.43967235 -16.79538543
v 223.32219521 6.97330617 -16.74478691
v 224.32287286 7.03359861 -16.67942118
v 225.78394031 7.12597893 -16.5405232
v 224.29434149 7.85534729 -16.54257598
v 225.72799244 7.99952398 -16.38568313
v 227.48417377 8.15267273 -16.11954677
v 225.6670709 9.04551535 -16.16965558
v 227.28028051 9.25150896 -15.86678258
v 229.22196209 9.34334257 -15.35353488
v 226.97546662 10.49679054 -15.36270343
v 228.81715219 10.65853937 -14.8017481
v 230.80925251 10.71123369 -14.14937951
v 228.3231141 11.88021196 -13.9709562
v 230.24356511 11.96379649 -13.24278449
v 232.16617048 11.9446451 -12.37908099
v 229.5450355 12.72847644 -12.03931018
v 231.21171318 12.72611984 -11.18823334
v 232.36919862 12.71282241 -10.00058864
v 229.93591065 13.10036017 -9.71141841
v 230.93041077 13.0863119 -8.72366851
v 231.93961603 13.01603011 -7.4396758
v 229.66743362 13.13765217 -7.29824083
v 230.98934658 13.05485689 -6.27289766
v 232.59775166 12.88557488 -5.18353235
v 230.33449518 12.84013779 -5.15852733
v 232.17113335 12.69704304 -4.29537046
v 234.25449673 12.30656193 -3.44058106
v 231.86513044 12.19200695 -3.48949099
v 234.02177881 11.8751529 -2.88209208
v 236.09138181 11.26069299 -2.3162507
v 233.85987097 11.20245109 -2.46565534
v 235.94643731 10.73861179 -2.08376666
v 233.78708494 10.36832281 -2.22407956
v 235.85793826 10.0963253 -1.94811485
v 233.75208079 9.34090512 -2.05650379
v 235.80823342 9.25616989 -1.82624742
v 237.8507553 9.12025402 -1.50109568
v 235.79473984 8.24364309 -1.71933444
v 237.835735 8.24360228 -1.44224492
v 235.81351796 7.29070428 -1.63130452
v 237.84277465 7.36236413 -1.38168774
v 235.84739662 6.54692963 -1.53731312
v 237.8612702 6.63543382 -1.30383458
v 235.88527109 6.02866933 -1.41827828
v 237.8790305 6.09458272 -1.19629611
v 235.91532814 5.54155454 -1.23556013
v 237.87182967 5.6005994 -1.04070228
v 235.95579722 5.19811302 -1.25805079
v 237.8699902 5.21291658 -1.07367423
v 239.82688678 5.31969856 -0.76709554
v 237.88373137 5.16604468 -1.47954327
v 239.85537871 5.1927959 -1.19459792
v 237.8896956 5.15441698 -1.95656599
v 239.89488689 5.15834043 -1.67640519
v 236.02030768 5.15766486 -1.65674987
v 236.09875754 5.1504222 -2.12424739
v 234.0164058 5.14923086 -1.81630247
v 234.1492696 5.1458242 -2.28611957
v 234.30777901 5.14499603 -2.76759626
v 231.93704166 5.14227797 -2.67953204
v 232.14827027 5.14204375 -3.14480327
v 232.48230421 5.14221968 -3.89894432
v 234.58861195 5.14478479 -3.53078241
v 229.85506921 5.13954997 -3.77923598
v 230.22463816 5.13968474 -4.54483087
v 227.73511657 5.1372112 -4.87145308
v 229.63065361 5.14027287 -3.31528571
v 227.44002614 5.13799513 -4.45469673
v 225.63568345 5.13612171 -6.16487222
v 225.97611311 5.13526233 -6.50733777
v 224.34024359 5.13514436 -8.18342199
v 224.70022013 5.13409294 -8.47511755
v 223.52912931 5.13374041 -10.30075867
v 223.89680701 5.13337896 -10.53616447
v 222.91771916 5.13421399 -12.1381801
v 223.29433565 5.1330981 -12.36836514
v 222.44258494 5.13595024 -13.46669393
v 222.86931916 5.13355626 -13.71623801
v 222.14415802 5.13676985 -14.44645564
v 222.68394399 5.13399178 -14.67881691
v 222.00917835 5.13788437 -15.22268544
v 222.61746922 5.13493415 -15.41565718
v 222.56744957 5.13759288 -16.08422849
v 222.52978223 5.14693015 -16.68030868
v 222.47049458 5.18126628 -17.16124149
v 221.65966116 5.64707899 -16.94679552
v 222.45674723 5.67219924 -17.10206357
v 221.72817944 6.25335173 -16.76267479
v 222.46800937 6.26188037 -16.90037046
v 221.78842729 6.99710786 -16.60075529
v 222.48938106 6.97670151 -16.73854766
v 221.84328773 7.84586102 -16.41855427
v 222.52616673 7.83194769 -16.5967924
v 223.32456382 7.8119695 -16.60502818
v 222.57518194 8.78199116 -16.42089579
v 223.32785149 8.76351911 -16.44356821
v 224.29212291 8.84083815 -16.37038643
v 222.66050581 9.8152875 -16.07361483
v 221.93722324 8.77216744 -16.17342506
v 222.13791637 9.77339141 -15.75637585
v 222.62621838 10.91685873 -14.99244965
v 223.11691712 10.96695374 -15.3016154
v 223.60169656 11.86590916 -13.86135055
v 224.08247093 11.89431681 -14.26256672
v 225.47126125 12.59688303 -13.08293216
v 226.02592606 12.31428863 -13.77913396
v 224.8761903 12.5916417 -12.52126629
v 226.19349274 12.99612393 -11.00045766
v 227.06617247 12.98907982 -11.78754666
v 223.16148282 11.59973455 -13.44182882
v 224.22414663 12.3063548 -12.02657105
v 225.26849545 12.71295581 -10.42920623
v 226.30530232 12.91230055 -8.82715219
v 227.39989279 13.11750971 -9.56474074
v 223.64484116 11.73729125 -11.62874302
v 224.46015787 12.07252802 -9.98657793
v 225.38117787 12.23352538 -8.26493077
v 226.54930483 12.28267811 -6.6175799
v 227.45917093 12.91427393 -7.37542733
v 223.85469462 11.14069568 -9.69595642
v 224.71786401 11.2200377 -7.88571693
v 225.92020802 11.26946237 -6.09038115
v 227.51731667 11.3398407 -4.48937922
v 228.03266234 12.3425472 -5.18136916
v 224.30896725 10.0741692 -7.66820929
v 225.5603119 10.08153313 -5.78861444
v 227.26389016 10.16158538 -4.15610143
v 229.39335073 10.26375301 -3.04933453
v 229.55972419 11.33856612 -3.48222501
v 225.41056604 8.91806254 -5.68135442
v 227.14558672 9.00160558 -3.99437603
v 229.3170579 9.13815912 -2.83653188
v 231.60905287 9.28909923 -2.31382139
v 231.63454589 10.38474439 -2.512745
v 227.10121045 7.99150184 -3.92465304
v 229.28368643 8.10186297 -2.75818216
v 231.60487257 8.19627857 -2.22143489
v 233.74696771 8.23526619 -1.93492716
v 229.25909412 7.19510556 -2.69307226
v 231.60995752 7.24809224 -2.14310026
v 233.7669159 7.26563993 -1.83295785
v 231.58657695 6.54491938 -2.05749965
v 233.79285301 6.51122487 -1.71951825
v 231.57179876 6.06117455 -1.96178126
v 233.82253833 6.01002152 -1.59886891
v 231.56858963 5.59458305 -1.82415006
v 233.84085349 5.52770363 -1.41191352
v 231.60973668 5.19296119 -1.8219608
v 233.89809043 5.16732586 -1.43163057
v 231.75943658 5.14587256 -2.22518928
v 229.24312734 5.19321565 -2.44780793
v 229.42601336 5.14644251 -2.87046541
v 226.91314841 5.16128174 -3.71922886
v 227.15678126 5.14214012 -4.05829254
v 225.00286748 5.13921973 -5.54819365
v 225.30721816 5.13804588 -5.8460345
v 223.6328287 5.15864564 -7.66499811
v 223.97254841 5.1402883 -7.91093046
v 222.76627477 5.16779774 -9.84153946
v 223.14297596 5.13425995 -10.06295237
v 222.18247007 5.19840622 -11.69314718
v 222.53189879 5.13819437 -11.90839285
v 221.66437883 5.16831864 -12.99137556
v 222.02884946 5.14191035 -13.21966489
v 221.22689893 5.17731059 -14.02160753
v 221.66139706 5.14562599 -14.23015374
v 220.94086787 5.17365051 -14.91366098
v 221.46264834 5.14569835 -15.05198901
v 221.13192675 5.52433332 -13.93914129
v 220.80435393 5.56839801 -14.86271542
v 220.709879 5.62302011 -15.72881806
v 221.02453848 5.64586537 -16.46870354
v 220.98030678 6.10013371 -14.84987067
v 220.88861026 6.20265308 -15.6455864
v 221.15444691 6.24265199 -16.32157321
v 221.06692727 6.8697515 -15.52071628
v 221.28125972 6.9707078 -16.15499947
v 221.21100005 7.63191076 -15.3163346
v 221.40368372 7.77619255 -15.94524478
v 221.39488656 8.45742789 -15.0974237
v 221.54036912 8.66008052 -15.70154353
v 221.62435934 9.30344002 -14.77552362
v 221.76503404 9.61316671 -15.30861664
v 222.08905925 10.25036169 -14.13684819
v 222.29756431 10.65010333 -14.57802659
v 222.80985421 11.11681332 -13.0522352
v 223.22335171 10.91130572 -11.36002714
v 222.97590395 9.89573517 -11.22261404
v 223.52603095 10.04284558 -9.57839343
v 222.78746025 8.70180729 -11.21297225
v 223.35568911 8.80911394 -9.56172296
v 224.11475771 8.88234887 -7.59278408
v 223.24017547 7.80253003 -9.59084862
v 224.01367385 7.89034767 -7.5813179
v 225.33425504 7.9345305 -5.64874734
v 223.8998289 7.03558245 -7.59040003
v 225.24714245 7.07035376 -5.59226005
v 227.0455414 7.12212406 -3.87717381
v 225.16137295 6.46286465 -5.54184809
v 227.00008682 6.49081235 -3.80671283
v 229.22999126 6.53879226 -2.61728902
v 226.94734425 6.01004244 -3.73879091
v 229.21363817 6.06432093 -2.52465836
v 226.87225252 5.51623813 -3.64791879
v 229.19160789 5.58791513 -2.38057187
v 225.05243361 5.99494498 -5.48957196
v 224.92749387 5.52175655 -5.43525884
v 223.68136587 5.99980943 -7.55486846
v 223.54163731 5.54242352 -7.55089734
v 222.90542686 5.97580131 -9.72216444
v 222.77759864 5.54530824 -9.75409252
v 222.28969854 5.98196168 -11.56533884
v 222.15947598 5.55378579 -11.60415157
v 221.7437762 5.99863799 -12.90494986
v 221.60378085 5.52974577 -12.90092936
v 221.29782354 6.02039959 -13.95225353
v 221.86336829 6.43813877 -12.87498882
v 221.43318215 6.53444632 -13.938166
v 221.16450639 6.70750896 -14.7836579
v 221.57661365 7.17844058 -13.86090748
v 221.33327899 7.41895122 -14.64746838
v 221.74224502 7.90730981 -13.69160609
v 221.4978387 8.19571548 -14.46872546
v 222.14584969 7.72152004 -12.62366974
v 221.98342197 6.98461392 -12.79823784
v 222.51583702 6.93708668 -11.42870351
v 222.63837659 7.73030022 -11.32020209
v 222.40803997 6.41242903 -11.51075823
v 223.02121518 6.42287465 -9.68361508
v 223.13033422 6.9762948 -9.6338492
v 223.79932699 6.45487715 -7.56717961
v 231.69235072 11.36033329 -2.88954599
v 229.86335077 12.26977385 -4.1933504
v 228.75889624 12.92891598 -6.13848039
v 228.55628682 13.1511953 -8.32438646
v 228.58429796 13.08944216 -10.67403709
v 227.78292896 12.66324806 -12.86511589
v 226.55094618 11.59071937 -14.61946204
v 240.64463297 5.21065188 -3.66901031
v 242.15756108 5.19747586 -3.10495215
v 242.00130608 5.16461021 -2.62704193
v 242.24153072 5.5955141 -3.2912354
v 243.62400995 5.59772085 -2.88984228
v 243.57830434 5.1993215 -2.81702332
v 243.6416708 6.09474046 -2.72699344
v 244.97728121 6.08820492 -2.70952326
v 244.91461707 5.63989017 -2.85759322
v 245.04842941 6.62095604 -2.5782335
v 246.35873439 6.60143788 -2.91384458
v 246.2644124 6.09961726 -3.02012656
v 246.5010788 7.38513703 -2.78802523
v 247.68917754 7.32485179 -3.54255174
v 247.54329683 6.5725485 -3.61656409
v 247.87565694 8.14750838 -3.4403657
v 248.75965156 8.06116876 -4.59944851
v 248.56202833 7.25909718 -4.67127023
v 249.29103267 8.01288039 -6.02541801
v 249.72344854 8.89602746 -7.63078475
v 249.9950512 9.78223851 -9.43527674
v 250.34155508 10.41583224 -11.37871404
v 250.86843148 10.63877749 -13.43700998
v 251.80900941 10.54834206 -15.20550058
v 252.99954431 10.45435291 -16.41637187
v 254.32597245 10.31317057 -16.97076902
v 255.66396964 10.02254455 -17.08742118
v 257.09735602 9.58604041 -17.05669815
v 258.71280761 9.14885243 -16.93011888
v 260.56917656 8.67499965 -16.87447382
v 262.63302864 8.05239509 -16.95740644
v 264.82031327 7.37839401 -17.23859054
v 266.86542221 6.79696307 -18.2611162
v 268.36013256 6.30667173 -19.93555436
v 269.58088089 5.89172879 -21.56293131
v 270.83440503 5.4680799 -22.95371403
v 271.90200393 5.19328355 -24.48330724
v 272.95933417 5.1864836 -26.10695047
v 274.10109082 5.18742426 -27.67740084
v 275.25393095 5.18828947 -29.30610596
v 276.59643011 5.18978875 -30.99083885
v 278.06876501 5.19174654 -32.67815812
v 279.49262893 5.19399752 -34.29020305
v 286.72651431 5.19870903 -35.28999594
v 286.81022195 5.19900601 -34.32317844
v 284.81306822 5.19752318 -33.54113392
v 286.87878584 5.19946142 -33.67765677
v 284.96944942 5.19868297 -32.98651867
v 283.11957966 5.19697312 -31.9505104
v 285.10343871 5.20129403 -32.51992099
v 283.31472557 5.19923645 -31.50000433
v 281.39018505 5.19744979 -30.55197386
v 283.52187675 5.20279743 -31.05579856
v 281.5374361 5.20634503 -30.12853245
v 279.63748222 5.24988504 -29.42610649
v 281.56427236 5.57999416 -30.06885248
v 279.64447798 5.68391267 -29.42974702
v 277.91655933 5.74853219 -28.67444824
v 279.60020993 6.15575305 -29.56622255
v 277.85389931 6.22037325 -28.7974031
v 276.2620769 6.23939382 -27.83408141
v 277.79458627 6.70610295 -28.90864624
v 276.20085993 6.7421911 -27.92203692
v 274.7227693 6.75812325 -26.83188356
v 276.13046343 7.49001643 -28.02764916
v 274.64428516 7.54104327 -26.93403119
v 273.20059719 7.58344063 -25.79677411
v 274.54617449 8.41190901 -27.05804776
v 273.09715329 8.45320986 -25.89384365
v 271.70885799 8.44682589 -24.62925816
v 272.95337817 9.35234592 -26.02678323
v 271.57333786 9.2341594 -24.71526806
v 270.29316401 9.08074626 -23.28984743
v 271.42374392 9.8434467 -24.80999967
v 270.15616792 9.63608707 -23.340739
v 269.01789817 9.37058384 -21.76985821
v 269.98988293 10.10832107 -23.41133554
v 268.87284735 9.81797474 -21.80466947
v 267.82163223 9.53911673 -20.1486557
v 268.67695797 10.21196067 -21.87977542
v 267.65328144 9.89522836 -20.23797246
v 266.41906833 9.7619873 -18.72395572
v 267.39258942 10.12884939 -20.40868655
v 266.20286383 10.00092848 -18.9869992
v 264.58909121 10.03078094 -18.01698526
v 265.92534358 10.0500828 -19.33322394
v 264.45049021 10.07937062 -18.39301534
v 262.60561076 10.22553634 -17.97862486
v 264.27747009 9.96800887 -18.77065273
v 262.55384492 10.11671732 -18.37456438
v 260.63123028 10.26022433 -18.33897278
v 262.50321211 9.83273934 -18.64752023
v 260.64683767 9.97688795 -18.63799915
v 258.72639035 9.96483292 -18.76009257
v 260.6583354 9.58863887 -18.82399776
v 258.75319644 9.63357597 -19.0268757
v 256.83200564 9.54662945 -19.20738059
v 258.7948884 9.22424798 -19.24318377
v 256.8787949 9.09179664 -19.53342668
v 254.91886408 9.03062107 -19.56185997
v 256.96913891 8.51516242 -19.77450658
v 254.88802789 8.45632332 -19.86926272
v 252.81244215 8.37807391 -19.07532507
v 254.86607494 7.73286876 -20.09496876
v 252.68170931 7.68020959 -19.25834261
v 251.18654905 7.73103272 -17.43578065
v 252.58826523 7.07552376 -19.38748082
v 251.08509962 7.10623204 -17.5017225
v 250.21996062 7.19822108 -15.41705153
v 250.99521102 6.58719226 -17.57026341
v 250.12144118 6.64654781 -15.45376759
v 249.58245938 6.68138256 -13.47245857
v 250.02303834 6.1583113 -15.50208494
v 249.47696339 6.16889581 -13.51894605
v 249.03255049 6.11856032 -11.55544945
v 249.34536089 5.68399017 -13.56797463
v 248.86106532 5.62780534 -11.60515018
v 248.67214152 5.58786781 -9.55989583
v 248.83446362 5.22845916 -11.62055524
v 248.64868242 5.19852659 -9.55141588
v 248.6799315 5.23203317 -7.71981877
v 249.07507919 5.17043383 -9.54482753
v 249.08346861 5.17516283 -7.70383827
v 248.92310258 5.1785664 -6.05579468
v 249.55613888 5.16415137 -7.6791748
v 249.3538765 5.1643194 -5.94958951
v 248.75547057 5.16466473 -4.39242765
v 249.80852516 5.16228721 -5.83570547
v 249.12373536 5.16209757 -4.17033848
v 247.96713398 5.16221965 -2.75775556
v 249.61012554 5.16165004 -3.85923861
v 250.3855186 5.16216855 -5.68435985
v 250.68126073 5.16225257 -7.60948884
v 251.53180466 5.16308177 -7.53268094
v 250.03898866 5.16223234 -7.65658948
v 250.08560096 5.16252588 -9.49636752
v 250.79760151 5.16250771 -9.44842053
v 249.55370546 5.16400014 -9.52738478
v 249.72053776 5.16471926 -11.44156061
v 250.24026751 5.16290894 -11.34946355
v 249.23398983 5.17484356 -11.53722414
v 249.65729613 5.17460899 -13.48529989
v 250.11246467 5.1651733 -13.35447104
v 249.28086963 5.26449794 -13.58941182
v 249.86127727 5.26974167 -15.5772996
v 250.23168331 5.17804995 -15.43241133
v 249.90745474 5.68869482 -15.56129303
v 250.79863853 5.69510588 -17.69946747
v 250.80590863 5.29548913 -17.68476507
v 250.90563792 6.13577948 -17.63495323
v 252.45449267 6.12453003 -19.56120223
v 252.3691856 5.70466297 -19.65828137
v 252.517438 6.56718954 -19.4797274
v 254.80360696 6.58889284 -20.36545021
v 254.78093522 6.1522394 -20.48367316
v 254.83102757 7.10180242 -20.24030369
v 257.08090365 7.19633394 -20.06694665
v 257.09632449 6.64334657 -20.19120669
v 257.04108545 7.85782496 -19.92763475
v 258.94677859 8.04887955 -19.53525552
v 258.99006723 7.34522179 -19.683725
v 258.87086504 8.69094312 -19.39436135
v 260.68424713 8.69319067 -19.08769247
v 260.6976296 8.08197359 -19.2193327
v 260.66904302 9.17969625 -18.96106587
v 262.42495293 9.03672136 -18.92112148
v 262.3866107 8.55951791 -19.02248997
v 262.45457652 9.44919932 -18.80959336
v 264.09133088 9.28062785 -19.11138476
v 264.03540598 8.89201964 -19.25677885
v 264.18553215 9.65074892 -18.97134209
v 265.55740801 9.60459837 -19.81848931
v 265.43048854 9.26313023 -19.9826327
v 265.68978416 9.91824217 -19.63065191
v 266.8197413 10.04120217 -20.88639068
v 266.59905129 9.7624539 -21.1056073
v 267.08095184 10.18472762 -20.65109976
v 268.08114458 10.57019033 -22.2184876
v 267.7638226 10.39837718 -22.47233823
v 268.4186692 10.5142935 -22.00021695
v 269.52415766 10.86100144 -23.66466271
v 269.1916645 10.92386751 -23.90781274
v 269.78552457 10.51935044 -23.51547038
v 271.04158912 10.7725456 -25.07445928
v 270.77914679 11.10590624 -25.27591595
v 271.25165382 10.34523417 -24.92401351
v 272.63328807 10.54718177 -26.31017751
v 272.42420278 10.99157592 -26.50000081
v 272.80498037 10.01245318 -26.15882022
v 274.27122759 10.08423548 -27.39885833
v 274.11588341 10.64451095 -27.59289623
v 274.40936495 9.3744303 -27.22743591
v 275.93358915 9.27003777 -28.34084741
v 275.81257082 10.01503976 -28.54873451
v 276.04866521 8.34269322 -28.15585598
v 277.66357635 8.25496336 -29.14755883
v 277.55946305 9.14161028 -29.34067322
v 277.73456544 7.4034371 -29.01846862
v 279.50642292 7.29454748 -29.79349269
v 279.42208977 8.1730398 -29.94339458
v 279.56083069 6.64305885 -29.67530832
v 281.45858433 6.56377259 -30.33012405
v 281.38515359 7.22497435 -30.45777327
v 281.51198801 6.07014352 -30.21148153
v 283.4424763 6.05926444 -31.02049331
v 283.34403093 6.54851705 -31.11396964
v 283.56292949 5.5666957 -30.89784743
v 285.25512315 5.56117935 -31.89054443
v 285.15522925 6.06111077 -31.958823
v 285.23770783 5.21745182 -32.06293493
v 286.95695174 5.20065138 -32.66418787
v 286.94568172 5.53097552 -32.42711407
v 286.93029654 5.20007869 -33.15263768
v 288.7187902 5.20356971 -33.42207851
v 288.7118548 5.2025032 -32.91641571
v 288.71576145 5.20186535 -33.95960903
v 290.58597651 5.2043557 -33.98664008
v 290.56468198 5.208631 -33.47243903
v 288.70410735 5.20084376 -34.6440559
v 290.58633316 5.20279777 -34.66606098
v 292.56054629 5.20490164 -34.52294292
v 292.58993944 5.2073241 -33.8467771
v 288.66169935 5.20050392 -35.67085995
v 290.53111882 5.20225903 -35.73525108
v 292.43592857 5.20400454 -35.61755916
v 290.42031702 5.2021541 -37.23990363
v 292.2349172 5.20372917 -37.12274119
v 290.29875549 5.20265237 -39.02452905
v 291.98836483 5.20366744 -38.96917753
v 293.69369954 5.20502338 -38.85348969
v 293.37943923 5.20484883 -40.7657122
v 294.97021364 5.20613928 -40.71554166
v 295.19112039 5.20633234 -38.69072178
v 291.75517299 5.20415097 -40.77272441
v 293.10000956 5.20463656 -42.56976113
v 290.18829937 5.20590437 -40.70745264
v 296.3410854 5.20736388 -38.50524373
v 297.00715813 5.20904594 -36.24739935
v 296.48379332 5.21416725 -34.27427194
v 296.21574341 5.21133774 -34.53640563
v 294.7015931 5.21397521 -33.39105096
v 294.60914488 5.20958057 -33.82361223
v 292.6014015 5.21223038 -33.35770316
v 294.79925384 5.22765671 -32.91838618
v 292.5818902 5.2231712 -32.86616081
v 290.53447129 5.22880244 -32.96534073
v 292.56834862 5.40879533 -32.49730755
v 290.49493293 5.47578449 -32.67083864
v 288.68233546 5.49516171 -32.63592707
v 290.45656327 5.93761305 -32.74029963
v 288.6199004 5.99227802 -32.70958415
v 286.87237718 6.04214747 -32.49855444
v 288.55393729 6.50289924 -32.79505856
v 286.79211529 6.5440984 -32.58022166
v 285.05772213 6.56346362 -32.0239041
v 286.70592209 7.16368296 -32.64434256
v 284.95877746 7.20094153 -32.08023228
v 283.24254584 7.20360129 -31.21338823
v 284.85893295 8.05714054 -32.14510694
v 283.12293214 8.10378028 -31.33960058
v 281.27558634 8.12314584 -30.61610642
v 282.98112955 9.07009617 -31.512286
v 281.13910602 9.06249077 -30.81598749
v 279.30596023 9.08305923 -30.15202927
v 280.97151515 9.91148068 -31.10862474
v 279.1630493 9.88203656 -30.43857609
v 277.43061496 9.90043219 -29.58576334
v 278.97310494 10.53839953 -30.80744307
v 277.27038747 10.51850569 -29.87138974
v 275.66846374 10.60502005 -28.78062391
v 277.06546396 11.01296326 -30.18567474
v 275.4752547 11.07979553 -29.05120739
v 273.91674855 11.10003109 -27.82639877
v 275.20735293 11.37184757 -29.39557893
v 273.66040761 11.41455082 -28.11758886
v 272.16893727 11.31576716 -26.75109905
v 273.33410364 11.46656521 -28.48920064
v 271.85771394 11.36710768 -27.0837918
v 270.46627466 11.16999868 -25.55782654
v 271.56077293 11.13271572 -27.42299334
v 270.17115255 10.95876377 -25.86082591
v 268.89015842 10.71205237 -24.16870392
v 269.91150029 10.64175318 -26.1356533
v 268.62078343 10.42134943 -24.40995349
v 267.49786319 10.12398671 -22.70450815
v 268.36920509 10.05977307 -24.64190453
v 267.29568037 9.75641633 -22.90872665
v 266.45601689 9.41235964 -21.2787243
v 267.16555109 9.30762049 -23.0750078
v 266.33715764 9.00630817 -21.43213967
v 265.34943929 8.85926271 -20.11881023
v 266.24383426 8.53317169 -21.5586219
v 265.24630265 8.40102496 -20.2633247
v 263.96837019 8.42516117 -19.37500574
v 265.18701705 7.86665624 -20.35058595
v 263.88217425 7.92234777 -19.46912231
v 262.3443289 8.01781102 -19.12181255
v 263.82289414 7.35590197 -19.55525344
v 262.31230755 7.41928832 -19.23118056
v 260.70123996 7.42270218 -19.35394578
v 262.27752081 6.79980972 -19.36760327
v 260.69529768 6.80606681 -19.48131139
v 259.0042014 6.74338038 -19.81425276
v 260.68638152 6.32180176 -19.58544218
v 259.00623977 6.28710487 -19.9187786
v 257.09680184 6.20233484 -20.29999292
v 259.00976508 5.85693862 -20.02931531
v 257.1038168 5.77615514 -20.41468541
v 254.76013177 5.74127855 -20.62169993
v 257.1290317 5.38587223 -20.51321977
v 254.77829878 5.31471957 -20.68403211
v 252.40089146 5.25753956 -19.63303458
v 254.86746311 5.18894138 -20.24872775
v 252.67493029 5.18945851 -19.26191216
v 251.1266791 5.19219749 -17.45461535
v 252.92752644 5.17888772 -18.90403435
v 251.48903728 5.17716073 -17.1814407
v 250.65712674 5.16976135 -15.26560578
v 251.84808139 5.17139438 -16.94236694
v 251.07834529 5.16619145 -15.09659381
v 250.57940802 5.16336263 -13.22021769
v 251.56725805 5.16497543 -14.90974542
v 251.15848647 5.16321037 -13.07580472
v 250.92934942 5.16272753 -11.25135562
v 251.86471208 5.16370316 -12.94617201
v 251.74527945 5.16332217 -11.17375761
v 251.65977486 5.16321826 -9.39762037
v 252.60608383 5.16429334 -11.15491022
v 252.60239665 5.16434341 -9.37590335
v 252.46506312 5.16432112 -7.47181512
v 253.5232493 5.16576999 -9.40251877
v 253.41243379 5.16609201 -7.43976496
v 254.09199598 5.16810569 -7.42636329
v 253.90594181 5.16902851 -5.26971595
v 254.48877053 5.17449171 -5.30680854
v 254.61066128 5.178969 -3.31029403
v 253.97066489 5.17123731 -3.19732082
v 254.92490238 5.18695376 -1.47921817
v 254.29096349 5.17524479 -1.35608602
v 255.43262961 5.19822481 0.25989917
v 254.85540847 5.17976151 0.41592371
v 254.11105736 5.1714513 0.63210901
v 255.66578579 5.18194356 2.10951927
v 255.06774473 5.17398143 2.34331192
v 254.14372616 5.16858613 2.69182948
v 253.04275888 5.16656902 0.99678265
v 253.02353289 5.16516164 3.24579454
v 251.60505708 5.16339521 1.68278093
v 252.07651063 5.16370316 4.22838816
v 250.35470435 5.16188941 3.07160572
v 248.70434257 5.16100808 1.91691652
v 247.61973575 5.1626027 0.96510423
v 249.71811942 5.16181808 4.42913067
v 247.91415417 5.1611552 3.52743817
v 246.60630045 5.16692327 2.68570888
v 247.49142399 5.16186643 4.6576285
v 246.10001352 5.16613624 3.92047342
v 247.26216074 5.16468394 5.50852086
v 245.81906947 5.16522611 4.92858097
v 244.83827829 5.17073904 4.32802692
v 244.17675281 5.18298161 3.70981065
v 245.65941673 5.17163957 5.71602868
v 244.58298397 5.16896369 5.23136549
v 243.82451241 5.17194889 4.64868491
v 243.29074725 5.20420447 3.97928989
v 243.73442491 5.2507499 3.06747137
v 244.39708892 5.23812531 5.99954881
v 243.51195166 5.21870626 5.48258444
v 242.90492586 5.21717302 4.83752641
v 242.8804558 5.39425411 3.33061602
v 243.28993519 5.65706337 6.09606005
v 242.53338403 5.61655384 5.56444575
v 243.47005943 6.35457859 5.98517322
v 242.73435699 6.36081133 5.5877375
v 243.64176682 7.20394251 5.93594779
v 242.94321458 7.2290192 5.58966887
v 242.44231713 7.26041677 5.09120347
v 242.25371431 7.31599085 4.43587952
v 243.11056814 8.1417957 5.64102046
v 242.60028403 8.16484534 5.16448058
v 242.36238445 8.21123766 4.50671497
v 242.59863248 8.22659197 3.81196239
v 242.48496106 7.35967625 3.75594697
v 242.71806923 9.11305002 5.28050861
v 242.47836447 9.12875343 4.60664179
v 242.63055507 9.1198221 3.87497357
v 243.29917782 9.08647026 5.70609745
v 243.81747962 8.1376502 5.94297372
v 243.97694306 9.11177192 5.97928581
v 244.12998961 10.07152483 5.95156341
v 244.84964434 9.21933775 6.22706998
v 244.97309747 10.23164528 6.18957547
v 245.03725678 11.13625942 5.96618591
v 244.22493161 10.95514553 5.75441754
v 246.03098599 10.44287511 6.42469321
v 246.13483592 11.36914057 6.18008319
v 247.50101915 10.58722147 6.69750846
v 245.90694988 9.36260482 6.47715588
v 247.36691601 9.470934 6.78763025
v 249.21746065 9.42348709 7.15767553
v 249.35738261 10.5865905 7.02672048
v 251.05793963 9.29494635 7.442828
v 251.19784102 10.40234666 7.23308703
v 252.60560373 9.21229518 7.82665081
v 252.80238198 10.21430856 7.66421486
v 253.84088677 9.14853496 8.45385731
v 254.06599097 10.05032602 8.38420428
v 254.70928497 9.06159855 9.39266573
v 254.92137433 9.87580353 9.38490456
v 255.25290729 10.56303194 9.34005491
v 255.33195384 9.66724004 10.56858636
v 255.6190514 10.26187226 10.60563369
v 256.15774377 10.65742808 10.6133592
v 255.63813473 9.96589184 11.92370533
v 256.07234343 10.29373872 12.04185403
v 256.65419275 10.37521936 12.15863102
v 256.79858514 10.77318235 10.59124712
v 257.23384183 10.25565455 12.25493651
v 257.43884764 10.66354828 10.51706468
v 257.73856226 9.90494432 12.3014624
v 257.99448071 10.31864511 10.40327804
v 258.14315011 9.37713164 12.28680972
v 258.45404971 9.78152801 10.25444677
v 258.47236213 8.73613553 12.24442642
v 258.83283283 9.09731411 10.10851806
v 258.57727102 9.48349841 7.91724721
v 259.13147751 8.29483453 9.98326935
v 258.87531215 8.60097479 7.73323964
v 258.05195564 8.7862133 5.65648794
v 259.10798 7.767179 7.59437253
v 258.27888148 7.88379258 5.49477077
v 257.28608778 7.85970952 3.67891684
v 258.449438 7.12359591 5.36683075
v 257.43378601 7.0512454 3.56286961
v 256.56793097 7.01114566 1.88147685
v 257.54873587 6.43914973 3.46498665
v 256.6702967 6.4091544 1.79722875
v 256.10475161 6.38294261 0.11033815
v 256.78350723 5.84789455 1.70411936
v 256.21277705 5.81101903 0.05542284
v 255.81864442 5.71951387 -1.65049621
v 255.97867164 5.30745393 0.10668115
v 255.50892724 5.24775442 -1.58861395
v 255.20694106 5.20467703 -3.40639514
v 256.65432992 5.35866183 1.72264851
v 256.19442622 5.21126024 1.90225013
v 257.63709363 5.29958919 3.33348565
v 257.22316439 5.20458238 3.54076576
v 256.72859741 5.18215961 3.77315927
v 258.33274057 5.25119297 5.3323403
v 257.82848927 5.18948423 5.53726381
v 257.31935465 5.1788284 5.75018991
v 256.19141393 5.17533669 4.00924544
v 256.66399229 5.17293619 6.03845069
v 255.41176855 5.17010633 4.34667404
v 255.92442024 5.16937212 6.40964273
v 254.52826226 5.16718423 4.81148574
v 255.24375794 5.16756832 6.85474012
v 253.78453939 5.16569215 5.46918825
v 254.62712188 5.16654982 7.42057876
v 253.22175694 5.16507865 6.27185104
v 251.54800464 5.16340858 5.31583032
v 252.91217693 5.16531013 6.84843022
v 251.23749735 5.16411708 6.1774248
v 249.37628213 5.1628136 5.4316087
v 251.04446388 5.16632348 6.82269956
v 249.16171134 5.16580052 6.18556457
v 250.88888652 5.17461928 7.41826605
v 249.0054001 5.17527565 6.80184672
v 247.14202716 5.17518546 6.19625847
v 248.8476417 5.22795403 7.39435977
v 247.02609241 5.24270101 6.82114129
v 245.55355998 5.24892586 6.39474314
v 247.01145619 5.81604637 7.01898674
v 245.51834115 5.76765666 6.72121447
v 244.31221806 5.70043843 6.46769927
v 245.5791617 6.42083182 6.6002318
v 244.41803504 6.36396422 6.31276935
v 245.6520465 7.22229642 6.52440055
v 244.53372974 7.19815901 6.23709448
v 245.76409244 8.23077073 6.49051366
v 244.68474752 8.17572974 6.21628828
v 247.13780228 7.22448774 6.86369469
v 247.23616123 8.25545923 6.82307267
v 249.02540933 7.18477894 7.25545424
v 249.10927746 8.20521411 7.20355122
v 250.86870856 7.18464897 7.59124227
v 250.94668791 8.1641065 7.53293882
v 252.4239802 7.24870814 7.90011721
v 252.48062113 8.17491871 7.87860595
v 253.68408583 7.32889973 8.4682137
v 253.72296028 8.21173868 8.46212876
v 254.56859073 7.38350057 9.3537611
v 254.60063403 8.21107511 9.37089384
v 254.98985591 7.38584689 10.48728471
v 255.05275187 8.16348751 10.50772603
v 255.14723023 8.93269962 10.54208754
v 255.12310722 8.0997615 11.74548366
v 255.21742921 8.81562805 11.782734
v 255.35722909 9.4610501 11.8400306
v 254.79228755 8.75785323 13.04840331
v 254.93614497 9.35324748 13.11328551
v 255.17310629 9.83065274 13.22784855
v 254.10856083 9.38837886 14.31224824
v 254.36563152 9.86208362 14.47379532
v 254.74495509 10.17882906 14.72902791
v 255.57137876 10.13780142 13.4219108
v 255.20328406 10.21775838 15.04526623
v 256.09065585 10.18558608 13.65871849
v 255.63136942 10.05258052 15.35191899
v 256.5824163 10.02734295 13.86434706
v 256.01475327 9.72034477 15.62908259
v 257.02168115 9.68584086 14.03325752
v 256.36058227 9.21843379 15.86474352
v 257.40792915 9.18393057 14.16033884
v 256.64704336 8.58382404 16.03678698
v 257.70060686 8.55820106 14.22705092
v 256.87644104 7.89046941 16.16078469
v 257.93944743 7.88096976 14.27728593
v 258.75064779 8.02712841 12.21641047
v 258.16246114 7.19810517 14.34362489
v 259.00746608 7.32294579 12.21603462
v 259.39266883 7.52338378 9.89742731
v 259.23771422 6.6948439 12.23712888
v 259.60337001 6.86384832 9.85392469
v 259.29734549 7.05655051 7.4870933
v 259.80637037 6.30964561 9.83027629
v 259.458193 6.47546387 7.40922643
v 258.58425855 6.53164699 5.27000949
v 259.60451128 5.95120368 7.34461857
v 258.72581697 5.98975852 5.18632929
v 257.66110142 5.86412162 3.36051121
v 258.71062933 5.50040475 5.182793
v 259.71038861 5.490848 7.2825429
v 259.32549038 5.23003081 7.39074392
v 260.149637 5.39508125 9.80423836
v 259.80317701 5.21112032 9.82377435
v 259.31240969 5.18489858 9.85180676
v 258.81244637 5.19036762 7.53475223
v 258.82432544 5.17737335 9.87061574
v 258.30256006 5.18061506 7.6861102
v 258.19940696 5.17314023 9.91744066
v 257.68673332 5.17464432 7.89709121
v 257.44562118 5.17042114 10.00273949
v 256.97121843 5.17086764 8.15208237
v 256.67490293 5.16888619 10.11333004
v 256.25272144 5.16883784 8.44917701
v 256.06774818 5.16805253 10.22484238
v 255.58700261 5.16761187 8.76159647
v 255.60676082 5.16782791 10.3173729
v 255.16800625 5.16737456 8.98597367
v 254.28965487 5.16645688 7.77628686
v 254.80478389 5.16783409 9.18296591
v 253.97572653 5.16741194 8.13359163
v 252.68868587 5.16719864 7.36790758
v 253.67804479 5.18237531 8.50932131
v 252.49260993 5.17479315 7.86420841
v 253.51567194 5.52384808 8.72029683
v 252.34180339 5.43855267 8.22910427
v 250.76779959 5.35826883 7.93323869
v 252.3523711 5.92669865 8.10286792
v 250.79364548 5.86382944 7.78333748
v 248.88868072 5.83023953 7.42820276
v 250.82286579 6.43440668 7.66957552
v 248.95730085 6.43049145 7.32749681
v 247.06974044 6.45874676 6.9256908
v 252.38702341 6.50068597 7.98168498
v 253.58189842 5.95925669 8.6023429
v 253.64558449 6.560011 8.49742303
v 254.4258636 5.99425604 9.43166364
v 254.53564209 6.60002261 9.37461394
v 254.83771332 6.02063758 10.49437649
v 254.93292418 6.62824294 10.48387462
v 254.87803082 6.05618596 11.66467857
v 254.9710826 6.64356604 11.68638187
v 255.05211813 7.35899211 11.71722081
v 254.54824543 6.66059899 12.93891562
v 254.62217821 7.35719687 12.97209471
v 254.69507947 8.08122034 13.00875521
v 253.78244889 7.41041777 14.16438815
v 253.86923741 8.14538034 14.20060696
v 253.95895866 8.8088408 14.23058446
v 252.70292977 8.31038929 15.34100836
v 252.80540799 8.98077812 15.37239324
v 252.96344896 9.58235418 15.45525316
v 251.35603014 9.27436794 16.54733446
v 251.54306646 9.8939645 16.62672668
v 251.83448219 10.40391504 16.87485927
v 253.23289528 10.09111929 15.66095031
v 252.21931183 10.702661 17.27710697
v 253.61376614 10.38978322 15.99894955
v 252.64201183 10.78238318 17.74008057
v 254.03944551 10.46356701 16.39691749
v 253.07425075 10.65620134 18.21387702
v 254.45539118 10.31538718 16.79075383
v 253.48235019 10.27526311 18.64961107
v 254.83820714 9.97335055 17.15158117
v 253.88136064 9.67814828 19.02991405
v 255.1897315 9.44336327 17.47644485
v 254.27974834 8.93049561 19.34332389
v 255.48929249 8.76122491 17.72842647
v 254.57612694 8.1414886 19.53824209
v 255.72574079 8.02168647 17.89526563
v 254.8399163 7.38055138 19.69089496
v 255.94972841 7.299307 18.0298475
v 257.08320264 7.204532 16.27031627
v 256.13590604 6.69762437 18.13045469
v 257.23807769 6.67350513 16.35797994
v 258.33415069 6.64541169 14.41927232
v 257.36853893 6.22830692 16.43830493
v 258.4771165 6.19617514 14.4863575
v 259.42101673 6.20038803 12.28112807
v 258.62675708 5.76073807 14.5610804
v 259.6104371 5.76201582 12.33373889
v 259.99948888 5.83448362 9.81391445
v 259.77259596 5.36802688 12.38939767
v 258.75649405 5.3790987 14.64208576
v 258.51418851 5.18759949 14.54755527
v 259.46272515 5.18718352 12.32963197
v 258.07133251 5.1732263 14.35587981
v 258.99180108 5.17558874 12.22660233
v 257.66232499 5.17026305 14.17637696
v 258.54632509 5.17235801 12.13212397
v 257.22958402 5.16915916 13.98138193
v 258.01294676 5.17069206 12.01479829
v 256.6382095 5.16848634 13.74121903
v 257.32791142 5.16946471 11.90536547
v 255.99994422 5.16799972 13.49733602
v 256.5905835 5.16852372 11.82468384
v 255.49541309 5.16814032 13.30442052
v 256.01991642 5.16800178 11.76886045
v 255.0717282 5.16930217 13.1361438
v 255.56644332 5.16822502 11.71994778
v 254.65710487 5.17548449 12.96523064
v 255.11983979 5.17075927 11.67757819
v 255.16081297 5.16882584 10.41589783
v 254.73619531 5.21321253 11.6497488
v 254.76930581 5.19221395 10.49143553
v 254.44178923 5.19288266 9.40301671
v 254.70685978 5.56861885 10.51010734
v 254.3176132 5.54455963 9.48871059
v 254.76215916 5.60625842 11.64963632
v 254.33588996 5.32046501 12.82914536
v 254.37394412 5.69703314 12.84998723
v 254.46818655 6.12787085 12.89433209
v 253.54529004 5.78233472 13.99996595
v 253.62350533 6.22127413 14.06640094
v 253.69097459 6.71467927 14.11136581
v 252.44576032 6.28929379 15.21022065
v 252.51516918 6.78490259 15.26840339
v 252.61155698 7.53917019 15.31373314
v 251.00492278 6.89721567 16.46593679
v 251.10348611 7.74807047 16.50995518
v 251.22143455 8.58093418 16.53122228
v 249.47393876 8.02445288 17.77376445
v 249.58889685 8.91789914 17.78315522
v 249.71718117 9.63405907 17.78030205
v 247.97843007 9.19806439 19.23932581
v 248.08053929 9.95429114 19.25325148
v 248.25621643 10.58395141 19.35035805
v 249.90049602 10.28575166 17.84757104
v 248.56164699 11.06505086 19.60506939
v 250.21076737 10.78478064 18.11483633
v 249.00179248 11.27413375 20.01658167
v 250.61779139 11.05972945 18.56314079
v 249.51844273 11.23437008 20.53034445
v 251.06689145 11.08733873 19.09329559
v 250.0908903 11.00744308 21.0870941
v 251.54760684 10.90427687 19.62884673
v 250.74243929 10.59354718 21.62894415
v 252.06049721 10.50232363 20.12926271
v 251.40784811 9.89715297 22.09385736
v 252.59370545 9.82761456 20.55749896
v 251.96663887 9.01107625 22.4489619
v 253.0857375 8.99609659 20.89326229
v 252.37613746 8.17081797 22.69248552
v 253.46225729 8.18681561 21.12856658
v 252.71387607 7.38557598 22.88160411
v 253.76660557 7.40188912 21.30090907
v 253.00351955 6.67908288 23.04247356
v 254.02598074 6.71040328 21.44036877
v 255.06272974 6.72048677 19.80643466
v 254.21942298 6.1995842 21.54192793
v 255.23339599 6.22222507 19.89128357
v 256.28177165 6.23253627 18.20894707
v 255.40314045 5.73580232 19.98204184
v 256.42407904 5.78336591 18.29317596
v 257.50118668 5.79241649 16.52502212
v 256.54798621 5.39962781 18.37324307
v 257.62641619 5.41012281 16.61092451
v 256.24249392 5.17662988 18.19055235
v 257.36919187 5.19327566 16.46578865
v 255.80611242 5.16806556 17.93178347
v 256.9508649 5.17069514 16.22373277
v 255.37887478 5.16713863 17.6808279
v 256.55258146 5.16869587 15.99736384
v 254.88169879 5.16670208 17.37205446
v 256.12294606 5.16799012 15.75374695
v 254.28290877 5.16654227 16.95775211
v 255.55444629 5.16761975 15.4231303
v 253.69982491 5.16716572 16.49092947
v 254.98728531 5.16775213 15.06471169
v 253.2738712 5.16923152 16.08554602
v 254.56216835 5.16869278 14.76146901
v 252.95590452 5.17352945 15.7519308
v 254.20460569 5.17147119 14.49176207
v 252.63007515 5.19358052 15.39198684
v 253.81791326 5.1813479 14.21083722
v 252.36822266 5.35849688 15.10129263
v 253.51321656 5.35608369 13.97538479
v 252.38023341 5.80547181 15.13093268
v 250.85608328 5.33421029 16.25637688
v 250.88332283 5.80304593 16.30207425
v 250.95247107 6.32626704 16.39962526
v 249.24064678 5.86921686 17.55664364
v 249.31626129 6.44308416 17.65704233
v 249.38219011 7.10643917 17.72890657
v 247.75625174 6.53737939 19.08773465
v 247.82180197 7.26290952 19.16629287
v 247.89392821 8.26651167 19.2219297
v 246.52055444 7.32707569 20.80680847
v 246.57765215 8.35588124 20.88420073
v 246.63025474 9.3337457 20.95287161
v 245.47046687 8.29886258 22.650297
v 245.50495046 9.28773695 22.78247288
v 245.54324056 10.02476583 22.90598226
v 246.6964195 10.10509084 21.02001989
v 245.66680343 10.62732893 23.06375163
v 246.82558309 10.72519813 21.1297051
v 245.94513161 11.10251206 23.2900794
v 247.13492167 11.20838531 21.36621102
v 246.45620309 11.1557522 23.60018066
v 247.62954352 11.2728139 21.73677206
v 247.03356278 11.14779183 23.95026472
v 248.1919707 11.24263228 22.15828964
v 247.70489467 10.94595562 24.35848762
v 248.8384608 11.03730827 22.64786906
v 248.40944953 10.47569331 24.78759902
v 249.54657116 10.59216078 23.16533
v 249.13024553 9.78879622 25.21502047
v 250.25876923 9.89731436 23.64426215
v 249.80077496 8.89651973 25.58586683
v 250.88828845 8.98074983 24.02605481
v 250.25341405 8.0386985 25.81990914
v 251.31287044 8.13214104 24.26094759
v 250.62182973 7.25070913 26.01631703
v 251.67060593 7.33498261 24.45343785
v 250.9204168 6.59102655 26.1909256
v 251.96593655 6.65503085 24.61943752
v 251.14569384 6.09030776 26.33211366
v 252.18725481 6.14304135 24.75282326
v 253.21223996 6.17127746 23.16214761
v 252.41034534 5.62945929 24.8939345
v 253.42615645 5.65990008 23.29065552
v 254.41659354 5.69455479 21.64899591
v 253.42313044 5.24769098 23.29031534
v 254.4638437 5.25614658 21.67636714
v 255.48561903 5.28676604 20.0287872
v 254.06054252 5.17150377 21.43953751
v 255.12707148 5.1730905 19.81892826
v 253.5895526 5.16600833 21.16598701
v 254.68595207 5.16685571 19.56147074
v 253.09760011 5.1648482 20.87448075
v 254.22432275 5.16591471 19.29534124
v 252.41080349 5.16411639 20.42231627
v 253.61498149 5.16539072 18.91104382
v 251.67211208 5.16377072 19.87339364
v 252.95497998 5.16519867 18.42048499
v 250.95849017 5.16413354 19.27927295
v 252.3231892 5.16571341 17.87722481
v 250.374383 5.16572336 18.72575232
v 251.81982951 5.16758923 17.37663325
v 249.96207376 5.16905183 18.30044881
v 251.47691404 5.1706708 16.98928239
v 249.57415912 5.18128617 17.89402285
v 251.13165843 5.1784234 16.58240926
v 249.26021294 5.34721143 17.558789
v 248.0642337 5.18571407 19.28845247
v 247.71844174 5.38040903 18.96844193
v 247.68680858 5.92735844 18.97607691
v 246.28006643 5.33064074 20.56001743
v 246.35293477 5.91628114 20.62713004
v 246.44837745 6.53285238 20.72263993
v 245.2499977 5.90944417 22.394192
v 245.35001779 6.51449264 22.46177923
v 245.42080112 7.30194652 22.54025788
v 244.29286726 6.44779429 24.20117914
v 244.36842141 7.16715615 24.28613779
v 244.42168106 8.11983777 24.43088134
v 243.3691971 6.95945732 26.09925651
v 243.44760855 7.82745635 26.25500123
v 243.52454128 8.64230393 26.49115598
v 244.44183158 9.02158498 24.62219742
v 243.58500107 9.28539508 26.71999126
v 244.47467459 9.71684115 24.8093325
v 243.72855808 9.84108383 26.94436571
v 244.59607289 10.29639333 25.01014086
v 244.01897795 10.27575825 27.17042462
v 244.8562272 10.73755647 25.24018324
v 244.53125242 10.40685589 27.40101569
v 245.38700614 10.83087944 25.52110534
v 245.10581381 10.41931667 27.64770523
v 245.98426806 10.82535266 25.81782962
v 245.74569223 10.27077405 27.91590329
v 246.65794284 10.64427043 26.13862478
v 246.42343141 9.87863244 28.18473233
v 247.36429054 10.22324028 26.47529345
v 247.09189778 9.24820261 28.44003076
v 248.07593581 9.56933899 26.81781661
v 247.70347082 8.46176183 28.68604542
v 248.731006 8.71721046 27.13334986
v 248.14652984 7.71255484 28.88101026
v 249.19619355 7.88449765 27.36292038
v 248.49434234 7.01464491 29.07733036
v 249.56207018 7.13379223 27.56642278
v 248.73017474 6.46504637 29.26470138
v 249.8506739 6.50160022 27.75562093
v 248.91566788 5.99903681 29.44182293
v 250.06104449 6.02470609 27.90844115
v 249.10774114 5.5378245 29.62009672
v 250.28312269 5.54517861 28.07374399
v 251.37204081 5.59775617 26.4778613
v 250.1996839 5.21773577 28.01477663
v 251.31727365 5.23657938 26.43953005
v 252.35952597 5.23364871 24.86163881
v 250.8601902 5.17826428 26.13465778
v 251.92034343 5.17745702 24.57779769
v 252.99295458 5.17166803 23.02695121
v 251.44251413 5.16633 24.27065934
v 252.50794024 5.16590031 22.73168644
v 250.89721284 5.16323369 23.91502257
v 251.98950264 5.16402311 22.40662524
v 250.16315234 5.16177007 23.41759968
v 251.26072326 5.16291614 21.91744087
v 249.32996337 5.16095321 22.83156388
v 250.46269138 5.16237465 21.34488082
v 248.47155675 5.16066721 22.20513377
v 249.66234405 5.16263528 20.72144105
v 247.72520019 5.16134655 21.64598362
v 248.97919482 5.16454059 20.13799506
v 247.170194 5.16415068 21.22770055
v 248.48987054 5.16976443 19.6881433
v 246.69669521 5.17353494 20.86734508
v 246.06656284 5.1593531 22.90975996
v 245.55512237 5.16153996 22.58835302
v 245.17055609 5.36657252 22.34851109
v 244.52254613 5.16619488 24.32629617
v 244.1197566 5.30197907 24.08446251
v 244.182156 5.85019629 24.12497205
v 243.11805086 5.22997217 25.93380553
v 243.1353098 5.7504159 25.9441757
v 243.27374756 6.31862144 26.01555984
v 242.34545335 5.63958873 27.90610923
v 242.48532594 6.16716848 27.9524952
v 242.60249798 6.72609778 28.01734997
v 241.91213627 6.00065338 29.91897185
v 242.03576087 6.50401033 29.97280899
v 242.15806999 7.08830336 30.08733637
v 242.72206093 7.4691125 28.17017019
v 242.28048885 7.70644658 30.30453399
v 242.8227902 8.20392898 28.39542254
v 242.40972377 8.28197846 30.56695438
v 242.9334123 8.81554969 28.64155241
v 242.59873399 8.76774485 30.80709808
v 243.09682628 9.34195336 28.87549047
v 242.90680648 9.13831601 31.03017215
v 243.37127662 9.76680139 29.10926941
v 243.34480523 9.32376148 31.23043182
v 243.8520894 9.91135868 29.32019006
v 243.86223873 9.30246361 31.38940281
v 244.38641559 9.9140881 29.51897377
v 244.4140063 9.13361068 31.51761443
v 244.9732511 9.74303176 29.70687152
v 244.98574881 8.81309432 31.62424072
v 245.60045623 9.37958247 29.89594896
v 245.54168915 8.36192726 31.71041196
v 246.22317036 8.83492091 30.0690212
v 246.02999013 7.7932231 31.79078908
v 246.78533143 8.13947081 30.24066137
v 246.3777066 7.25933243 31.87451866
v 247.17360408 7.50348326 30.39210988
v 246.62350178 6.79395181 31.96496418
v 247.46513093 6.92052663 30.54046927
v 246.8222361 6.3680389 32.09928268
v 247.66268969 6.44501622 30.69451306
v 247.83455482 5.99779095 30.86472116
v 247.96460042 5.56100102 31.03792509
v 247.83958216 5.2382323 30.94201465
v 248.99987071 5.21875495 29.54528329
v 247.47638998 5.17936542 30.61258865
v 248.60726755 5.17566796 29.22193125
v 249.7696411 5.17747554 27.703995
v 248.20338476 5.16610607 28.88374821
v 249.32353687 5.16525903 27.37893654
v 250.38984225 5.16556149 25.82032614
v 248.78768533 5.16173063 26.99559658
v 249.83851089 5.16223714 25.44948527
v 248.06418843 5.1598579 26.50221202
v 249.10032976 5.16065006 24.94814475
v 247.22869086 5.15858494 25.96145934
v 248.25274187 5.15959178 24.37150796
v 246.35712536 5.15765595 25.42370797
v 247.38346166 5.15880956 23.78250925
v 245.57153084 5.15748826 24.95370843
v 246.61010285 5.15853556 23.26309499
v 245.01857262 5.15909899 24.62331674
v 244.64328601 5.1565452 26.67914702
v 244.07066149 5.1584272 26.39717693
v 243.56507002 5.16593563 26.15133237
v 243.36554285 5.15737132 28.26886246
v 242.86985792 5.16338595 28.09214145
v 242.41788823 5.21383358 27.93243522
v 242.36879311 5.15936442 30.03817404
v 241.92556812 5.18553095 29.91305701
v 241.77597143 5.52230112 29.87480257
v 241.54504841 5.17853828 31.83750975
v 241.25658598 5.41222188 31.78149981
v 241.38969874 5.79058662 31.82824243
v 241.07382667 5.16650455 33.76982516
v 241.02278098 5.51333661 33.78435987
v 241.17818688 5.93348281 33.8067847
v 241.53913357 6.24179776 31.88516319
v 241.33126773 6.32043142 33.85639695
v 241.67739301 6.68901891 31.97019316
v 241.48637871 6.71699987 33.95268049
v 241.81341519 7.18082565 32.14628318
v 241.68701423 7.14480677 34.15126118
v 241.976275 7.73881841 32.4451638
v 241.97525581 7.56108851 34.43657826
v 242.17843724 8.19986595 32.70472553
v 242.33367305 7.8623962 34.64710386
v 242.51636651 8.54010657 32.9285897
v 242.80511975 7.99225028 34.76294259
v 242.97554458 8.69646256 33.09764007
v 243.31832013 7.96312805 34.78795173
v 243.49759939 8.65961482 33.19812655
v 243.83414598 7.8725896 34.78120289
v 244.03960857 8.520085 33.26104445
v 244.3359419 7.71022121 34.73307758
v 244.58137632 8.26197917 33.28653644
v 244.77813674 7.43958321 34.63946065
v 245.08713514 7.90329359 33.26866571
v 245.15704468 7.08362546 34.56192574
v 245.50090526 7.45815145 33.23809838
v 245.45790606 6.7274815 34.53613746
v 245.82628607 7.01883071 33.25058648
v 245.74358939 6.36018788 34.53953383
v 246.09610962 6.59763411 33.3074414
v 245.16025176 6.42932446 35.77152201
v 245.420642 6.12474951 35.77063863
v 244.90835518 6.16587426 36.86992145
v 245.13167478 5.92039081 36.89406366
v 245.32221584 5.66077764 36.9235446
v 244.89268469 5.74348633 37.81386009
v 245.04868866 5.53099986 37.84634234
v 245.01878935 5.29577342 37.81980785
v 245.36008345 5.35292394 36.88415438
v 244.80632964 5.18113802 37.74538399
v 245.09927895 5.19746694 36.79814225
v 244.56632447 5.16613933 37.6951188
v 244.77952766 5.16909024 36.74998951
v 245.03907704 5.17304489 35.59828516
v 245.35408905 5.17341114 34.2798898
v 244.44375198 5.16168502 36.70542517
v 244.65126666 5.16412016 35.55031349
v 244.93860291 5.16499189 34.22514184
v 245.33164091 5.1645574 32.86247844
v 245.72156922 5.17125755 32.99097538
v 244.24950317 5.15952148 35.50089328
v 244.49732164 5.16010069 34.16816073
v 244.85680607 5.16010138 32.68115943
v 245.36560873 5.16021934 31.17696778
v 245.87012203 5.1644552 31.45263895
v 243.95337422 5.15699478 34.04458003
v 244.25691045 5.15712029 32.48646345
v 244.7367836 5.15733016 30.86999404
v 245.43639754 5.15757124 29.19606616
v 246.13967671 5.15981366 29.59947708
v 243.60860557 5.15534049 32.30621438
v 244.03945768 5.1556409 30.57953028
v 244.66000587 5.15615666 28.80901159
v 245.4346198 5.15679725 27.0889227
v 246.27899375 5.15791795 27.56377811
v 243.36044006 5.15491834 30.33768564
v 243.91374395 5.15580413 28.48004649
v 242.84791182 5.15562066 30.17800135
v 242.96669563 5.154394 32.15270282
v 242.45730039 5.15455655 32.0365239
v 241.99582882 5.15724443 31.93636663
v 242.30248981 5.15404422 33.84789231
v 241.84630347 5.15488165 33.8187735
v 241.41328679 5.15892993 33.786604
v 242.04976609 5.1561522 35.52678031
v 241.65828225 5.15900297 35.5830207
v 241.30173604 5.16685125 35.63496487
v 242.14486584 5.16216478 36.94271022
v 241.85408384 5.16596341 37.03852738
v 241.59180337 5.22928837 37.13997406
v 241.05488052 5.36706531 35.68543307
v 241.56903699 5.50582166 37.14970228
v 241.19055017 5.69527152 35.65769696
v 241.71773931 5.78768544 37.09752217
v 241.35987214 6.02405384 35.64458335
v 241.89196929 6.04207786 37.06033219
v 241.53702935 6.35465918 35.67151289
v 242.08979965 6.2887355 37.04195118
v 241.72831799 6.64553994 35.72359972
v 242.28738858 6.49685202 37.03396231
v 242.0062086 6.96032836 35.84853019
v 242.59242684 6.72217467 37.04742159
v 242.39664994 7.22589306 35.99780589
v 242.95590982 6.83488726 37.05413203
v 242.82675446 7.34865416 36.04380779
v 243.33948709 6.86264018 37.01086808
v 243.28971298 7.35285093 36.02152562
v 243.71458852 6.8371115 36.96585931
v 243.74203657 7.30412001 35.97754838
v 244.0810303 6.76085022 36.92358849
v 244.19017094 7.20565921 35.9231022
v 244.41590202 6.60724778 36.88209132
v 244.5779388 7.01007572 35.84023953
v 244.6680263 6.4039021 36.86203682
v 244.89180954 6.72924587 35.78149165
v 244.28622815 6.2706549 37.7630078
v 244.50214185 6.11209405 37.76630541
v 244.70572793 5.9327414 37.78413224
v 244.36027067 5.87313551 38.50062927
v 244.52949251 5.73838389 38.52004181
v 244.68816035 5.59003581 38.54943496
v 244.33640829 5.58959857 39.13172871
v 244.47906546 5.47268373 39.14683405
v 244.57949707 5.32654171 39.14679565
v 244.80428852 5.41747076 38.58204341
v 244.50623094 5.19608356 39.07586143
v 244.74450636 5.22681379 38.55377507
v 244.34274013 5.16622026 38.97693322
v 244.5433976 5.17089747 38.50342209
v 244.16650745 5.15949268 38.88923114
v 244.33491723 5.16169771 38.47160923
v 243.9932322 5.15829722 38.82066725
v 244.13376869 5.15924062 38.4434232
v 244.30184789 5.15998032 37.67198068
v 243.93092608 5.1583713 38.45574122
v 244.06053822 5.15815354 37.67522342
v 244.11278142 5.15855545 36.68006488
v 243.83000339 5.15760348 37.73836628
v 243.78071487 5.15734663 36.70627015
v 243.80492155 5.1569382 35.4523784
v 243.3219442 5.15573932 35.43317436
v 243.36533572 5.15525339 33.95249943
v 242.84386114 5.15515119 35.4765261
v 242.77399961 5.15430004 33.8869588
v 242.42608561 5.15513336 35.49222403
v 242.44889863 5.15922622 36.86950444
v 242.87194704 5.16252554 37.89530714
v 242.65526792 5.16588076 37.93702928
v 243.33362849 5.16050603 38.55618929
v 243.12872144 5.16412531 38.64176795
v 242.94217071 5.16993693 38.70168454
v 242.41931207 5.17330758 38.01974379
v 242.76697093 5.18709848 38.78614388
v 242.21139548 5.19126369 38.11862811
v 242.60185053 5.22877466 38.85725916
v 242.11139733 5.35553603 38.17218542
v 242.54699558 5.39132481 38.87486103
v 242.17865397 5.5706658 38.13461135
v 242.65906621 5.5649718 38.81703494
v 242.30232384 5.76913675 38.0766426
v 242.79505546 5.71490112 38.74979339
v 242.46681325 5.97412987 38.01637486
v 242.95779045 5.8613751 38.67833243
v 242.65551209 6.15080047 37.95880116
v 243.11399881 5.97587263 38.6302181
v 242.86588268 6.31212533 37.92141365
v 243.31145606 6.08190154 38.58933545
v 243.12551711 6.42426146 37.89756224
v 243.5315727 6.14074716 38.55993682
v 243.43640573 6.47386514 37.85915966
v 243.73475275 6.46422608 37.81558845
v 244.02286402 6.39783053 37.77822289
v 243.51552224 5.77948772 39.19653958
v 243.6554881 5.79085685 39.21700559
v 243.64543342 5.63534258 39.48697042
v 243.77309361 5.65059024 39.48042459
v 243.77309635 5.53765029 39.67195465
v 243.89755084 5.54837506 39.62587595
v 244.03902833 5.57840982 39.49765335
v 244.18397078 5.67507985 39.15531126
v 244.0193538 5.47345395 39.69861534
v 244.17262943 5.5090644 39.49685776
v 244.12249181 5.38282291 39.74132511
v 244.29411415 5.41107856 39.5121716
v 244.18681984 5.26283679 39.76177467
v 244.38203159 5.28137828 39.53604496
v 244.11074031 5.18113494 39.65538432
v 244.30161607 5.18261365 39.42964364
v 244.00048995 5.1613925 39.55034374
v 244.16000552 5.16296209 39.30882831
v 243.86962131 5.15859763 39.445786
v 244.01114682 5.15875126 39.20727738
v 243.71179296 5.15798962 39.33469889
v 243.84628841 5.15773791 39.11699647
v 243.51652359 5.15951942 39.2037603
v 243.65400116 5.15825196 39.01575829
v 243.79865692 5.15779826 38.77833607
v 243.42940998 5.16021523 38.88971398
v 243.58390506 5.15854756 38.7109738
v 243.72166795 5.15823721 38.45802924
v 243.27781882 5.16341853 39.02313813
v 243.39098957 5.16281223 39.36233075
v 243.13393259 5.16912453 39.15797239
v 243.28898322 5.17046778 39.50038581
v 242.99682676 5.1857902 39.28035696
v 243.19631004 5.20364309 39.63238337
v 242.88475613 5.23389082 39.38615473
v 243.18542684 5.32866204 39.66532652
v 242.94446696 5.40205815 39.36944173
v 243.27628524 5.44674628 39.59949509
v 243.06827263 5.53730496 39.29422776
v 243.39100191 5.5329964 39.54473067
v 243.20818773 5.64574705 39.23683513
v 243.51670878 5.59882234 39.50600985
v 243.35720967 5.72869854 39.20917035
v 243.54373434 5.46286155 39.74760758
v 243.6538681 5.50914121 39.70584703
v 243.75919812 5.43344851 39.84385271
v 243.87901346 5.45591518 39.78694292
v 243.83921584 5.35882575 39.93379892
v 243.96436579 5.37454185 39.8661678
v 244.00462156 5.26326888 39.88731418
v 243.95904764 5.18103034 39.82708484
v 243.86471331 5.16123956 39.736151
v 243.64534563 5.16138702 39.7676511
v 243.74311748 5.15916724 39.62757139
v 243.59146871 5.15929755 39.50798512
v 243.49331552 5.16381358 39.64734606
v 243.57053494 5.17827902 39.88524563
v 243.41287531 5.18372954 39.77082251
v 243.38253705 5.27879671 39.83251684
v 243.44866065 5.38817329 39.79148605
v 247.06260065 5.15959555 28.0512204
v 247.72107544 5.16212329 28.50885254
v 246.69084484 5.16367435 29.96884747
v 247.11893431 5.16907789 30.3063282
v 246.25264581 5.17041051 31.69897733
v 246.60300422 5.18621097 31.95589988
v 188.50092139 5.14341924 13.84481107
v 187.9182024 5.09143049 13.96819699
v 189.39371146 5.75521176 29.90008606
v 188.27824787 5.36085006 14.72019954
v 189.49573152 5.09335192 29.75761407
v 188.62926744 5.0932223 15.41077936
v 188.3809483 5.18792013 14.05901013
v 188.65051533 5.29009348 14.41347545
v 188.82785087 5.2153188 14.32231664
v 188.79765664 5.11324799 14.3855034
v 188.42313408 5.10430268 14.08850752
v 188.21533545 5.09611285 14.00550769
v 188.04648261 5.16225086 14.11900627
v 188.09691515 5.09391536 14.16913429
v 187.93404299 5.09398634 14.57193342
v 187.7470149 5.09300694 14.49863437
v 187.86322674 5.19086144 14.5021295
v 189.85227362 5.65476232 30.05575945
v 189.75707373 5.78780581 29.09471275
v 189.17581974 5.89304186 29.21583534
v 188.65075675 5.84911126 29.35051598
v 189.10833676 5.67667001 30.16322522
v 189.56146144 5.56682842 30.58912132
v 189.714973 5.24061978 31.47690188
v 189.44537854 5.27346005 31.38473897
v 189.26017209 5.09789574 31.38140296
v 189.4914545 5.09618932 31.31902277
v 188.36192533 5.51588732 15.30559612
v 188.70414671 5.53771305 15.21370756
v 188.43457694 5.32528591 14.52141858
v 188.22479207 5.23358047 14.25910794
v 188.09089057 5.26937507 14.54540717
v 188.01244483 5.40182221 15.29694059
v 189.31517519 5.09294555 29.11458619
v 189.88999583 5.09361907 29.06278468
v 189.86718692 5.09406625 29.96703681
v 189.65496588 5.09442015 30.4549784
v 189.24740689 5.09327339 30.02330463
v 188.812024 5.09250043 29.26579875
v 188.33433188 5.09323876 15.23867829
v 188.433507 5.0941801 14.77872246
v 188.78745381 5.09523323 15.15793356
v 188.87585821 5.09357483 16.16655413
v 188.41580088 5.09300145 16.23048984
v 189.24897614 5.09549283 16.0314126
v 189.04297721 5.10022937 15.04168605
v 189.60632755 5.1021604 15.84079884
v 190.36141372 5.10339426 17.04531976
v 189.81686138 5.09543968 17.22380754
v 189.20873546 5.09313897 17.38544241
v 190.29429562 5.09501239 19.21172961
v 189.43897537 5.09323979 19.32548883
v 188.42386657 5.09203576 19.29911346
v 188.49216161 5.09216162 17.43096695
v 187.5795859 5.09316228 19.14392566
v 187.86536936 5.09320446 17.34386568
v 187.96412199 5.09480354 16.16913021
v 188.05511071 5.09446542 15.24280441
v 187.27207718 5.10629853 17.22561547
v 187.50330473 5.10533318 16.07261622
v 187.72266144 5.09931718 15.19475318
v 188.18199999 5.09366296 14.65870548
v 187.28818937 5.20802813 16.03747558
v 187.53459085 5.15647524 15.16247394
v 187.59548135 5.39774753 16.13504305
v 187.74047181 5.2786592 15.23406658
v 187.97313966 5.61209404 16.21204574
v 187.40329286 5.56251163 17.27014414
v 187.89001637 5.862944 17.34398639
v 188.56374053 6.08918981 17.32269735
v 188.48122079 5.77653476 16.21151077
v 189.3051013 6.11972285 17.26275607
v 189.01597085 5.7990484 16.10595443
v 189.94185221 5.94506182 17.20659524
v 189.43909333 5.67052643 15.94797107
v 189.00074753 5.46064143 15.0705552
v 189.77779214 5.45187718 15.76285241
v 189.25319828 5.32020129 14.91027559
v 189.90882401 5.14488869 15.66778421
v 189.27110742 5.11898451 14.89377932
v 188.60871089 5.09823901 14.56168121
v 188.30743526 5.09631689 14.32155671
v 190.39432943 5.63739982 17.08706385
v 190.72167317 5.30448725 16.92182685
v 190.90274527 5.82887398 19.1943143
v 191.34925553 5.39743409 19.18081112
v 191.00354176 5.09639816 19.19548026
v 191.2003447 5.43777456 21.80810408
v 190.90334059 5.09477028 21.78389602
v 190.14348359 5.09389752 21.73382836
v 190.35368272 5.09408202 24.1719945
v 189.65318539 5.09327511 24.05711048
v 188.80356325 5.09231834 23.94544176
v 189.21896298 5.09279535 21.64677921
v 187.79449001 5.09140752 23.85161634
v 188.1455672 5.09168975 21.50891894
v 186.94591586 5.09330357 23.846744
v 187.19878087 5.09260057 21.36518223
v 186.21632168 5.11183855 23.82785272
v 186.43827368 5.11032898 21.26811407
v 186.8967069 5.1086884 18.97899592
v 186.0866094 5.35304979 21.21586812
v 186.59492922 5.33895369 18.89092897
v 187.02116276 5.27329201 17.17510611
v 187.02131913 5.70914849 18.96370677
v 186.52892769 5.73871584 21.25579605
v 187.16246604 6.17850092 21.29082695
v 187.62858636 6.11312147 19.01358239
v 188.07239708 6.54065985 21.42470651
v 188.48144027 6.42519525 19.04091796
v 189.15716988 6.59611596 21.59783911
v 189.41029277 6.48691874 19.09679347
v 190.05395164 6.35194044 21.70687961
v 190.23889472 6.26525926 19.16358784
v 190.75193324 5.90797986 21.75400906
v 189.54928334 6.18407077 24.08096738
v 190.18796562 5.82043758 24.151106
v 190.63701081 5.40057635 24.22770815
v 189.90745504 5.74296062 26.19508464
v 190.37118857 5.38168404 26.17688471
v 190.1062552 5.09379499 26.15072332
v 190.48019341 5.34412369 27.75809002
v 190.24124585 5.09395479 27.7860072
v 189.62642869 5.09324767 27.8604585
v 189.44922758 5.0930378 26.13384572
v 188.98444331 5.09251895 27.94099473
v 188.68424584 5.09217156 26.12877586
v 188.31899609 5.09184406 28.10011387
v 187.82398741 5.09140683 26.21355892
v 187.74111926 5.09164139 28.32759937
v 187.05869293 5.09268081 26.37172884
v 187.15565684 5.09411494 28.5724563
v 186.38708944 5.1072553 26.46920852
v 186.85057058 5.21246666 28.72491438
v 186.01631715 5.27981281 26.514755
v 185.81817267 5.30750331 23.82626153
v 186.41804086 5.55564893 26.47930435
v 186.24052974 5.63789672 23.835463
v 186.97812377 5.9202022 26.47113441
v 186.80714751 6.01678546 23.84351772
v 187.69427239 6.2233101 26.38093031
v 187.68375955 6.34862808 23.91156585
v 188.53760384 6.29125535 26.32163374
v 188.6906984 6.40245459 24.00325688
v 189.3101355 6.08690727 26.25289976
v 188.83362031 6.08661647 28.10939765
v 189.47791566 5.96468663 27.9305203
v 190.02993837 5.66055748 27.81463218
v 190.24400025 5.56057716 29.03956425
v 190.65185553 5.27361196 29.01930125
v 190.2735827 5.48665706 30.06970157
v 190.65791303 5.25593499 30.10748963
v 190.37922409 5.09533611 30.06155358
v 190.41560202 5.0942384 29.02343287
v 190.39231575 5.24792245 30.90218
v 190.12122612 5.09753223 30.71170341
v 190.04419874 5.2243495 31.3607449
v 189.78431603 5.09644309 31.0873453
v 189.37274339 5.09443215 30.72424639
v 188.91206879 5.09324767 30.23616763
v 189.0900024 5.09526238 30.98295217
v 188.59188541 5.09313931 30.50347133
v 187.94063546 5.09188659 29.76680457
v 188.3757879 5.09222917 29.46453856
v 188.87088162 5.09812001 31.19974926
v 188.34550314 5.09216367 30.71859492
v 187.65524979 5.17758082 29.96669662
v 188.47867214 5.31802335 30.59646824
v 187.87856253 5.41425065 29.78238727
v 187.13841985 5.48956887 28.55592985
v 188.2139363 5.6613517 29.53344812
v 187.5835337 5.81962724 28.37593318
v 188.17541575 6.05007188 28.26159785
v 188.79119037 5.53974696 30.34416015
v 188.97952433 5.2925979 31.0932766
v 189.26840239 5.46650997 30.83051054
v 189.71860257 5.36975593 31.16061692
v 190.03779008 5.42969447 30.79786917
v 179.96751273 5.17611137 5.29804464
v 179.63352714 5.22059546 5.18936352
v 186.93457177 8.56740271 4.33613925
v 180.43013243 9.01432671 1.83034473
v 185.68442206 5.0887481 0.71829946
v 171.62446818 5.17118416 -17.70521633
v 176.25736464 5.29620071 -10.76005607
v 179.59398878 5.14579094 5.24730484
v 171.17016109 5.12639864 -18.31919914
v 180.60475746 5.09306181 3.88212845
v 171.07884865 5.0750834 -18.240155
v 171.56958854 5.24144795 -19.09229218
v 189.19773154 8.54580486 1.01918553
v 171.41587945 5.07485158 -18.49428953
v 171.28284487 5.2699944 -18.53683298
v 176.51196075 7.0458669 -19.3818705
v 190.29872078 5.22887685 4.27270558
v 187.61199956 5.09465711 4.23702449
v 183.74984331 11.2742735 -1.70669956
v 180.08564498 5.36250675 5.04523176
v 179.92513766 5.45943191 4.991444
v 179.81753471 5.19626154 5.29969344
v 179.78910177 5.10197762 5.13961136
v 179.97479929 5.09759945 5.09398531
v 180.33555531 5.2035944 4.97066524
v 179.57720445 5.47594361 4.84349887
v 179.44080094 5.37678461 4.75211235
v 179.72773665 5.18955625 5.28575406
v 179.75328899 5.5023351 4.93526123
v 179.66418776 5.11028988 5.17628009
v 186.36582783 8.79527589 3.93154317
v 186.19872256 7.8155495 4.21628413
v 187.03929137 7.80646531 4.62605433
v 187.93845992 7.85885117 4.60911363
v 187.56240926 8.80536315 4.29676275
v 186.87415862 9.44221317 3.6222814
v 180.2626952 10.00119738 0.18270992
v 179.38722169 9.12855042 0.03770849
v 179.46439996 8.34198541 1.54760374
v 179.42206329 7.15188654 2.95409898
v 179.89041677 7.50570716 3.31656689
v 180.37751887 7.33600111 3.55313865
v 181.01956734 8.48882957 2.55488826
v 181.94379167 9.01909514 2.11909659
v 181.64171496 9.72110487 1.39293444
v 181.49414567 10.47784469 0.19135722
v 187.05433636 5.09055637 0.26950118
v 187.64307992 5.09132418 1.74756986
v 186.71037015 5.09020315 2.3081219
v 186.04692564 5.09184681 3.14747812
v 185.05729511 5.08905777 2.01878844
v 183.67247574 5.0863764 0.42211839
v 183.71309776 5.08639115 -0.87573688
v 185.55287168 5.08854954 -1.04224409
v 186.68674096 5.09009273 -1.38924453
v 183.51599578 5.08685136 1.50013411
v 171.567306 5.07732239 -17.84331254
v 172.14426652 5.09175559 -17.45886595
v 172.15747341 5.3000885 -17.4911373
v 171.55399486 5.27003624 -17.93107292
v 172.18798039 5.55782378 -17.66020962
v 176.31441159 6.26041401 -11.02990156
v 176.16071896 6.25324165 -12.87806558
v 176.05137668 5.4557029 -12.73500444
v 177.1570517 5.26177542 -8.84717102
v 176.91127298 5.72247266 -9.21710657
v 177.02792926 6.38841953 -9.32638987
v 177.3888389 5.11477505 -9.40119507
v 179.4547321 5.14639484 4.63430109
v 171.21957032 5.21662434 -18.4336888
v 171.15485822 5.09988198 -18.51630764
v 171.30133561 5.07692836 -18.41395391
v 171.54579748 5.44257283 -18.22177536
v 171.53475791 5.46893791 -18.38257486
v 171.25599763 5.07773013 -18.20157855
v 171.53162491 5.36922302 -18.11174071
v 180.43580585 5.0856319 3.02938702
v 180.94276492 5.08633285 2.81903975
v 181.24008453 5.11006081 3.30318991
v 181.37202996 5.60669771 3.53536669
v 180.9853046 5.43755612 4.05082766
v 179.99723509 5.08572724 4.26048359
v 179.86761883 5.08820661 3.26758289
v 171.63823473 5.07719927 -17.98175683
v 171.6766867 5.25463838 -19.16586249
v 172.27321887 5.43597419 -19.37396221
v 172.50888529 5.28203019 -19.53781755
v 172.23463522 5.07728021 -19.18022402
v 172.36318154 5.07624079 -19.15306575
v 172.25431113 5.59516226 -19.23680151
v 171.61104182 5.07492497 -18.78611266
v 171.27192601 5.08306233 -18.72122497
v 171.46450955 5.31083761 -18.86469968
v 189.15468159 8.9569682 1.64466093
v 189.5857079 8.11779186 2.10856455
v 189.48131477 7.89408149 1.19067756
v 189.02516683 7.98927503 -0.17782935
v 188.76514147 8.89390798 0.01480082
v 188.39576833 9.78514222 0.40392942
v 176.71229175 5.09310399 -12.96586574
v 177.18559987 5.0953999 -11.21290503
v 178.0280589 5.08547073 -9.68258492
v 171.75496783 5.0729106 -18.4663456
v 171.72519609 5.07333103 -18.29784837
v 171.32828162 5.07716841 -18.60319423
v 171.70236523 5.07332246 -18.63838391
v 171.55917995 5.47480029 -18.55498079
v 171.5281188 5.40343707 -18.71748807
v 171.18123907 5.19361242 -18.62750345
v 177.37123704 8.08049059 -18.97100876
v 178.2042422 7.54778937 -18.99196585
v 178.06093621 6.76508128 -19.23752132
v 174.68411528 6.4300405 -19.46626949
v 174.32513152 6.77450566 -19.25721608
v 175.63625679 7.59161315 -19.14525622
v 176.69331816 8.56256603 -18.73556456
v 176.44117468 6.1999676 -19.60989817
v 174.64670034 5.95158227 -19.63423449
v 178.11466361 6.1108451 -19.42886517
v 190.01956819 5.1035671 3.27244974
v 190.66127648 5.19955401 3.25639791
v 190.20098322 5.48061396 4.19272627
v 189.37429343 5.10940684 4.3154812
v 189.19250256 5.0986615 3.43210385
v 189.41691816 5.39392352 4.79739272
v 180.67025419 5.74180118 4.25600082
v 180.09450078 8.0819453 -17.73216508
v 179.90943973 7.29930254 -18.17814448
v 179.30492966 8.65352337 -18.03052719
v 187.4088346 5.10174614 4.90468841
v 186.69278749 5.09425657 4.1589985
v 187.27690837 5.09165614 3.47086857
v 188.11916988 5.09285228 2.88128277
v 188.37751901 5.09505457 3.8416628
v 188.49199426 5.10783451 4.70541363
v 185.61468123 11.08296762 -0.0995592
v 186.52729535 10.90409722 -0.89169132
v 185.3754895 11.1473984 -2.71702792
v 184.49203808 11.22261576 -4.76923686
v 182.99487236 11.35759757 -4.14541164
v 183.16489391 10.80628104 0.14032387
v 184.9534397 10.73828924 0.79489338
v 181.36639769 11.20555306 -3.80268273
v 181.60332883 11.05406092 -1.70343624
v 179.87909736 10.74460111 -3.72571433
v 180.09847876 10.5262502 -1.64301349
v 178.89454493 9.77561274 -3.76644472
v 179.10592099 9.58921079 -1.69813182
v 178.46074226 8.46912092 -3.85600959
v 178.62381194 8.35460932 -1.93426874
v 178.86274854 8.04162334 -0.27868483
v 179.05404815 7.46065141 1.20821907
v 178.34543026 7.23031993 -2.08479407
v 178.56268824 7.00669204 -0.44542111
v 178.78763333 6.59200664 1.07823245
v 178.96461771 6.04442658 2.42703603
v 179.16481153 6.64426768 2.59356793
v 178.34654409 6.12865719 -0.40185127
v 178.59367258 5.81873254 1.11863225
v 178.90399331 5.34561921 2.37683119
v 179.37793242 5.12562396 3.42868279
v 179.12944868 5.52352538 3.6221168
v 178.8839443 5.16352827 1.08934884
v 179.48056427 5.10719358 2.23029893
v 179.60080896 5.08661028 0.971255
v 180.09544452 5.08581606 2.09862235
v 180.2426407 5.08373448 0.8704009
v 180.62005485 5.0841261 1.98067117
v 181.01256336 5.08355752 0.6706131
v 181.30961959 5.08434523 1.74722967
v 181.55990028 5.08691377 2.47584171
v 181.83783753 5.11329154 2.98908324
v 182.17665705 5.08522587 1.48629074
v 182.35133694 5.08812877 2.27485777
v 182.55916026 5.21310142 2.92009412
v 183.3714964 5.46683816 2.98008478
v 183.44501493 6.26132311 2.80072459
v 182.59681388 6.10856119 2.73810297
v 181.89436323 5.86211171 3.01941739
v 183.44489422 5.09044869 2.33930102
v 184.6212099 5.10059425 2.89025105
v 184.27480479 5.57458136 3.44261669
v 185.19451617 5.64829262 4.10166074
v 185.23634255 6.30135015 3.93261585
v 184.33076809 6.30543821 3.24467522
v 185.48842568 5.11272468 3.82139706
v 186.28449326 5.1071123 4.68020147
v 186.15398813 5.67396773 4.7566884
v 187.28029925 5.72473942 5.09925271
v 187.26510063 6.33281733 4.93157954
v 186.22549024 6.29068608 4.58091662
v 187.26305129 5.30450988 5.3171554
v 188.48188196 5.34304244 5.22224083
v 188.3706714 5.76686141 5.07855076
v 189.24972784 5.82396804 4.74186837
v 189.09770596 6.38399197 4.61567318
v 188.25321953 6.38924016 4.95629788
v 188.92028812 7.08908489 4.49056712
v 188.12417665 7.08179559 4.78383193
v 187.20138988 7.00835182 4.75613148
v 186.22077702 6.98555046 4.41511173
v 185.27460248 7.9520192 3.54546801
v 185.24413939 7.0419143 3.76158747
v 184.27932048 8.11647998 2.90294217
v 184.31612913 7.15767347 3.08906493
v 183.21473112 8.18688523 2.5335416
v 183.36381204 7.21021571 2.69076777
v 182.2651657 8.06233472 2.53003824
v 182.48755116 7.06200858 2.61325755
v 181.44756491 7.64401255 2.86812252
v 181.7306022 6.73012514 2.88414965
v 180.85640164 6.86344126 3.49091484
v 181.16711194 6.24913095 3.43769223
v 180.45144891 6.0652801 4.28296054
v 180.13346851 6.322787 4.32686645
v 179.74132762 6.37164069 4.2363496
v 179.45998303 6.21736405 3.98988503
v 179.26988504 5.92100191 3.76746665
v 183.06123328 9.21209826 2.07573388
v 184.32893273 9.18374427 2.45976519
v 184.57114773 10.07676826 1.69375741
v 182.9911797 10.07644132 1.24674236
v 185.88549104 9.83717645 2.62764411
v 186.49151549 10.36770175 2.05082625
v 185.45315336 9.0176058 3.18464615
v 187.56443117 9.69701324 3.24196745
v 188.2638229 9.71436734 2.79675484
v 187.1795933 10.56264997 1.48175036
v 188.87683487 9.49175023 2.24293792
v 187.8582913 10.38455108 0.90310263
v 187.42735826 10.22319518 -1.41775429
v 188.07219407 9.22193286 -1.72957705
v 187.40001172 9.3154163 -3.81981136
v 186.58066885 10.43902936 -3.39248593
v 186.4905114 9.41399858 -5.92720858
v 185.71090716 10.54230518 -5.4108848
v 185.1680146 9.59745207 -7.83058352
v 184.54139794 10.62627916 -7.35453746
v 183.51323314 11.1785635 -6.77538905
v 183.19126105 10.54574532 -9.31809509
v 182.35742188 11.07060713 -8.88672036
v 181.38241385 11.21248143 -8.47653316
v 182.28762619 11.31849473 -6.23862943
v 180.35418322 11.08626523 -8.19679622
v 180.9535521 11.21933881 -5.95556471
v 179.31562905 10.50815297 -8.007786
v 179.68299674 10.69490542 -5.88859476
v 178.55115485 9.49875833 -7.85173676
v 178.8221951 9.66538822 -5.85608095
v 178.08882595 8.28803956 -7.72550865
v 178.37147642 8.39951178 -5.8169788
v 177.90571823 7.27082261 -7.67105561
v 178.13698419 7.33181497 -5.80736306
v 178.21833247 7.33256564 -3.91612919
v 177.94930041 6.47259218 -5.80542208
v 178.02080526 6.43909246 -3.93148282
v 178.13573318 6.31693834 -2.09633158
v 177.84565899 5.69628213 -3.93072151
v 177.99859991 5.54833905 -2.0681771
v 178.32558975 5.33170142 -0.3463667
v 178.57315719 5.09947321 -2.11618444
v 179.04700301 5.09932884 -0.41419124
v 179.3409235 5.0856175 -2.17686782
v 179.77539557 5.08399682 -0.50127193
v 180.30402228 5.08324066 -2.26341765
v 180.6779358 5.08329347 -0.63625434
v 181.63951747 5.08407843 -2.39455103
v 181.90598442 5.08434763 -0.80584928
v 182.02728533 5.08449029 0.48091017
v 183.47032859 5.08610892 -2.62054685
v 181.19756405 5.08358393 -4.1839171
v 182.83910295 5.08538088 -4.47026297
v 184.41548257 5.08720972 -5.08472623
v 185.14426195 5.08806361 -3.07678807
v 185.49691387 5.08854817 -5.63003301
v 186.24175057 5.08945179 -3.48927426
v 186.29469334 5.09007524 -6.02632472
v 187.08155396 5.0910807 -3.79958128
v 187.5579841 5.09228439 -1.70319071
v 188.05381581 5.09292704 0.00961024
v 187.6729175 5.0945508 -4.02213134
v 188.16951737 5.09729938 -1.91137753
v 188.75224184 5.09856856 -0.18561522
v 189.32743833 5.09658026 1.21665513
v 188.5571508 5.09334404 1.39522247
v 188.76597547 5.13049836 -2.10016416
v 189.36615367 5.13145822 -0.38786662
v 189.98870731 5.10012443 1.05674313
v 190.46267659 5.09545442 2.19025028
v 189.72997135 5.09741804 2.29553229
v 189.69774698 5.46167501 -0.48986748
v 190.23133656 5.49590003 0.99107082
v 190.45947226 5.57577064 2.2161675
v 190.31543652 5.70789645 3.24072193
v 190.02849258 6.03772437 1.07105563
v 190.20733152 6.13487244 2.27888513
v 190.05816281 6.2610618 3.23487293
v 189.69814478 6.34334903 4.01570897
v 189.91575393 5.81703127 4.09672256
v 190.04208081 6.73764695 2.30275026
v 189.89997095 6.91106795 3.20507102
v 189.51873795 7.02666629 3.93981188
v 189.67513286 7.65704455 3.09033514
v 189.27743652 7.80083218 3.78332644
v 188.69230331 7.86966373 4.312639
v 188.93327004 8.66436045 3.5049667
v 188.29067014 8.77599813 3.96201997
v 189.40391429 8.43837766 2.88498092
v 189.84071279 7.42162195 2.24090504
v 189.8684489 6.58869429 1.14963305
v 189.69102557 7.2239778 1.18994232
v 189.38489955 6.54998307 -0.31952083
v 189.22515216 7.18461605 -0.25449049
v 188.80103929 6.58989694 -2.09321093
v 188.64625203 7.27838043 -2.01237154
v 188.43133146 8.16862099 -1.89882769
v 188.05915453 7.31494903 -4.15418103
v 187.8020372 8.22080761 -4.03329026
v 187.11830225 7.34987808 -6.39858121
v 186.88835863 8.32367556 -6.22415645
v 185.63025296 7.43052885 -8.28829933
v 185.45090923 8.43390089 -8.12950254
v 184.24353239 7.50637038 -9.94616715
v 184.07040802 8.51516688 -9.8367165
v 183.75011216 9.63664056 -9.63899176
v 183.1188591 8.52815189 -11.76203891
v 182.75378766 9.60517655 -11.63268327
v 182.19035776 10.48831333 -11.3926836
v 182.03203147 9.54161222 -13.78255571
v 181.40417477 10.42346712 -13.54339964
v 180.64133292 11.00244746 -13.1800113
v 181.39043291 11.01945075 -11.03558458
v 179.75919834 11.18094292 -12.76310955
v 180.48314654 11.17523838 -10.67280803
v 178.85782133 10.97598302 -12.38061663
v 179.51636607 11.03416751 -10.36323351
v 177.98432857 10.28505864 -12.0584566
v 178.58027914 10.37012528 -10.093816
v 177.21681465 9.34287516 -11.75221536
v 177.82471561 9.39631767 -9.80620266
v 176.66795787 8.20383502 -11.4501599
v 177.37073224 8.21184001 -9.5381843
v 176.38379851 7.15040543 -11.216835
v 177.18438178 7.19940933 -9.41320993
v 177.76204462 6.44125257 -7.64182158
v 177.57219354 5.76611005 -7.60742304
v 177.76831611 5.76159196 -5.7956925
v 177.6264806 5.18471443 -7.63124016
v 178.02182034 5.13571294 -5.82027503
v 178.27540138 5.11738132 -3.96373188
v 178.72889642 5.08683181 -5.89037387
v 179.01846582 5.08553348 -4.01882414
v 179.50943616 5.08274101 -5.95752901
v 179.93767515 5.0828504 -4.08509589
v 180.58496084 5.08294608 -6.05084416
v 178.92037161 5.08377391 -7.87451275
v 179.83098851 5.08231303 -8.03275536
v 180.89319657 5.08317996 -8.3060178
v 181.96401352 5.08437953 -6.31311502
v 181.99227637 5.08440456 -8.75649917
v 183.26951749 5.08589527 -6.90239082
v 182.93633847 5.08552937 -9.26182453
v 184.25557058 5.08712742 -7.51360859
v 183.62965623 5.08643641 -9.67972626
v 184.98407836 5.08848473 -7.9796274
v 184.15737486 5.08725019 -9.992918
v 185.49823894 5.09158687 -8.30344308
v 186.86918752 5.09349595 -6.30666795
v 186.00327487 5.1174283 -8.63757819
v 187.43145969 5.11474316 -6.58156685
v 188.26688731 5.11550481 -4.22579562
v 187.69725176 5.43410797 -6.70386088
v 188.5799844 5.4365167 -4.32991029
v 189.09415596 5.43854444 -2.20103746
v 188.41058561 6.00107347 -4.28753659
v 188.95168397 6.00114823 -2.15533186
v 189.5351574 6.00208203 -0.39745218
v 188.24388362 6.59543422 -4.2292592
v 187.52778439 5.99573509 -6.60966921
v 187.33978238 6.59316746 -6.51263259
v 186.0335322 6.03006848 -8.59052419
v 185.83984305 6.61774896 -8.45375855
v 184.63840026 6.05038806 -10.23407678
v 184.44324886 6.6455252 -10.08569818
v 183.74427414 6.05331427 -11.99144207
v 183.52853602 6.6578974 -11.9129154
v 183.31667711 7.53664143 -11.82953491
v 182.91482446 6.67909865 -14.02373506
v 182.68546245 7.51943393 -13.94377769
v 182.43441908 8.49597639 -13.88314095
v 181.6689161 7.45470227 -16.29668684
v 181.40344776 8.36023027 -16.18649957
v 180.97350784 9.33087572 -16.11062855
v 178.77046492 9.37615763 -17.92551576
v 180.38999051 10.20842992 -15.87624674
v 178.22599214 9.97227225 -17.6705095
v 179.69365223 10.78128118 -15.50092927
v 177.60445083 10.24664792 -17.22754616
v 178.96292227 10.99729842 -15.06328784
v 177.1164818 10.12623166 -16.67520384
v 178.24753907 10.8076735 -14.61561849
v 176.73632971 9.67910256 -16.04978194
v 177.59286256 10.19080882 -14.16660073
v 176.35076757 8.91633675 -15.46596764
v 176.98912065 9.23499392 -13.77357096
v 176.12340278 7.97931636 -14.95731038
v 176.57064828 8.16783054 -13.38013448
v 175.99873019 7.05405056 -14.60331419
v 176.33688031 7.16505605 -13.08682235
v 175.87658156 6.21678793 -14.37367715
v 175.29249909 6.82184738 -15.72590384
v 175.19500295 6.10626288 -15.49465846
v 175.10125983 5.45671866 -15.35150405
v 175.73020292 5.48856478 -14.25018423
v 175.4568527 5.08864522 -15.58067676
v 176.20151382 5.08955741 -14.45334851
v 176.00069998 5.0796814 -15.94856159
v 176.87680448 5.08087033 -14.80386397
v 177.49581086 5.0822952 -13.32546746
v 178.05860978 5.08210899 -11.63278684
v 177.68350012 5.07971089 -15.26099475
v 178.44450662 5.08062994 -13.75747113
v 179.10139433 5.08137752 -12.05783042
v 179.8801234 5.08209116 -10.27742028
v 178.88409245 5.08185008 -9.9440698
v 179.52275827 5.08157471 -14.35703479
v 180.22227894 5.08237922 -12.54573085
v 180.97543922 5.08323311 -10.71070993
v 181.2592529 5.08354929 -13.03818676
v 181.95224968 5.08435792 -11.13779943
v 182.05793771 5.08447417 -13.43484541
v 182.71989528 5.08526668 -11.48068197
v 182.62637164 5.08513363 -13.73061908
v 183.28771468 5.08595014 -11.73913947
v 183.16179932 5.08575193 -14.01463784
v 183.81572137 5.08653964 -11.97136288
v 184.64951391 5.08773166 -10.27657805
v 183.98570726 5.49258802 -12.06070622
v 184.81865755 5.49616957 -10.35804705
v 186.21774827 5.48076314 -8.75641138
v 183.32872353 5.49108599 -14.1384874
v 183.10840387 6.07969307 -14.08948487
v 182.30670951 5.49434725 -16.48708661
v 182.10166255 6.07475661 -16.41981625
v 181.89707374 6.68985154 -16.36447708
v 180.32280932 6.03786977 -18.43588972
v 180.10741138 6.60110421 -18.32579642
v 180.52013351 5.50762101 -18.5668794
v 178.22142707 5.5338424 -19.63827556
v 180.43811034 5.08318545 -18.39092484
v 178.21485929 5.11603978 -19.60058387
v 176.21485788 5.08689422 -19.85205007
v 176.31769274 5.55431973 -19.82343469
v 174.5773628 5.0787572 -19.77278439
v 174.61216599 5.45495635 -19.80749191
v 173.32992909 5.07654462 -19.63408908
v 173.31445063 5.32052159 -19.71195458
v 173.32292784 5.66205745 -19.56749772
v 173.28819598 5.96298021 -19.40585565
v 172.23661598 5.76496124 -19.0422012
v 173.20505897 6.21784038 -19.20516938
v 172.19792259 5.89536692 -18.82162195
v 173.04773403 6.45207439 -18.87229419
v 173.9715249 7.06429488 -18.83139577
v 175.02983728 7.87056118 -18.69168951
v 172.8624974 6.58043141 -18.51791769
v 173.6914368 7.24035027 -18.39882799
v 174.61433331 8.05480091 -18.17724258
v 175.70339409 9.02818919 -17.73966151
v 176.13697729 8.90132846 -18.32172516
v 173.52113543 7.24401275 -17.9347505
v 174.42510773 7.93995581 -17.61787639
v 175.50318929 8.77087254 -17.11180756
v 174.42681963 7.56666265 -17.12796021
v 175.36589142 8.26085934 -16.52975043
v 174.48876636 7.05151323 -16.74011005
v 175.31854524 7.56742138 -16.04854054
v 174.49912008 6.494457 -16.46906979
v 173.66368423 6.57377995 -17.21544693
v 173.68704731 6.17216496 -16.99422263
v 173.63476295 5.73641376 -16.8081033
v 174.41236722 5.92824903 -16.26629714
v 173.57571878 5.31719826 -16.67079377
v 174.33451955 5.39090369 -16.13117824
v 173.72581202 5.08449852 -16.89632938
v 174.55921224 5.08940001 -16.36375967
v 173.98435868 5.07725586 -17.29725475
v 174.94217361 5.07864952 -16.7736252
v 174.25405465 5.07600142 -17.71465443
v 175.35117016 5.07738514 -17.18819778
v 176.60282327 5.07861249 -16.39410136
v 175.72623043 5.07722637 -17.70143245
v 177.19969014 5.0789002 -17.05293759
v 178.55268569 5.08043927 -15.95099639
v 177.58733729 5.07934738 -17.85096741
v 179.2484698 5.08123178 -16.76938248
v 180.46658718 5.0826275 -14.97053853
v 179.74997492 5.08197868 -17.43144876
v 181.19432131 5.08346596 -15.51489266
v 180.11907097 5.0831899 -17.91756391
v 181.70437498 5.08405957 -15.95309168
v 182.16488498 5.08459248 -16.32529742
v 177.83159615 5.08035868 -18.55196233
v 178.02545813 5.08515146 -19.10420966
v 176.0240466 5.0777507 -18.85984964
v 176.11581993 5.07881619 -19.40083757
v 174.55239755 5.07608167 -18.93113158
v 174.56124787 5.07705593 -19.37737984
v 173.4082157 5.07488965 -18.95789
v 173.3679421 5.07632035 -19.32673332
v 172.44855719 5.07386189 -18.90522568
v 173.39889352 5.07452305 -18.59777732
v 172.47444423 5.07355428 -18.65665792
v 173.35220577 5.0744891 -18.28700804
v 172.45434035 5.07351587 -18.39771381
v 173.26709349 5.07474356 -17.97627168
v 172.41064294 5.07384646 -18.14693518
v 173.12707962 5.07589649 -17.64111532
v 172.332071 5.07496543 -17.90913403
v 171.69477141 5.07402546 -18.14040753
v 172.22493993 5.07958846 -17.66397979
v 172.95098411 5.08273484 -17.29653254
v 172.82953779 5.23230306 -17.0631171
v 172.87822825 5.52307751 -17.19530533
v 172.89440902 5.84929782 -17.36666121
v 172.86084037 6.17616488 -17.56610265
v 172.1552238 5.76677808 -17.84081225
v 172.77491603 6.45613913 -17.81304561
v 172.0858698 5.92758238 -18.04772234
v 172.74889731 6.59960252 -18.1440875
v 172.0658153 6.00675238 -18.30284485
v 172.12606658 5.97951797 -18.57266702
v 173.55371095 6.97617957 -17.51714677
v 174.43242172 5.07579601 -18.09469953
v 174.52518818 5.07579395 -18.48107784
v 175.91908832 5.07739783 -18.27927361
v 178.23015119 5.09444038 -7.74989091
v 188.93672951 5.09465917 2.48792928
v 179.67959488 5.08914075 4.51542812
v 244.06433513 13.05771504 -55.52166142
v 228.11489212 5.13869642 -24.5501444
v 228.28581326 13.40865213 -25.13822817
v 233.55949176 14.12657198 -23.54763315
v 232.41906704 5.14199369 -26.17182513
v 241.84178092 12.36750456 -58.69764108
v 242.4536434 5.15317043 -56.13310416
v 243.41765437 5.16002559 -58.76561513
v 244.00571345 13.38530963 -56.01068118
v 243.2689589 14.0636822 -55.20775502
v 243.64494371 13.39280023 -54.7901825
v 244.23189445 12.37554402 -55.59916891
v 244.29420194 12.47356449 -56.39305271
v 243.84819098 12.45804352 -54.64001244
v 227.97956292 5.13781475 -25.13681221
v 228.71791603 5.13826982 -24.88866763
v 228.67749823 5.13910554 -24.21140829
v 227.82218672 5.13964736 -24.33965704
v 227.49476407 5.1385277 -25.1557798
v 228.55216224 5.14005099 -23.77186083
v 228.21704944 13.72055274 -25.95163064
v 227.53872261 12.57314016 -26.21489841
v 227.81806377 12.58018358 -25.01305078
v 228.47838154 12.57266914 -24.00677919
v 228.87686851 13.67885427 -24.52369564
v 229.17897163 14.41160168 -25.35736094
v 232.66449665 14.45455631 -23.71747766
v 232.31688306 13.42557809 -22.91952253
v 233.65145713 13.33060076 -23.0462016
v 234.30598137 14.42347321 -24.25422515
v 233.23203759 15.0187506 -24.83842747
v 235.02146539 13.40186934 -23.65299523
v 231.56879676 5.14104514 -26.33363421
v 232.03578469 5.14155542 -27.3899041
v 233.06750292 5.14270526 -26.81691985
v 232.93187511 5.14260547 -25.22085644
v 231.66782099 5.14121386 -25.04238409
v 234.09438652 5.14387431 -25.90862681
v 241.76230365 11.71465115 -58.94709325
v 240.77934378 11.89752182 -58.73624118
v 241.22690889 12.74472323 -58.42679012
v 241.81538497 13.2863449 -58.0623826
v 242.40650298 12.54772516 -58.52876629
v 242.59391789 11.65203588 -58.87869397
v 241.78759125 5.15236421 -55.62328643
v 241.23377022 5.15175242 -56.18956676
v 242.24543326 5.15293518 -56.64042811
v 243.01459187 5.15399141 -56.83295404
v 243.0229854 5.15399484 -56.09946966
v 242.44654065 5.15317764 -55.20103361
v 243.52518324 5.15708223 -58.31500892
v 243.04535536 5.15489228 -58.24809932
v 242.88434187 5.15691625 -58.77628983
v 242.8432713 5.16163255 -59.17484761
v 243.59214497 5.16592397 -58.99138324
v 243.83052327 5.16080712 -58.37905986
v 243.67714888 5.1733285 -59.16717148
v 244.03476778 5.16607212 -58.44392286
v 244.16467621 5.1605513 -57.67135554
v 243.92677389 5.15756884 -57.64324357
v 243.64107685 5.15586346 -57.61237995
v 243.28795718 5.15474208 -57.57776056
v 244.07652695 5.1576316 -56.79018665
v 243.78533481 5.15589329 -56.80801623
v 243.47942414 5.15498727 -56.84154647
v 242.73666285 5.15370746 -57.49001184
v 243.72345255 5.15591764 -55.88355871
v 243.41928671 5.15479695 -55.98551293
v 243.31284012 5.15474859 -54.86890258
v 242.97399728 5.15405553 -54.99560806
v 242.58304292 5.153679 -53.86412007
v 242.19707475 5.15299588 -54.05263236
v 241.54414856 5.15210392 -54.40672732
v 240.80285363 5.15126169 -54.88800785
v 241.28560465 5.15188445 -53.1080545
v 240.56414612 5.15101684 -53.46100545
v 239.77800703 5.1501314 -53.89675596
v 238.99002572 5.14926344 -54.49106595
v 240.13859981 5.15053125 -55.46927556
v 239.60853279 5.1499565 -52.38363443
v 238.72300322 5.14896715 -52.79382437
v 237.83656558 5.1479898 -53.40726982
v 237.11579565 5.14720072 -54.14022196
v 238.35350663 5.14857621 -55.1780601
v 237.67622835 5.14780771 -51.59982177
v 236.67790663 5.14670588 -52.22018341
v 235.8531784 5.14579883 -53.0492298
v 235.24787341 5.14515378 -53.73893446
v 236.57513487 5.14663832 -54.78496449
v 235.57242982 5.14547785 -51.03202432
v 234.63664261 5.14444769 -51.91201901
v 233.91356202 5.14366787 -52.57592991
v 233.33408235 5.14310786 -53.09883931
v 234.75515825 5.14470557 -54.26521828
v 233.48328192 5.1431665 -50.65757309
v 232.65060288 5.14228278 -51.20828169
v 231.98927183 5.14172792 -51.63068814
v 231.58566716 5.14167579 -51.88467796
v 233.00644918 5.14291822 -53.3770262
v 231.68381384 5.14124644 -49.52034858
v 230.9411177 5.14069947 -49.80099085
v 230.4243073 5.14079069 -50.00597746
v 230.04646964 5.14202455 -50.16697311
v 231.24612646 5.14284312 -52.11349677
v 230.52984993 5.1402156 -47.78160709
v 229.97217438 5.1401597 -47.8748948
v 229.58250858 5.14152559 -47.93978249
v 229.20633807 5.14701417 -48.00056326
v 229.71479179 5.14596926 -50.30448223
v 230.27047544 5.14078383 -45.83287771
v 229.87907219 5.14192201 -45.83867321
v 229.49208381 5.1456644 -45.83836321
v 229.10514532 5.16449396 -45.82215363
v 228.80484001 5.17659867 -48.05929743
v 230.33577053 5.14216789 -44.053805
v 229.96561037 5.14638627 -44.03293021
v 229.60258297 5.14524363 -44.00379358
v 229.39983534 5.34335416 -44.0104176
v 228.84760722 5.36797339 -45.82772691
v 230.34813039 5.14219499 -42.45176742
v 229.99721815 5.14961392 -42.42127965
v 229.82448833 5.36982452 -42.4279311
v 229.89619602 5.71855709 -42.49020704
v 229.4550286 5.69527563 -44.07755216
v 230.27216986 5.1396652 -41.02563331
v 230.1162962 5.38977442 -41.03850413
v 230.19900935 5.73879952 -41.08417407
v 230.30387503 6.09574936 -41.12880836
v 229.98938908 6.07616879 -42.54980265
v 230.27970367 5.3969461 -39.73946644
v 230.36284205 5.74314203 -39.76703108
v 230.4778677 6.09484849 -39.79324322
v 230.57165643 6.48667868 -39.81220858
v 230.39083399 6.49274407 -41.16532483
v 230.41224134 5.73205581 -38.49226317
v 230.52765176 6.07495756 -38.49849763
v 230.63144648 6.46154746 -38.50387201
v 230.72549618 6.97816548 -38.50836438
v 230.65065051 6.9792337 -39.8282947
v 230.4757237 6.05954427 -37.22831674
v 230.57761757 6.45750398 -37.22317417
v 230.67532804 6.95948887 -37.21869963
v 230.7737686 7.6739681 -37.21319356
v 230.81244313 7.69462239 -38.50689253
v 230.39205824 6.45023594 -35.97407519
v 230.48998476 6.95580615 -35.96479964
v 230.59304664 7.65935469 -35.95659678
v 230.68369585 8.71904376 -35.95384511
v 230.85528253 8.75405306 -37.20543924
v 230.19215693 6.9619367 -34.74261512
v 230.28571419 7.6619162 -34.73091849
v 230.36942252 8.69175672 -34.73148227
v 230.43371865 9.98105102 -34.74196081
v 230.75021245 10.00535981 -35.95364484
v 229.8765268 7.68043918 -33.53620054
v 229.93689108 8.67303707 -33.53637132
v 229.99368118 9.96033947 -33.55062483
v 230.11954134 11.36897905 -33.5483032
v 230.57701607 11.37233855 -34.72909137
v 229.40030379 8.64262388 -32.36806715
v 229.46609492 9.929328 -32.37328996
v 229.58128261 11.37217669 -32.37524397
v 229.90889743 12.83697307 -32.29243
v 230.46566011 12.80582138 -33.46604478
v 228.89122198 9.87423158 -31.19119592
v 228.99796349 11.36135067 -31.19827672
v 229.28400758 12.8706127 -31.11866502
v 229.94511761 14.19353233 -30.80737791
v 230.56189941 14.15708822 -32.03664324
v 228.41376502 11.29915035 -30.01620942
v 228.67763729 12.84223326 -29.91796158
v 229.30921425 14.18549201 -29.5591294
v 230.36264829 15.10605729 -29.01522314
v 230.93992294 15.13223616 -30.32548354
v 228.10200116 12.73025642 -28.7142486
v 228.77232432 14.09742814 -28.31045566
v 229.89557566 14.99924102 -27.73490561
v 231.16241882 15.52952202 -27.1864936
v 231.65110388 15.58091407 -28.48775279
v 228.37849836 13.95461871 -27.10913975
v 229.50191833 14.82657515 -26.50610152
v 230.7098274 15.30749423 -25.89531601
v 232.00212173 15.33708216 -25.35813356
v 232.53109171 15.55491798 -26.65135569
v 230.29617456 14.73902601 -24.68474856
v 231.47904293 14.70975392 -24.13008855
v 229.88517513 13.7304171 -23.75728166
v 231.04077704 13.60077135 -23.22443184
v 230.69612806 12.33509963 -22.70166687
v 232.11347427 12.1814984 -22.4995125
v 229.45908733 12.48171986 -23.24242532
v 229.12461101 11.16018057 -22.97013905
v 230.40266127 11.00383393 -22.41144267
v 228.11306971 11.27592839 -23.7794649
v 227.82519335 9.88884838 -23.64754728
v 228.86983641 9.77626293 -22.84481396
v 227.42715982 11.30909855 -24.86133291
v 227.22515914 9.90764064 -24.76955409
v 227.19172013 11.23261832 -26.17657367
v 227.02861267 9.86039863 -26.05031297
v 226.89611256 8.55105339 -26.03896682
v 227.06687982 8.58733598 -24.76509361
v 227.67055334 8.5560905 -23.65526893
v 227.47994262 7.4859342 -23.6729318
v 228.48949948 7.42573744 -22.81857629
v 228.67143181 8.46999813 -22.82600028
v 226.88932831 7.51204243 -24.79848102
v 226.769254 7.48898422 -26.07541402
v 226.62648268 6.73990994 -26.11054608
v 226.73071459 6.691798 -24.81691381
v 227.30665296 6.65958975 -23.66571721
v 226.56275837 6.14372275 -24.81521631
v 227.18714761 6.1240952 -23.62390759
v 228.23779443 6.20729771 -22.70914193
v 228.32976692 6.67044552 -22.77065027
v 229.58769418 6.27290555 -22.06981185
v 229.67047677 6.68127385 -22.12593642
v 229.80177458 7.36531366 -22.19171932
v 231.27915603 6.65741044 -21.6970312
v 231.38981756 7.28975368 -21.79038398
v 231.51965021 8.24175493 -21.87819211
v 229.9730221 8.35574579 -22.23539555
v 231.69256368 9.48784033 -22.00213144
v 230.17044369 9.62957493 -22.28037637
v 231.90172613 10.85094637 -22.21608547
v 233.35208064 9.35454067 -22.15573465
v 233.51863997 10.71383293 -22.35962277
v 233.65555514 12.06943137 -22.64222758
v 235.1075125 10.59190621 -23.03577401
v 235.17647967 12.01923202 -23.28713471
v 236.38061789 10.52331488 -24.20945857
v 236.33269765 12.00863311 -24.47479188
v 235.96375317 13.43574251 -24.90889805
v 237.17143454 11.98477998 -25.85549336
v 236.64929673 13.42239296 -26.29466236
v 235.73705915 14.60798625 -26.8010628
v 235.08615075 14.56329744 -25.47654049
v 234.44972426 15.2877542 -27.37159683
v 233.85766319 15.22404139 -26.08671353
v 233.05957714 15.62338688 -27.95032069
v 235.01442026 15.30056501 -28.68416445
v 233.60573438 15.61463601 -29.24007975
v 232.19501631 15.58354811 -29.79292686
v 234.18233209 15.62104604 -30.55392033
v 232.79837758 15.58048095 -31.09349128
v 231.5455297 15.12201961 -31.6138431
v 233.37015301 15.56072514 -32.40165912
v 232.12263494 15.07475231 -32.87252215
v 231.12438043 14.11260447 -33.24857692
v 232.60257187 15.08050186 -34.15013431
v 231.61524549 14.08919373 -34.46026644
v 230.96036529 12.78529501 -34.6442356
v 231.98681646 14.08178234 -35.70161659
v 231.31430764 12.79116544 -35.8458622
v 230.90714611 11.39162378 -35.92890456
v 231.53634674 12.79452341 -37.09326574
v 231.10407148 11.40789491 -37.16024118
v 230.9284811 10.03055932 -37.18969194
v 231.1673738 11.41157677 -38.43288567
v 230.97278687 10.04607524 -38.46260254
v 230.88540268 8.78772271 -38.48889972
v 230.88772843 10.04778148 -39.80367924
v 230.79539097 8.8032147 -39.82658005
v 230.72629932 7.7100446 -39.83765941
v 230.59583705 8.80265281 -41.23130578
v 230.5310711 7.71432041 -41.22410701
v 230.45762527 6.95963187 -41.19590177
v 230.21361367 7.72092866 -42.69711542
v 230.14016921 6.92842257 -42.65184054
v 230.06785505 6.46480152 -42.60419533
v 229.69648932 6.92414487 -44.24745574
v 229.62165206 6.4348422 -44.19754857
v 229.54585939 6.05211951 -44.13837408
v 229.10382385 6.43288373 -46.01370976
v 229.01066336 6.05189489 -45.95316081
v 228.92268556 5.69423484 -45.89373255
v 228.7667819 6.02596636 -48.15848078
v 228.62369555 5.67745223 -48.13259374
v 228.49907132 5.39050726 -48.11001254
v 229.24308087 5.67023803 -50.52716672
v 229.13843157 5.36365694 -50.56906444
v 229.37363504 5.15662682 -50.45926674
v 230.49845579 5.38447651 -52.62675202
v 230.66819134 5.1795458 -52.51432063
v 230.94936789 5.14843047 -52.31588534
v 232.21045327 5.14439282 -54.12102341
v 232.46391189 5.14344908 -53.87984818
v 232.73265109 5.14305677 -53.63176223
v 234.00385391 5.1447889 -55.08164213
v 234.2325671 5.14469871 -54.82121622
v 234.47527728 5.14458417 -54.55206619
v 235.68537561 5.14681836 -55.83557331
v 235.90889616 5.14633345 -55.56713383
v 236.14466958 5.14631356 -55.296335
v 237.27864174 5.14799735 -56.51292704
v 237.50051281 5.14790544 -56.24128323
v 237.85191097 5.14808102 -55.80217201
v 238.79667676 5.14953538 -57.15705778
v 239.10669023 5.14956008 -56.74374581
v 239.56917275 5.14993867 -56.13169952
v 240.33743152 5.15101478 -57.4713949
v 240.73559013 5.15125586 -56.86409749
v 241.46339834 5.15236249 -57.90764472
v 241.83468914 5.15254596 -57.2714178
v 242.39447165 5.15360664 -58.13722072
v 242.13054649 5.15420437 -58.66350453
v 241.17567938 5.1526485 -58.41533354
v 240.98201081 5.1538172 -58.74789255
v 241.98406909 5.15641214 -59.04344538
v 240.04172917 5.15126169 -57.92544411
v 239.83397855 5.15186456 -58.22045649
v 239.64015635 5.15336282 -58.49112912
v 240.82540191 5.15628835 -59.06958207
v 238.58027198 5.14984642 -57.43343676
v 238.37142811 5.15083852 -57.6968969
v 238.16864105 5.15357921 -57.945024
v 239.45719815 5.15793886 -58.75512698
v 237.06190364 5.14850694 -56.77862308
v 236.85275182 5.14980287 -57.03338929
v 236.65611965 5.15063139 -57.27060849
v 237.97186691 5.15694677 -58.20000968
v 235.47152223 5.14889136 -56.09468512
v 235.27252111 5.17637919 -56.33947894
v 235.1999278 5.38234143 -56.39841338
v 236.58202226 5.37173258 -57.33473899
v 233.78990999 5.14422924 -55.33234805
v 233.68994202 5.36838147 -55.42561382
v 233.73096869 5.69351297 -55.32640029
v 235.23541274 5.70250115 -56.30439317
v 232.06915307 5.37645128 -54.24441208
v 232.13577393 5.6825485 -54.13448819
v 232.20262248 6.01872781 -54.03273424
v 233.77232321 6.02242801 -55.23016339
v 230.57815494 5.68701344 -52.54540922
v 230.66886382 6.02203982 -52.46164396
v 230.75409647 6.39107277 -52.38305831
v 232.26803965 6.39093766 -53.93941086
v 229.36746694 6.01916401 -50.4833486
v 229.48278271 6.39404665 -50.44058945
v 229.60574169 6.91980064 -50.39984123
v 230.84528751 6.89906269 -52.3088018
v 228.8992803 6.40674909 -48.17730622
v 229.03576732 6.93224143 -48.19521535
v 229.17382015 7.67299213 -48.2076239
v 229.72697761 7.66173719 -50.36884317
v 229.19671427 6.93579658 -46.07653575
v 229.30049322 7.69022501 -46.12983244
v 229.40130737 8.74372729 -46.15709119
v 229.3078319 8.6945305 -48.20887765
v 229.77198381 7.72658699 -44.30753282
v 229.83924097 8.76466123 -44.33887243
v 229.92591049 10.06122186 -44.32467242
v 229.50280926 10.04022688 -46.13827672
v 230.2730457 8.78547515 -42.71899156
v 230.36175565 10.05559684 -42.70224701
v 230.5468894 11.45189067 -42.64359789
v 230.10203343 11.47688017 -44.2622497
v 230.68655245 10.04842259 -41.21212643
v 230.8742736 11.42217045 -41.16471853
v 231.32068304 12.79795115 -41.11746152
v 230.99826205 12.83576321 -42.58264978
v 231.08613594 11.40687752 -39.76754822
v 231.54400332 12.77564567 -39.73038979
v 232.26565938 14.04063495 -39.68077616
v 232.07380731 14.06475351 -41.08906973
v 231.61430106 12.78344474 -38.3862185
v 232.32174545 14.0424223 -38.31480692
v 233.36005443 15.03490703 -38.19466374
v 233.34943734 15.01875506 -39.61429454
v 232.23028075 14.06546337 -36.98495773
v 233.25423952 15.04996367 -36.81409532
v 234.5226166 15.56858062 -36.5526269
v 234.66108729 15.55623414 -38.00670837
v 232.97686262 15.091895 -35.46517926
v 234.24760866 15.57352292 -35.13833345
v 235.63055221 15.64425858 -34.75713474
v 235.91147431 15.64070275 -36.22878104
v 233.86261441 15.56661324 -33.74981936
v 235.2267428 15.63678787 -33.31309013
v 236.61265269 15.37801179 -32.86380626
v 237.01646552 15.42883218 -34.3344176
v 234.73705639 15.63061583 -31.91081429
v 236.12807387 15.3363915 -31.4340467
v 237.42600801 14.57978616 -30.98548161
v 237.92358797 14.61493057 -32.46548235
v 235.58373551 15.30955901 -30.03641207
v 236.88818395 14.61277115 -29.53758248
v 237.89200145 13.48652312 -29.07699155
v 238.49351707 13.52063497 -30.59051636
v 236.29368946 14.59726595 -28.14648647
v 237.25931288 13.4335001 -27.66201395
v 237.87828085 11.99977816 -27.31229751
v 238.54412587 12.11344856 -28.80771909
v 238.78444104 10.66209824 -28.80371471
v 239.38428591 10.78596947 -30.42858177
v 239.1500063 12.22630329 -30.39837862
v 238.14131508 10.551048 -27.1767695
v 238.20015693 9.12322027 -27.16068509
v 238.86360968 9.21986723 -28.83344255
v 237.37047681 10.51162085 -25.61711557
v 237.3972342 9.06355042 -25.51021185
v 237.44296449 7.86723373 -25.45099484
v 238.25753515 7.94395951 -27.14429925
v 236.32990689 9.09510162 -24.03857661
v 236.33786971 7.90496983 -23.91109766
v 236.40042205 7.06043487 -23.79970252
v 237.52055085 7.10031925 -25.39923345
v 234.98068083 9.20869254 -22.8521371
v 234.92026288 7.99553074 -22.69118758
v 234.9129674 7.10799435 -22.55406241
v 234.93725022 6.54316769 -22.42457171
v 236.47565728 6.5286954 -23.71628409
v 233.24038586 8.11546114 -21.99859241
v 233.16258278 7.17811685 -21.86229357
v 233.10711672 6.58345433 -21.72107397
v 233.0538804 6.17443755 -21.59608108
v 234.95469983 6.1494699 -22.29700767
v 231.19515518 6.24820367 -21.60664793
v 231.11550816 5.92042099 -21.5213599
v 233.00967545 5.85404704 -21.47468569
v 229.51390954 5.93192935 -22.00406187
v 229.42512723 5.60003871 -21.90309255
v 231.02941751 5.5828679 -21.42920042
v 228.17494674 5.85987169 -22.63293544
v 228.07980824 5.54322666 -22.49319068
v 228.02506242 5.23489149 -22.44785176
v 229.35766311 5.28057891 -21.89206343
v 227.09456728 5.78010534 -23.53761482
v 226.97151253 5.42616847 -23.42300214
v 226.9196528 5.15245028 -23.39307087
v 226.2713387 5.41449516 -24.74616992
v 226.21569595 5.15295473 -24.75797577
v 226.46322721 5.14622783 -24.83711697
v 227.10655773 5.14533073 -23.59369021
v 228.13921541 5.15199727 -22.74982024
v 228.27637602 5.14414522 -23.11203015
v 229.43319944 5.14705909 -22.57425125
v 229.38225885 5.1652724 -22.19773113
v 227.35656555 5.14247207 -23.87023388
v 226.77909801 5.14294257 -24.96385434
v 227.1280117 5.1400359 -25.10449491
v 227.57633809 5.14083424 -24.11502659
v 228.40343908 5.14159692 -23.42949105
v 229.51234955 5.1411662 -23.31592272
v 229.46779448 5.14303413 -22.91859998
v 230.79215029 5.14322274 -22.86316802
v 230.86060307 5.14599601 -22.48786786
v 230.90506316 5.15156072 -22.11668959
v 232.58389286 5.14660128 -22.33112689
v 232.69236994 5.15001206 -21.96889817
v 232.80134186 5.15822967 -21.62653645
v 230.92939981 5.15847418 -21.74368732
v 232.9011658 5.19328286 -21.27583477
v 230.94856338 5.24233717 -21.41855418
v 232.95981904 5.53222686 -21.31799432
v 234.99641167 5.16794554 -21.97881002
v 235.02758051 5.48537108 -22.00057411
v 234.99559413 5.81611222 -22.15028447
v 236.76245719 5.51652894 -23.43002057
v 236.65879793 5.82912261 -23.52992369
v 236.55863517 6.16331052 -23.62778607
v 237.80897624 5.88714348 -25.26534258
v 237.70813448 6.21258773 -25.31004855
v 237.62072183 6.56227674 -25.35938851
v 238.49805814 6.25706153 -27.07340893
v 238.42758619 6.61245071 -27.10298451
v 238.33490409 7.17389608 -27.12061999
v 239.09175498 6.61325042 -28.79177529
v 239.00343151 7.2612837 -28.81887904
v 238.93135328 8.08834933 -28.83862764
v 239.60430516 7.31822777 -30.4908241
v 239.53421044 8.16180201 -30.51003019
v 239.46541747 9.33196212 -30.49578628
v 240.06715394 8.18095581 -32.18234013
v 240.00821539 9.45634159 -32.16403731
v 239.93935658 10.89917087 -32.09286168
v 240.43214581 9.57776399 -33.86372878
v 240.36879171 11.01325835 -33.79689737
v 240.15944441 12.44374337 -33.74357325
v 239.73164574 12.32667026 -32.04529054
v 239.45401988 13.7151739 -33.79838499
v 239.04518245 13.5873251 -32.16694878
v 238.31513766 14.70004011 -33.99208717
v 239.66940272 13.84369072 -35.47994853
v 238.58124316 14.82020215 -35.58939918
v 237.31011167 15.4876123 -35.86858469
v 238.68909301 14.92705477 -37.25344521
v 237.43862849 15.52139117 -37.48205278
v 236.04717893 15.64606273 -37.76646041
v 237.42114939 15.51628598 -39.13157233
v 236.04118041 15.63164187 -39.34449432
v 234.65594198 15.54896439 -39.51236776
v 235.93891413 15.6440127 -40.94209302
v 234.53639687 15.55148629 -41.0517604
v 233.19236 15.03839359 -41.08148139
v 234.32216832 15.54599771 -42.61475206
v 232.93860818 15.04163941 -42.58467031
v 231.78697894 14.09598921 -42.55719757
v 232.54851286 15.08260985 -44.14705293
v 231.36783752 14.13320937 -44.14530674
v 230.54690654 12.87936631 -44.18764477
v 230.91592852 14.14223184 -45.91318624
v 230.12212874 12.86744078 -46.00495546
v 229.68566168 11.4614902 -46.08169615
v 229.95840474 12.791245 -48.03820042
v 229.59051254 11.38648833 -48.13201487
v 229.43208732 9.96744724 -48.18168474
v 230.1031603 11.37602007 -50.26321824
v 229.96032 9.9455615 -50.33155717
v 229.84117337 8.6807847 -50.34855274
v 231.11627941 10.03100389 -52.19766256
v 231.029161 8.69991174 -52.20784619
v 230.93778237 7.64021084 -52.2449813
v 232.46609052 8.70963927 -53.70621353
v 232.39680305 7.61577165 -53.76279685
v 232.33004365 6.88594016 -53.84592288
v 233.89488541 7.65050609 -54.96323005
v 233.85125796 6.91114991 -55.04946166
v 233.81509745 6.38273068 -55.14359435
v 235.33607411 6.90647442 -56.05916588
v 235.30096502 6.37120517 -56.13811093
v 235.27377417 6.02856919 -56.21307524
v 236.69236109 6.34123042 -57.07719918
v 236.66852546 6.00627056 -57.14739815
v 236.62483285 5.68662558 -57.23639788
v 237.97217075 5.96065481 -58.07517797
v 237.94101289 5.63906611 -58.16318183
v 237.89319896 5.34462608 -58.26705645
v 239.23125308 5.5854577 -58.96477468
v 239.19451439 5.32438812 -59.08267648
v 239.26766804 5.17746182 -59.01753091
v 240.47498453 5.29894586 -59.57826676
v 240.5314293 5.18554158 -59.56587741
v 240.69146063 5.16070905 -59.32119881
v 241.69570954 5.19229522 -59.85114786
v 241.80630695 5.16554435 -59.64393907
v 241.90193892 5.15996489 -59.36031743
v 242.82778599 5.18335472 -59.71070327
v 242.838698 5.16697333 -59.43206096
v 243.74729985 5.25400705 -59.28886745
v 243.68264946 5.28014031 -59.22575476
v 244.26098444 5.23149957 -58.52239329
v 244.20787843 5.17421703 -58.5397894
v 242.80016236 5.27698879 -59.77899281
v 242.72034765 5.33749041 -59.57741355
v 243.58471026 5.34671349 -59.10394632
v 241.64885307 5.31297818 -59.75593425
v 241.64462681 5.50333405 -59.57139994
v 242.66503043 5.49701044 -59.44813748
v 240.50642976 5.53425049 -59.40560603
v 240.50135304 5.82611477 -59.34496518
v 241.62569712 5.76811928 -59.5412743
v 239.25375746 5.89713678 -58.86041996
v 239.26506315 6.24017742 -58.78376294
v 240.49381134 6.1756937 -59.27644518
v 237.99875668 6.29796373 -57.99646886
v 238.02445922 6.77142445 -57.91174066
v 239.27740175 6.72832682 -58.70338034
v 236.71779272 6.85508305 -56.99545309
v 236.73240151 7.62905638 -56.91613494
v 238.04351922 7.51377594 -57.81363823
v 235.36398924 7.68283334 -55.98155964
v 235.39565052 8.6830909 -55.91987354
v 236.74207554 8.61423809 -56.84054512
v 233.94535499 8.70797761 -54.89719012
v 234.01121042 10.15753633 -54.8579508
v 235.46150664 10.13485847 -55.8700034
v 232.53974485 10.12289468 -53.67413456
v 232.64939268 11.61551152 -53.58693453
v 234.1496914 11.68864143 -54.76768909
v 231.22811685 11.48563258 -52.1150907
v 231.49354815 12.91698359 -51.88803043
v 232.91803106 13.04223367 -53.34014623
v 230.43366756 12.78522334 -50.08756717
v 231.14571714 14.06719962 -49.71867688
v 232.11986235 14.17179988 -51.41973183
v 230.753484 14.08146136 -47.84609149
v 231.99043128 15.02128005 -47.58497698
v 232.29665881 14.99449591 -49.23646358
v 232.16231836 15.03275926 -45.83386123
v 233.70231216 15.50933412 -45.75759378
v 233.61554147 15.48926145 -47.26530663
v 234.02611961 15.5382794 -44.17750504
v 235.60100063 15.66412104 -44.0816728
v 235.44780662 15.66773277 -45.56147121
v 235.78337791 15.64648727 -42.52852732
v 237.23115428 15.54302108 -42.31623907
v 237.16446964 15.58255876 -43.8111195
v 237.33319492 15.52149988 -40.75299913
v 238.61511359 15.0054134 -40.55228405
v 238.55822026 15.01693582 -42.08785509
v 238.6703197 14.97684534 -38.93981319
v 239.67223258 14.0281153 -38.82110071
v 239.63984772 14.0729646 -40.40196584
v 239.71575303 13.95760974 -37.16017945
v 240.42743808 12.69269144 -37.16344551
v 240.34839016 12.77905456 -38.77930587
v 240.36821284 12.5656535 -35.47796915
v 240.59613455 11.13197186 -35.5195253
v 240.63216269 11.24226834 -37.18802393
v 240.67860353 9.77606163 -37.22268721
v 240.63595823 9.85420825 -38.79088728
v 240.56303365 11.3366452 -38.77846638
v 240.65610738 9.68534524 -35.56927198
v 240.70586366 8.34118621 -35.57985341
v 240.72925966 8.45337584 -37.22926734
v 240.48333142 8.23625726 -33.87450773
v 240.55089945 7.38710476 -33.86314648
v 240.77587059 7.44958577 -35.5736409
v 240.13607585 7.36046533 -32.16654961
v 240.22084931 6.70272579 -32.12666626
v 240.64160559 6.76142977 -33.83728002
v 239.68902102 6.65473216 -30.44954914
v 239.76115 6.2973149 -30.4321256
v 240.29971891 6.32284975 -32.10797662
v 239.16015837 6.27567402 -28.76972597
v 239.23934484 5.9481132 -28.74340752
v 239.84209912 5.95901766 -30.40334355
v 238.58557367 5.93362719 -27.04781887
v 238.69051274 5.6027578 -27.01872921
v 239.33764617 5.61478947 -28.70769454
v 237.92181503 5.56213097 -25.2234459
v 237.98077141 5.23781221 -25.2078001
v 238.74327034 5.28311899 -27.01044164
v 236.82645326 5.2165945 -23.36327292
v 236.56135529 5.15129804 -23.59046741
v 237.72558889 5.1550051 -25.35464512
v 234.81464206 5.15209295 -22.25702496
v 234.63134435 5.15007344 -22.5295939
v 236.27843734 5.15007618 -23.83792103
v 236.02272396 5.14874528 -24.05690661
v 237.10913939 5.14983716 -25.71440098
v 237.41394514 5.15244342 -25.53396416
v 234.44026353 5.14735573 -22.81536101
v 234.22988333 5.14544801 -23.13085941
v 235.76397018 5.14713282 -24.29136712
v 232.45559654 5.14461778 -22.65993554
v 232.25604605 5.14277042 -23.1985967
v 233.92290479 5.14427828 -23.61123837
v 230.71806696 5.14122244 -23.40891067
v 230.62085751 5.1402492 -24.2183719
v 232.00211248 5.14182256 -24.01284792
v 229.54562551 5.13987095 -23.81975436
v 229.54107021 5.13903695 -24.58847822
v 229.53064894 5.13883256 -25.54582385
v 230.51122682 5.13991348 -25.25956766
v 228.74006343 5.13807298 -25.80145938
v 228.03923346 5.13771804 -26.00051897
v 228.30626624 5.13821975 -27.1933539
v 228.92866899 5.13831131 -26.99398756
v 229.70125072 5.13899511 -26.75861331
v 229.38990343 5.13881645 -28.28359607
v 230.14248158 5.13949065 -28.03712395
v 231.04445461 5.14045908 -27.75151744
v 230.62053824 5.13999064 -26.50961723
v 230.6886745 5.1400942 -29.21077645
v 231.60561672 5.14107875 -28.86083574
v 232.70839228 5.14229821 -28.38689492
v 232.18760767 5.14172346 -30.00244356
v 233.34692024 5.14300396 -29.51501499
v 234.60624537 5.14440242 -28.95196437
v 233.90899078 5.14363392 -27.73229009
v 235.71467754 5.14565891 -28.43610354
v 235.00733465 5.14487189 -27.02965357
v 236.5645507 5.14675697 -28.03477077
v 235.85575311 5.14592022 -26.50442666
v 234.83004918 5.14482011 -25.18978963
v 236.48565916 5.14714002 -26.10519536
v 235.42566779 5.14589588 -24.63250158
v 233.48293625 5.1433678 -24.30466214
v 236.81831693 5.14833925 -25.88879607
v 237.25576699 5.14825146 -27.70116995
v 237.55358041 5.14961666 -27.55199781
v 237.86994562 5.15168486 -27.4052176
v 238.19735451 5.15072912 -29.16038644
v 238.51564081 5.15327057 -29.03384694
v 238.83396276 5.15835415 -28.90839864
v 238.18248167 5.15555962 -27.26212457
v 239.15419003 5.17049933 -28.78342736
v 238.49741892 5.16523022 -27.12184733
v 239.39968481 5.30115398 -28.68646653
v 239.77669978 5.15203294 -30.41899552
v 240.02350454 5.28620844 -30.33617813
v 239.94537018 5.61666632 -30.36517347
v 240.60313854 5.31497643 -32.02118468
v 240.48433278 5.64284313 -32.05582327
v 240.38345947 5.9791068 -32.08519927
v 240.92500912 5.67543238 -33.78436673
v 240.81641717 6.01182842 -33.80177382
v 240.72258077 6.3549805 -33.8159896
v 241.03851045 6.03765956 -35.53610387
v 240.95017327 6.38583967 -35.54267988
v 240.86626261 6.80594027 -35.55886751
v 240.96917703 6.39890733 -37.2292591
v 240.88591383 6.83305636 -37.23106703
v 240.79463979 7.54673006 -37.22928105
v 240.82424144 6.8756612 -38.82506772
v 240.74312497 7.63881958 -38.81028061
v 240.68861706 8.56143985 -38.80269776
v 240.67840738 7.70200205 -40.30952311
v 240.63710636 8.63572157 -40.29046996
v 240.59139938 9.92224197 -40.27737692
v 240.61688862 8.681963 -41.71979057
v 240.57399093 9.98634821 -41.71108291
v 240.47914495 11.45118415 -41.7377093
v 240.50982202 11.4027965 -40.28673066
v 240.24228925 12.8641394 -41.79903739
v 240.28018292 12.82967536 -40.3229042
v 239.60638057 14.09286787 -41.91002985
v 240.26153306 12.89976374 -43.20571232
v 239.64274615 14.15320454 -43.32887877
v 238.55870037 15.07582191 -43.52472974
v 239.66330819 14.17362255 -44.68924455
v 238.5777782 15.09808247 -44.9038606
v 237.13802843 15.58272371 -45.21227465
v 238.65425827 15.11976828 -46.19061595
v 237.16886394 15.59114193 -46.50297505
v 235.42053826 15.65978332 -46.88957421
v 237.31946266 15.59014607 -47.70980595
v 235.5699525 15.65681116 -48.12071193
v 233.81718383 15.48687157 -48.66675944
v 235.9721275 15.65321212 -49.32846187
v 234.41537921 15.49902498 -50.02508547
v 233.09380215 15.06764853 -50.79304657
v 235.31847156 15.51305422 -51.3276814
v 234.23776659 15.12634601 -52.18224721
v 233.44904112 14.23097643 -52.85614421
v 235.57774591 15.11730331 -53.43102246
v 234.90838038 14.24487294 -54.08542462
v 234.44338693 13.07721313 -54.52164152
v 236.40156058 14.18472282 -55.18230145
v 235.95044272 13.05567855 -55.57131483
v 235.62297553 11.68105301 -55.80109658
v 237.39313002 12.90992268 -56.53815016
v 236.9888611 11.53849383 -56.71589447
v 236.79582763 10.03544216 -56.77171512
v 238.23566176 11.26579929 -57.55761553
v 238.07922295 9.85324127 -57.64375385
v 238.05131195 8.51316143 -57.72185392
v 239.35546752 9.68067712 -58.4513027
v 239.32593857 8.43509257 -58.52150167
v 239.30208853 7.44365172 -58.60601863
v 240.44765856 8.37397933 -59.02240324
v 240.45528393 7.44251765 -59.09717827
v 240.47976222 6.70831416 -59.18346474
v 241.50891327 7.46265789 -59.27737521
v 241.55618263 6.74104126 -59.36750523
v 241.59779503 6.15055184 -59.4781671
v 242.53536205 6.77318607 -59.29362731
v 242.59554338 6.18175771 -59.39825912
v 242.63848223 5.76682575 -59.43333666
v 243.44826971 6.21926628 -59.03297644
v 243.51204768 5.82662025 -59.08125538
v 243.52152762 5.5350334 -59.04922031
v 244.16002472 5.85890292 -58.48283572
v 244.15319494 5.59780281 -58.46702531
v 244.19156049 5.38691714 -58.46968096
v 244.59090975 5.62722133 -57.68491907
v 244.62375277 5.41126923 -57.70787338
v 244.60882712 5.21818432 -57.72598553
v 244.43695101 5.17365154 -57.70986785
v 244.90075999 5.36229962 -56.76034358
v 244.85636438 5.20589648 -56.78099615
v 244.5682339 5.17003912 -56.77098262
v 244.30704669 5.160922 -56.77840361
v 244.85223139 5.19545737 -55.63722582
v 244.5302593 5.16706249 -55.70147154
v 244.27060841 5.16016036 -55.74929782
v 244.00231708 5.1574255 -55.80008151
v 244.14636379 5.16042544 -54.54465344
v 243.87845928 5.15740389 -54.65168301
v 243.58050046 5.15567553 -54.76639968
v 243.15606799 5.15508261 -53.60276414
v 242.87842292 5.15427158 -53.73407035
v 242.39453063 5.15451197 -52.58732614
v 242.1174562 5.15346295 -52.72028938
v 241.81285964 5.15275549 -52.86263243
v 241.40946793 5.15271194 -51.68023729
v 241.08479355 5.15191051 -51.81528006
v 240.42230923 5.15091224 -52.07028495
v 240.44756391 5.15117664 -50.72995035
v 239.68615962 5.15008476 -50.95727948
v 238.76806961 5.1490203 -51.21060812
v 239.11316199 5.14947126 -49.81762704
v 238.10483771 5.14828952 -50.02233655
v 236.79960397 5.14683482 -50.34374899
v 237.62080894 5.14774427 -48.84418551
v 236.1279607 5.14608689 -49.15391366
v 234.60858003 5.14440551 -49.85358247
v 235.69195299 5.14560096 -48.04464475
v 233.98273976 5.14370799 -48.57696137
v 232.61085773 5.14220047 -49.14311551
v 233.80320192 5.14350669 -47.17251273
v 232.35805788 5.14191584 -47.44054618
v 231.34929945 5.14086065 -47.63536288
v 232.62572474 5.14220767 -45.70842734
v 231.59140334 5.14113053 -45.77467028
v 230.74752629 5.14056813 -45.80160943
v 231.98581099 5.1415297 -44.08479894
v 231.18659533 5.14088054 -44.05491198
v 230.71286747 5.14104652 -44.06240429
v 231.53379329 5.14116002 -42.51772642
v 231.07042669 5.14102971 -42.49489008
v 230.71678063 5.14131949 -42.47731839
v 231.35029977 5.14094535 -41.06074378
v 230.978164 5.14068781 -41.04873988
v 230.61406031 5.14054618 -41.03851373
v 231.0869696 5.1405599 -39.70813094
v 230.73328684 5.14017548 -39.71679745
v 230.40471782 5.13975916 -39.72540222
v 230.73227177 5.14014393 -38.43900901
v 230.42408131 5.13977322 -38.46589466
v 230.31923517 5.39696599 -38.48284085
v 230.32369703 5.13999749 -37.22017285
v 230.23830114 5.39556341 -37.24077878
v 230.35236076 5.72067365 -37.23529466
v 230.06628786 5.39880752 -36.01512107
v 230.18047368 5.72549009 -35.9993477
v 230.29115167 6.06128909 -35.98509282
v 229.90093427 5.74678874 -34.80236162
v 230.00422626 6.08714047 -34.77808635
v 230.10092508 6.47265631 -34.7578645
v 229.61403251 6.11440471 -33.60913746
v 229.704066 6.51197691 -33.58201862
v 229.78715705 6.99110008 -33.55696353
v 229.22288852 6.54520024 -32.42557088
v 229.29337469 7.03926963 -32.39354267
v 229.35062758 7.72076233 -32.37458966
v 228.71950877 7.05412189 -31.23617176
v 228.7688405 7.73003668 -31.20777105
v 228.82000691 8.58578988 -31.19214034
v 228.16743951 7.67043799 -29.99818301
v 228.22191098 8.49023181 -29.97796733
v 228.30605268 9.79322031 -29.99273249
v 227.63598222 8.43452879 -28.69130869
v 227.73553293 9.73005232 -28.74127348
v 227.85431473 11.20793625 -28.80126174
v 227.247685 9.7649052 -27.38348515
v 227.39437785 11.15926049 -27.51193099
v 227.66576047 12.62314215 -27.4914372
v 227.13746888 8.47782446 -27.34073663
v 227.56708213 7.57014767 -28.71177162
v 227.03962188 7.49360964 -27.377988
v 227.50514072 6.93395127 -28.76972803
v 226.94801016 6.81916876 -27.44779398
v 227.44271873 6.43607263 -28.84223663
v 226.85943915 6.34298861 -27.52385979
v 226.4833983 6.23001951 -26.15884903
v 226.75706057 5.95343821 -27.61072478
v 226.34602975 5.83325627 -26.21440973
v 226.46127187 5.75004931 -24.78738589
v 226.23514449 5.50846496 -26.26847835
v 226.66472927 5.62110073 -27.69734423
v 226.59846789 5.30196809 -27.76689541
v 226.0948165 5.26272328 -26.31112022
v 226.79657002 5.15611242 -27.71109603
v 226.39267579 5.14943799 -26.29846853
v 227.16433331 5.1426648 -27.57823601
v 226.7195798 5.14305677 -26.25736264
v 227.51816722 5.13942583 -27.45605446
v 227.15049361 5.13957398 -26.19207613
v 227.87434762 5.13840939 -27.33563007
v 227.51471431 5.13831097 -26.13021136
v 228.07168802 5.13983186 -28.75805369
v 228.41000815 5.13894539 -28.62920079
v 228.78896136 5.13864875 -28.49356201
v 228.98208793 5.13935759 -29.84797797
v 229.35622435 5.13916075 -29.70874255
v 229.93811122 5.13938125 -29.49022944
v 229.9434328 5.13985106 -30.86345507
v 230.48843506 5.14007122 -30.65920027
v 231.25325047 5.14072313 -30.37152315
v 231.02036418 5.14068575 -31.84470234
v 231.79835561 5.14133972 -31.57520939
v 232.76232441 5.14236028 -31.23277334
v 232.28942952 5.14185789 -32.82031187
v 233.28580889 5.14293948 -32.52385645
v 234.53727271 5.1443232 -32.14566591
v 233.9633039 5.14368604 -30.79172114
v 235.82167144 5.1457491 -31.73855547
v 235.22288965 5.14508416 -30.31839519
v 236.94228377 5.14703132 -31.36960345
v 236.33882031 5.14635506 -29.89053891
v 237.80282409 5.14820036 -31.08114102
v 237.20312051 5.14750593 -29.55378999
v 238.45360903 5.14967496 -30.8613001
v 237.87751544 5.14916639 -29.29516652
v 238.79638595 5.15097809 -30.75275752
v 238.94979327 5.14981144 -32.47964053
v 239.32739122 5.1506211 -32.37731458
v 239.67027376 5.15121505 -32.28310781
v 239.12713978 5.15249452 -30.64059636
v 240.00787383 5.15161662 -32.18828995
v 239.45140264 5.15335973 -30.53008263
v 240.3425878 5.15146573 -32.09359349
v 240.44720726 5.15512101 -33.88555142
v 240.81314288 5.1590647 -33.81167693
v 241.04829628 5.3689816 -33.76403583
v 241.06835215 5.17731985 -35.56089765
v 241.2738943 5.39246059 -35.53142495
v 241.14693643 5.7019967 -35.53316977
v 241.29951248 5.39200552 -37.25198845
v 241.16242586 5.71031513 -37.24047975
v 241.05438808 6.04810415 -37.23183382
v 241.10751055 5.71382604 -38.87715454
v 240.99392829 6.05073648 -38.86053345
v 240.90697654 6.40492162 -38.84259963
v 240.91844958 6.06151577 -40.38597711
v 240.83128932 6.43107683 -40.3606415
v 240.75082442 6.93234911 -40.33605211
v 240.80104297 6.47449475 -41.8033048
v 240.72025297 6.99372657 -41.774913
v 240.65669584 7.74841975 -41.74406447
v 240.7415571 7.0483696 -43.15448556
v 240.68078456 7.80618462 -43.11927222
v 240.64428044 8.74036007 -43.09206559
v 240.7533374 7.8761396 -44.43440564
v 240.71386077 8.82142613 -44.40803027
v 240.66173416 10.08881052 -44.40862148
v 240.59882312 10.04319155 -43.08647173
v 240.55701182 11.52393477 -44.45370158
v 240.50426931 11.49244487 -43.12403071
v 240.30734154 12.92965997 -44.54476985
v 240.65311429 11.54352349 -45.73008537
v 240.39433993 12.9419833 -45.82586275
v 239.75326537 14.19073403 -45.97627149
v 240.51969015 12.9369791 -47.05818289
v 239.86510418 14.17498432 -47.21136798
v 238.7916357 15.11933379 -47.41784976
v 240.0635861 14.15043299 -48.40320876
v 239.01628586 15.11293027 -48.6174956
v 237.60188336 15.59322317 -48.88960854
v 239.36528215 15.06611427 -49.79293065
v 238.04756167 15.58140103 -50.12124556
v 236.61960181 15.63223514 -50.58919849
v 238.69485285 15.53567691 -51.36153537
v 237.49046155 15.61408973 -51.87045051
v 236.44846506 15.50370048 -52.59908724
v 238.56047674 15.56079099 -53.14816898
v 237.72990568 15.45069014 -53.8201593
v 237.00241709 15.0229045 -54.57274894
v 239.06929997 15.3090429 -55.0102525
v 238.42749086 14.85032608 -55.67273408
v 237.87893311 14.00924116 -56.1913253
v 239.7862579 14.45282966 -56.66795297
v 239.17828561 13.65453716 -57.12296788
v 238.62195845 12.5864705 -57.40702572
v 240.27922546 13.18363881 -57.8809758
v 239.74620789 12.18748405 -58.17475363
v 239.46710743 10.97198952 -58.338372
v 240.57837493 10.76475658 -58.89876767
v 240.48453854 9.54569839 -58.9841735
v 241.62192216 10.627257 -59.11397082
v 241.51733013 9.43317493 -59.1906251
v 241.48141173 8.33627958 -59.21101429
v 242.47224662 9.35299285 -59.12896369
v 242.44510583 8.31935037 -59.13842853
v 242.46987355 7.48611801 -59.18204364
v 243.2766899 8.29873518 -58.80210554
v 243.29973337 7.49206475 -58.8450046
v 243.36709975 6.78462276 -58.94151311
v 243.95070349 7.46828844 -58.27812895
v 244.01190126 6.7718946 -58.35125242
v 244.10792692 6.24470682 -58.43947576
v 244.45852263 6.74351344 -57.57743409
v 244.54468153 6.23004317 -57.6357732
v 244.59352287 5.8639769 -57.67210175
v 244.74996854 6.20777438 -56.67605708
v 244.81383704 5.8706599 -56.70121985
v 244.80877129 5.60520974 -56.71184517
v 244.75416599 5.87390984 -55.60409886
v 244.79457951 5.58192793 -55.60515234
v 244.90365705 5.31516812 -55.60446648
v 244.40804894 5.5883023 -54.45560433
v 244.50625837 5.32200853 -54.38857402
v 244.41010651 5.18516916 -54.42321535
v 243.83626253 5.32061281 -53.27231758
v 243.69366847 5.15499516 -53.33256338
v 243.43573222 5.15581682 -53.4670849
v 242.94879061 5.15580447 -52.31344643
v 242.67284236 5.1561186 -52.45217912
v 242.28252173 5.16201115 -51.32040033
v 241.99264232 5.15579796 -51.44153938
v 241.69635151 5.1537757 -51.55902143
v 241.44888695 5.1551289 -50.40566005
v 241.13066238 5.1531941 -50.50510677
v 240.80045862 5.15199796 -50.62032275
v 240.70069777 5.15275549 -49.4333982
v 240.33329716 5.15156518 -49.52369283
v 239.91357105 5.15064099 -49.62709558
v 240.04086499 5.15127952 -48.40618264
v 239.53532427 5.15018249 -48.5077857
v 238.70418464 5.14900213 -48.66656465
v 239.29618604 5.14996576 -47.36204558
v 238.44126289 5.14871338 -47.51949397
v 237.29172518 5.14737939 -47.7200417
v 238.28468349 5.14855666 -46.32026238
v 237.14109971 5.14721272 -46.55697131
v 235.54227469 5.14543327 -46.86497659
v 237.09422334 5.14716231 -45.24349081
v 235.61417802 5.14551248 -45.51460376
v 234.01046147 5.14373542 -45.66623882
v 235.71290802 5.14562256 -44.02736928
v 234.26985379 5.14402383 -44.12622341
v 232.97357736 5.14259004 -44.11562279
v 234.43186656 5.14420524 -42.58954677
v 233.20451341 5.14284689 -42.58513807
v 232.26358123 5.14181948 -42.5584184
v 233.38305401 5.14304716 -41.0758985
v 232.46122881 5.14203106 -41.07630727
v 231.773818 5.14131091 -41.07224836
v 232.5674182 5.14214629 -39.65719773
v 231.88380705 5.14139802 -39.67982282
v 231.45650906 5.14093986 -39.69919421
v 231.88928672 5.14139973 -38.32554198
v 231.45859372 5.14092683 -38.36994994
v 231.08382974 5.14052115 -38.40689438
v 231.37178669 5.14087059 -37.06034042
v 230.97525184 5.14052698 -37.12108004
v 230.62613244 5.14034763 -37.17336028
v 230.78643058 5.14079755 -35.86636662
v 230.42946324 5.14175775 -35.93601143
v 230.13307812 5.14188635 -35.99721331
v 230.15334284 5.14551934 -34.73777159
v 229.8578754 5.16776001 -34.81327362
v 229.79930463 5.41576571 -34.82783028
v 229.50155208 5.16896335 -33.65400426
v 229.42305028 5.41735828 -33.67640097
v 229.5176773 5.75993527 -33.64183165
v 228.96049059 5.41469955 -32.55406371
v 229.04685165 5.75902582 -32.51016328
v 229.13934788 6.12463531 -32.46521418
v 228.50789163 5.74591873 -31.38003467
v 228.58871866 6.11089929 -31.32458302
v 228.66112542 6.54552328 -31.27699337
v 228.00254132 6.09018671 -30.15595855
v 228.06345823 6.51725699 -30.09351732
v 228.114843 7.02599895 -30.03932216
v 227.37711951 6.04433673 -28.92106645
v 227.92828104 5.72588549 -30.22215417
v 227.29830401 5.69045713 -29.00492018
v 227.87453152 5.3723718 -30.28102345
v 227.23143016 5.33773423 -29.07692707
v 228.02365607 5.14497854 -30.23496326
v 227.42112015 5.14828301 -29.01469572
v 228.33607768 5.14170803 -30.10591352
v 227.74730569 5.14228518 -28.88429621
v 228.65784479 5.1401038 -29.9749084
v 228.89751028 5.14317028 -31.26278993
v 229.22958935 5.1410448 -31.13230606
v 229.56884011 5.14014358 -31.00258144
v 229.72910823 5.141993 -32.28096245
v 230.08555225 5.14073719 -32.15594076
v 230.46175071 5.14056744 -32.0322702
v 230.5003251 5.14097141 -33.34171237
v 230.88461223 5.14083493 -33.23486661
v 231.50644058 5.1411542 -33.05578213
v 231.2678812 5.14098925 -34.45381525
v 231.91920729 5.14149918 -34.29081415
v 232.7158695 5.14231878 -34.10094935
v 232.23221247 5.14179513 -35.57143107
v 233.03943622 5.142672 -35.41679058
v 234.1031271 5.14384962 -35.22017145
v 233.75084487 5.14345559 -33.84867693
v 235.40659956 5.14529472 -34.96568507
v 235.02774786 5.14487052 -33.53307097
v 236.73659347 5.14677343 -34.68726498
v 236.34326261 5.14633105 -33.19616637
v 237.87241814 5.14807279 -34.44570292
v 237.46839749 5.14760915 -32.89197858
v 238.74090824 5.1492144 -34.2600342
v 238.33568529 5.14872744 -32.65119154
v 239.37823939 5.15042974 -34.11685372
v 238.99351811 5.14960431 -35.87644737
v 239.633568 5.15138412 -35.76823675
v 239.99046126 5.15291084 -35.70447387
v 239.74095696 5.1513944 -34.03214679
v 240.35092372 5.15603972 -35.65344601
v 240.09694077 5.15282922 -33.95767971
v 240.70498988 5.16225566 -35.60740296
v 240.45285737 5.15674478 -37.34051219
v 240.8058042 5.16284858 -37.30585028
v 241.15573051 5.17669503 -37.27454085
v 240.79336547 5.15958732 -38.94413959
v 241.13487218 5.17236315 -38.91997405
v 241.24757106 5.38793358 -38.89784278
v 241.06451683 5.17041874 -40.47214835
v 241.15531488 5.38516511 -40.44478672
v 241.03658594 5.71834859 -40.41386274
v 241.14056481 5.39196403 -41.88795069
v 241.01783868 5.72565298 -41.85855206
v 240.89344181 6.07930693 -41.83021102
v 241.03851731 5.73359282 -43.24108753
v 240.91307519 6.09569141 -43.21281233
v 240.82361045 6.50553122 -43.18451518
v 240.97533741 6.12978542 -44.52589915
v 240.88503181 6.54687476 -44.49788046
v 240.80669993 7.10538466 -44.46773561
v 240.9827049 6.57389621 -45.75494362
v 240.91089827 7.15850233 -45.72820063
v 240.85881145 7.94351627 -45.69997619
v 241.02795509 7.17209742 -46.94120014
v 240.97905888 7.96009433 -46.92598232
v 240.93647805 8.99438623 -46.91385908
v 240.81460925 8.91652691 -45.67854312
v 240.88202501 10.17784087 -46.92254205
v 240.7576103 10.12900876 -45.68312191
v 240.77753311 11.54818218 -46.96555634
v 241.05435927 10.21994445 -48.12863222
v 240.96026773 11.54129668 -48.16079898
v 240.70561675 12.90708031 -48.24133247
v 241.21358678 11.53839181 -49.32587207
v 240.94682902 12.86840938 -49.38949778
v 240.32572803 14.08412935 -49.54876232
v 241.33923329 12.83988779 -50.50300805
v 240.76860873 14.02298953 -50.67406112
v 239.87154576 14.98779267 -50.96627245
v 241.38556713 13.96408287 -51.73440639
v 240.55980738 14.89313599 -52.10866558
v 239.55777104 15.45187393 -52.59220671
v 241.39569452 14.72705881 -53.20032989
v 240.57574124 15.27852735 -53.75770778
v 239.77620459 15.44536171 -54.370514
v 241.69483576 14.94496356 -54.82046178
v 241.03962566 15.14492797 -55.47004921
v 240.40993635 14.98990271 -56.11148042
v 242.19768654 14.58443594 -56.4076368
v 241.58052512 14.40729621 -56.98670154
v 240.93172093 13.90222908 -57.45658859
v 242.4676596 13.64522183 -57.66074942
v 243.08318593 13.78112535 -57.16626474
v 243.63051325 12.72295751 -57.67598371
v 243.06796399 12.70857095 -58.18308269
v 243.31789215 11.64399617 -58.56162713
v 243.89387601 11.59671515 -58.00651806
v 243.93704942 10.4069558 -58.15242483
v 243.32859154 10.46913048 -58.71502621
v 244.0597728 12.62910191 -57.06952854
v 244.28913756 11.52298503 -57.30197417
v 244.32538929 10.33858367 -57.41830123
v 244.32997357 9.1911734 -57.46283264
v 243.92115946 9.24098361 -58.21075571
v 244.42500061 11.43120929 -56.50625226
v 244.47147575 10.28958736 -56.575192
v 244.4851984 9.15261427 -56.59492826
v 244.5173295 8.18546361 -56.60377584
v 244.35197865 8.22777542 -57.48314228
v 244.34451513 10.25575946 -55.66876158
v 244.37617984 9.12526876 -55.68583946
v 244.409695 8.14177975 -55.67329922
v 244.47649075 7.3367895 -55.65590585
v 244.57227498 7.38281094 -56.62144903
v 244.04047549 9.09540794 -54.7790085
v 244.08090959 8.09009518 -54.75140681
v 244.13744078 7.29038398 -54.69156704
v 244.218084 6.66603922 -54.61739832
v 244.58508682 6.67824784 -55.6315277
v 243.5394052 8.05340399 -53.73169454
v 243.58013421 7.26453809 -53.66189885
v 243.63178072 6.68204407 -53.57833935
v 243.67683887 6.25111891 -53.49938608
v 244.3032292 6.2335215 -54.54416785
v 242.921263 7.25053149 -52.58950168
v 242.96182878 6.67294067 -52.51650166
v 243.00256054 6.25180374 -52.44528487
v 243.04809056 5.90342782 -52.37382117
v 243.72815891 5.9110844 -53.42294579
v 242.32951949 6.63325245 -51.46158565
v 242.3776256 6.22842077 -51.40359221
v 242.43675482 5.8794653 -51.33982384
v 242.4914534 5.56423382 -51.27753418
v 243.09523098 5.59631587 -52.30123815
v 241.90132302 6.18815094 -50.3251924
v 241.97172227 5.84763872 -50.2815773
v 242.03360041 5.5311607 -50.23693066
v 242.0256033 5.23878922 -50.2190133
v 242.5007166 5.27241617 -51.23705756
v 241.64338267 5.8384664 -49.20350671
v 241.71195067 5.51508623 -49.17997902
v 241.66621215 5.22672943 -49.18262644
v 241.36683223 5.16146178 -49.25927797
v 241.76250803 5.15876429 -50.30373052
v 241.51437545 5.50932125 -48.09883305
v 241.43300796 5.22057076 -48.12113167
v 241.10280282 5.16207973 -48.18799189
v 240.75849231 5.15515428 -48.25918673
v 241.03622517 5.15494715 -49.34721873
v 241.28048677 5.21014606 -47.01935782
v 240.93723249 5.16319631 -47.07426215
v 240.58766146 5.15593856 -47.1329003
v 240.22943489 5.15271845 -47.19236971
v 240.40652077 5.15268245 -48.33074919
v 240.83079962 5.16549531 -45.90384485
v 240.4817951 5.1561474 -45.95100721
v 240.12597727 5.15284088 -46.00150148
v 239.76048746 5.15136011 -46.06245371
v 239.8582744 5.15125929 -47.25841787
v 240.41119833 5.1567657 -44.69679448
v 240.04713236 5.15343792 -44.74403091
v 239.67051793 5.15163274 -44.80246605
v 239.05048825 5.14985465 -44.89194862
v 239.13668144 5.14981899 -46.16416102
v 239.99739254 5.15311488 -43.41867272
v 239.62405377 5.15154804 -43.46588858
v 239.01540797 5.14987351 -43.54233435
v 238.19569336 5.14850728 -43.65990968
v 238.21527805 5.14848636 -45.02991314
v 239.61679602 5.15106896 -42.06186106
v 239.01600466 5.1498231 -42.12210137
v 238.19960413 5.14846922 -42.21891165
v 237.13775272 5.14721581 -42.36738901
v 237.11195484 5.14718872 -43.83277754
v 239.03427181 5.14956419 -40.63609868
v 238.21653111 5.14846407 -40.71960605
v 237.15705689 5.14723742 -40.84327455
v 235.87818754 5.14581255 -40.98684665
v 235.80957153 5.14573264 -42.5235233
v 238.24885836 5.14850591 -39.16581861
v 237.16564589 5.14725285 -39.27574662
v 235.88139599 5.14582146 -39.411943
v 234.56176402 5.14435784 -39.53836728
v 234.55075051 5.14434104 -41.06441175
v 237.12570561 5.14721067 -37.73024435
v 235.80341526 5.14573779 -37.89306575
v 234.47122043 5.14425873 -38.05910932
v 233.40679979 5.14307768 -38.18286698
v 233.46240507 5.1431377 -39.61816278
v 235.65618136 5.14557421 -36.41447308
v 234.3303849 5.14410304 -36.61945832
v 233.26257544 5.14291891 -36.78296009
v 232.44502952 5.14201666 -36.90384126
v 232.56026333 5.14213909 -38.26481608
v 231.79118565 5.14131263 -36.99851166
v 231.60204272 5.14117134 -35.69611874
v 231.17902105 5.14087505 -35.78685918
v 230.86315549 5.14085722 -34.55888876
v 230.49823118 5.14143094 -34.65048514
v 230.13845114 5.14203861 -33.45208756
v 229.79991213 5.14572133 -33.55891343
v 229.38749984 5.14519973 -32.40352808
v 229.0763283 5.16498709 -32.51644095
v 228.58278427 5.15188068 -31.38769297
v 228.45129837 5.40333967 -31.42605302
v 236.99391038 5.14706561 -36.20237824
v 238.23961093 5.14850351 -37.59405208
v 238.12453419 5.14837663 -36.01814845
v 239.09318705 5.14987317 -37.49203065
v 239.08546703 5.14971234 -39.08676246
v 239.70667638 5.15124454 -39.03396371
v 239.72074471 5.15173013 -37.42714159
v 240.09882825 5.15259191 -39.00061728
v 240.09886666 5.15355966 -37.38056495
v 240.44562293 5.15476368 -38.97340791
v 240.05041625 5.15227779 -40.54202086
v 240.38715213 5.15399449 -40.51506114
v 240.73445709 5.15807055 -40.49250052
v 240.34893885 5.1541711 -41.98282685
v 240.70221489 5.1574279 -41.95041593
v 241.0392937 5.17228942 -41.91844807
v 240.71724891 5.16011098 -43.3390089
v 241.06224253 5.17053465 -43.3036186
v 241.18007299 5.39966107 -43.2699361
v 241.10314986 5.18160406 -44.61871636
v 241.21837818 5.42276936 -44.58421494
v 241.09598127 5.76502777 -44.55422373
v 241.28914779 5.45900497 -45.82694092
v 241.17645029 5.80455379 -45.80173151
v 241.06908602 6.16929464 -45.7784425
v 241.28482551 5.82965037 -46.97857668
v 241.18527454 6.19331168 -46.97007478
v 241.10285906 6.59276623 -46.95538369
v 241.34374349 6.1974553 -48.11365582
v 241.2651304 6.58623583 -48.11979288
v 241.18389871 7.16786258 -48.12328252
v 241.49325513 6.55102523 -49.25201336
v 241.4094062 7.1868979 -49.27972478
v 241.36011493 8.02142858 -49.29864624
v 241.12928518 7.98426329 -48.12217143
v 241.33201668 9.04988101 -49.30795197
v 241.0966685 9.03854883 -48.12025103
v 241.30252615 10.24183988 -49.31084903
v 241.70216347 9.05761475 -50.46901965
v 241.66197217 10.25373352 -50.46959851
v 241.58862785 11.54300866 -50.4597633
v 242.1792973 10.25796254 -51.59196184
v 242.08651576 11.5407227 -51.56875788
v 241.87547988 12.79735703 -51.57696074
v 242.7142051 11.51294655 -52.62840631
v 242.53079835 12.74096884 -52.61902102
v 242.12824201 13.86080049 -52.77439812
v 243.2303053 12.61121473 -53.637186
v 242.91776787 13.67479741 -53.78403925
v 242.33894867 14.46260246 -54.22839317
v 242.76578988 14.45801303 -55.78060588
v 243.61279753 13.70382157 -56.59830817
v 243.36851399 11.44853279 -53.66528973
v 243.94343476 11.38940708 -54.67367163
v 243.99694132 10.23340376 -54.75098707
v 244.29958181 11.37674082 -55.60844994
v 243.44467444 10.23182731 -53.73479462
v 243.49955546 9.0605395 -53.76480504
v 242.80656965 10.24832236 -52.67066342
v 242.85767021 9.04732387 -52.68246567
v 242.88898925 8.03251908 -52.65098751
v 242.22179172 9.05487114 -51.59607424
v 242.24860741 8.0413826 -51.56934497
v 242.28424598 7.22369111 -51.51829242
v 241.7269792 8.04199045 -50.45054811
v 241.77165464 7.21169545 -50.41259271
v 241.83999083 6.55910156 -50.36353737
v 241.56599452 6.18270043 -49.22867222
v 241.43480765 5.84040806 -48.10441868
v 241.37397887 5.49353451 -46.99000034
v 241.16606091 5.19271291 -45.861168
v 240.76406972 5.16370659 -44.65596807
v 240.36116633 5.15567896 -43.37727293
v 239.99030488 5.15234226 -42.01931315
v 239.67485804 5.15093659 -40.57882128
v 243.13523161 5.31300355 -52.23208991
v 243.78191375 5.60542578 -53.34734774
v 244.36969574 5.90028178 -54.48945556
v 244.6911891 6.20589993 -55.6099945
v 244.66162861 6.70293737 -56.65089431
v 244.38492591 7.42757211 -57.51819513
v 243.93212359 8.26823557 -58.23783065
v 243.29187754 9.29440289 -58.78172457
v 242.54709571 10.53338438 -59.0469021
v 250.46247465 5.16178036 -33.82277686
v 250.62118228 6.82869499 -35.37866097
v 246.45845819 5.16121247 -23.60413596
v 246.32360609 6.1440139 -23.34462233
v 251.8018902 5.16559099 -36.09724027
v 247.12638685 6.76751574 -24.09580867
v 251.90647537 6.25427215 -36.31579452
v 247.50617681 5.15877938 -25.38572959
v 249.78597962 5.16103997 -32.71943513
v 248.6393616 5.15986373 -33.25448765
v 250.0081991 5.16134655 -34.55749921
v 250.87435455 5.16254612 -35.02832177
v 251.24205145 5.16265826 -34.00414387
v 250.94752741 5.16228858 -32.33569257
v 250.12238492 7.04313307 -34.60980139
v 251.22289405 7.01997369 -34.28865301
v 251.41924433 6.66981453 -35.48943944
v 250.28666995 6.56827217 -35.94317179
v 249.29005464 6.75701422 -35.06450217
v 251.24470435 6.38552109 -36.33624545
v 246.08312769 5.16127351 -24.19329563
v 246.59456404 5.15964768 -24.33504352
v 246.93211472 5.16126116 -23.64736772
v 246.3642967 5.16227932 -23.23822917
v 245.66925469 5.16734953 -23.94957963
v 247.06521651 5.16601485 -23.18799823
v 246.25272812 5.9235629 -23.04908648
v 246.98676666 6.02691113 -22.98042969
v 246.80630087 6.28654556 -23.33994371
v 246.54305471 6.55030645 -24.02369186
v 246.00121699 6.29112435 -23.94685849
v 245.62041746 6.00650821 -23.83197053
v 251.95900389 5.16761633 -36.54218814
v 252.80139434 5.16887145 -35.5581501
v 252.25376387 5.16546067 -35.39041795
v 251.60923807 5.16376866 -35.22760615
v 251.24150276 5.16421721 -36.03657609
v 251.07840839 5.16733924 -36.67732967
v 247.54509515 7.04812852 -24.70828362
v 246.68244307 6.84343649 -25.02367079
v 247.47644759 6.56362925 -23.63108197
v 248.28375501 6.87567457 -24.29071838
v 252.17305206 6.41648725 -35.55446019
v 252.0974979 6.02443346 -36.72119169
v 251.09312965 6.12843874 -36.85835787
v 252.72927496 6.07939884 -35.63540931
v 247.85523071 5.15922416 -24.85048058
v 247.15905703 5.15922348 -24.50431671
v 246.8865655 5.15839736 -25.26238739
v 248.03930686 5.15917992 -26.22120213
v 248.85540699 5.16007188 -25.84435005
v 247.2031975 5.15831609 -26.4880583
v 246.3339653 5.15884351 -25.24720369
v 246.51538718 5.15784456 -26.64694974
v 247.09776324 5.15835689 -28.7446527
v 247.98209256 5.15912643 -28.5248152
v 249.03789058 5.1602286 -28.17007794
v 248.81072743 5.16000193 -30.74593872
v 250.00397285 5.16127454 -30.32308509
v 250.86938345 5.16227486 -29.96134418
v 249.91364255 5.16119052 -27.80045549
v 251.49918524 5.16366064 -29.69071887
v 250.56317512 5.16222548 -27.5173263
v 249.47905114 5.16121487 -25.51979278
v 248.36997564 5.16046317 -24.38439506
v 251.02788257 5.16412736 -27.32593375
v 249.97670312 5.16547302 -25.27870859
v 248.78706257 5.16343533 -23.99556729
v 247.83928587 5.16692704 -23.44386569
v 247.55634735 5.1611744 -23.90469363
v 250.47016175 5.21165563 -25.03040026
v 249.1549913 5.17694709 -23.60779738
v 248.05843545 5.18317399 -23.0357951
v 247.12734568 5.1787749 -22.78725417
v 249.42496435 5.29142748 -23.29197066
v 248.21781796 5.28918404 -22.68070286
v 247.146012 5.20266986 -22.41168559
v 245.99832542 5.20032457 -22.57220122
v 246.17795995 5.16607966 -22.90701707
v 248.16845399 5.60915514 -22.72793587
v 247.12414821 5.49707285 -22.40282918
v 245.99441054 5.45012139 -22.55378503
v 247.06530979 5.79786221 -22.69690991
v 246.14210739 5.71795388 -22.8290665
v 245.31102675 5.75207602 -23.71199405
v 244.99695848 5.49218097 -23.56904329
v 244.94255345 5.26501576 -23.56270356
v 244.68338541 5.49762119 -25.20955932
v 244.49426134 5.23741099 -25.19991187
v 244.85428074 5.19259769 -25.20794155
v 245.26780532 5.1902013 -23.72464715
v 245.27047194 5.17043589 -25.20589975
v 245.0019625 5.16053278 -27.00837481
v 245.48685477 5.15979445 -26.8836182
v 245.93654192 5.15819126 -26.77232156
v 245.78908237 5.16146006 -25.23402218
v 245.94426743 5.16010549 -29.00417671
v 246.4292324 5.15833906 -28.89051146
v 246.3997158 5.16140759 -31.43583542
v 246.95166717 5.15913774 -31.26209378
v 247.71122514 5.15899954 -31.05724503
v 247.93048857 5.15966243 -33.64432817
v 247.33781641 5.16157529 -33.84880724
v 248.8874791 5.16109175 -35.55352056
v 249.37955504 5.16088051 -35.1274626
v 250.10622061 5.16333348 -36.32265036
v 250.43398409 5.16263185 -35.74723165
v 248.43710609 5.16183968 -35.9217003
v 249.85345711 5.16355639 -36.79509978
v 251.01364964 5.1713858 -37.14161601
v 249.62719106 5.16164593 -37.21782585
v 250.96625683 5.1763936 -37.63207881
v 252.47646208 5.17983866 -37.30047452
v 252.2340715 5.17177263 -36.93854843
v 253.24770433 5.17577598 -35.74831668
v 253.59100662 5.18573808 -35.89760884
v 253.91195816 5.3675653 -33.86518828
v 253.6701437 5.19009533 -33.86940288
v 252.51311161 5.50472257 -37.3297401
v 253.45403522 5.44415922 -35.85973163
v 253.61041367 5.63098087 -33.89163361
v 253.11945156 5.79457969 -31.62310631
v 253.47551356 5.45383737 -31.50884162
v 253.08836297 5.77997365 -35.70564806
v 253.23277182 5.95052297 -33.91784232
v 252.73415279 6.1618932 -31.73712957
v 251.8803085 6.33929424 -29.55529888
v 252.2247548 5.92818319 -29.38952349
v 252.75836359 6.34128837 -33.9631172
v 252.23656254 6.61082591 -31.89832549
v 251.40829254 6.81693355 -29.76975582
v 250.60973942 6.85818244 -27.57053588
v 251.06666375 6.3989694 -27.36904646
v 251.51843317 7.07024539 -32.17450488
v 250.70275553 7.24239138 -30.05657287
v 249.95953608 7.25340455 -27.8099001
v 249.15601734 7.10601325 -25.70381167
v 249.75914061 6.74469654 -25.45032836
v 249.74659626 7.5072692 -30.4006495
v 249.05849651 7.50270721 -28.10374892
v 248.28833106 7.32096881 -26.02171165
v 247.90278538 7.39543451 -28.42697785
v 247.2355563 7.15473148 -26.40002461
v 246.85382674 6.89430112 -28.69621498
v 246.37105652 6.68809608 -26.70426864
v 245.98722274 6.47087479 -25.17986509
v 245.80174743 6.27198993 -26.86488261
v 245.50005754 6.13261219 -25.23266366
v 245.39894007 5.93672727 -26.95572283
v 245.08306389 5.81170626 -25.23010541
v 245.0353158 5.61549041 -27.02731067
v 245.82773872 6.05972808 -28.99918503
v 245.47929524 5.70698701 -29.08736927
v 245.17732414 5.37713988 -29.15330495
v 244.75417971 5.35259816 -27.07948392
v 245.42333194 5.16753951 -29.10722487
v 245.525245 5.41884522 -31.65943142
v 245.84254778 5.16940264 -31.57813663
v 246.36179469 5.33647226 -34.29780511
v 246.83626465 5.16686497 -34.06726959
v 248.05992102 5.19601944 -36.23130912
v 246.66705378 5.74008344 -34.12375414
v 248.18430281 5.60232742 -36.09439396
v 249.64061331 5.50997796 -37.15306298
v 248.4489975 6.01521553 -35.80316478
v 249.81598867 5.89368177 -36.78966367
v 251.03092778 5.8628977 -37.2538677
v 250.97832245 5.54483054 -37.63087856
v 252.29025428 5.823788 -36.99511803
v 250.00243652 6.23466723 -36.41668703
v 248.78704749 6.38508934 -35.4850472
v 247.50774331 6.5569994 -33.72500501
v 248.1856512 6.94849353 -33.40268244
v 247.01094591 6.13583984 -33.94374376
v 246.21267399 6.14453824 -31.46126911
v 246.64138896 6.55256258 -31.30438381
v 245.85150646 5.76396092 -31.56840499
v 246.21211844 6.42272959 -28.87567977
v 247.35523173 7.03137814 -31.09456053
v 248.49600212 7.43512204 -30.78131598
v 249.28764316 7.30488474 -32.96695524
v 250.54080791 7.35556727 -32.53340085
v 252.11266634 6.73656055 -34.08751202
v 248.73483034 6.51891334 -23.97647428
v 249.03478227 6.13201206 -23.72215337
v 250.16870779 6.32263474 -25.23510532
v 249.27561046 5.73051126 -23.47379955
v 250.44024461 5.86666341 -25.06789682
v 251.38384306 5.9623235 -27.21330243
v 250.6888326 5.45432947 -24.91720619
v 251.66321512 5.51794489 -27.07116583
v 252.55728638 5.52524414 -29.23692411
v 251.51804909 5.16602102 -27.12446937
v 252.46163382 5.21062753 -29.27048659
v 253.32877005 5.20707479 -31.54095968
v 251.98201581 5.16897604 -29.47832637
v 252.82722102 5.17098903 -31.70669324
v 253.13497665 5.16885396 -33.90810176
v 252.32511234 5.16492056 -31.88417075
v 252.60387811 5.16533002 -33.94115533
v 251.71287127 5.16323232 -32.09045431
v 251.96682816 5.16365412 -34.0361522
v 248.01468043 5.94868212 -23.0012407
v 247.81129325 6.24870812 -23.2745445
v 172.56992669 5.07353302 -29.54823866
v 176.11602843 5.07847669 -24.79121195
v 176.11968269 6.21900325 -23.87113561
v 170.52793977 5.86383938 -32.09448922
v 178.7408962 5.0899679 -25.07398519
v 179.17325034 5.44765333 -24.95382709
v 169.78790408 5.25065217 -32.9004311
v 170.10490233 5.08957353 -32.71616427
v 171.75094047 5.07280635 -29.59776723
v 171.82964408 5.07314311 -30.58711587
v 172.76741549 5.07385091 -30.3110133
v 174.24086971 5.07550075 -29.23179389
v 173.4756493 5.07453403 -28.49382538
v 172.51511837 5.07356697 -27.80611965
v 175.40217058 5.07719001 -25.10310433
v 176.1508042 5.07778294 -25.78695605
v 176.71202289 5.07907887 -25.1108511
v 176.19409558 5.08002192 -24.19286543
v 174.97169844 5.07779048 -24.37915339
v 177.05395347 5.08142176 -24.45923258
v 175.16512147 6.44982237 -24.21150474
v 174.75908234 6.02236183 -23.69008452
v 176.29949829 5.89481412 -23.41747335
v 176.78594197 6.36888731 -24.30405919
v 175.82854404 6.76039893 -24.95265598
v 177.27910157 5.99902961 -23.82264791
v 170.82052695 6.08723992 -31.60984455
v 171.32617466 6.07010306 -32.04323639
v 170.7227016 5.7546185 -32.4752771
v 170.22098798 5.55861732 -32.53998166
v 170.19969344 5.71166662 -32.07443335
v 170.33489533 5.91055868 -31.36716111
v 178.62008087 5.08755025 -25.55249091
v 179.04297017 5.09856342 -25.65911856
v 179.07560605 5.09421336 -24.97095691
v 178.8510231 5.10092894 -24.36356031
v 178.47396561 5.08971105 -24.73391655
v 178.18146622 5.08385073 -25.28070444
v 179.28724 5.09691633 -24.9144571
v 179.24450279 5.25871066 -25.64646465
v 178.97361068 5.58341042 -25.46307007
v 178.55309171 5.89780892 -25.07059516
v 178.8558296 5.61188794 -24.50061616
v 179.11667525 5.2634544 -24.18495336
v 169.91886462 5.11982674 -32.83766614
v 169.73250867 5.14562085 -32.47205425
v 169.81031793 5.38418571 -32.52607314
v 170.24502045 5.39308129 -32.93231597
v 170.20941069 5.14019537 -33.20213059
v 170.37837327 5.08205584 -32.88883941
v 170.42090197 5.07920129 -32.46607082
v 170.02358148 5.09484675 -32.4225634
v 169.90526816 5.10596692 -31.98838899
v 169.61573717 5.27096318 -32.00144156
v 170.35971243 5.08149995 -32.00119671
v 170.87535721 5.07525555 -32.02482727
v 170.72307471 5.07618558 -31.40496768
v 170.22468064 5.08455168 -31.37700661
v 169.77260121 5.12035828 -31.36797728
v 170.9715365 5.07543319 -32.54718866
v 171.75424905 5.07727095 -32.55161451
v 171.55839533 5.07422333 -32.02409203
v 171.00103939 5.08111861 -33.09456194
v 171.91760405 5.07650004 -32.9951598
v 172.94438889 5.34923128 -32.56914162
v 172.7909322 5.09221649 -32.32324836
v 170.96012931 5.26549997 -33.24917979
v 171.88653192 5.41338201 -32.93861832
v 172.76858419 5.70298914 -32.27514706
v 173.71649532 5.97989897 -31.41615197
v 173.97454267 5.48518281 -31.71353467
v 171.70258471 5.79013636 -32.51599788
v 172.46063378 6.12249441 -31.90543922
v 173.26084394 6.45949126 -31.08357788
v 174.57665499 6.71125992 -29.63963409
v 175.07208616 6.14387124 -30.05827929
v 171.87756638 6.38146561 -31.40839972
v 172.51841049 6.72022786 -30.54395275
v 173.69839964 7.08238577 -28.95523591
v 175.34307703 7.10258533 -27.0368153
v 176.14214043 6.69602769 -27.85651824
v 171.68438477 6.66931351 -29.91956581
v 172.63254281 7.03966468 -28.14098314
v 174.28897307 7.08690523 -26.09105193
v 176.64596102 6.77735849 -25.85884395
v 171.81650304 6.6787907 -27.51874671
v 173.45564418 6.70097445 -25.39203057
v 171.26711951 6.28584118 -27.09516984
v 172.8817179 6.22730488 -24.97931701
v 170.86824623 5.87703496 -26.80595777
v 172.50665214 5.79863586 -24.67919311
v 174.50398693 5.63507578 -23.29708791
v 176.33661694 5.59072612 -23.00740282
v 172.21523915 5.39415534 -24.40670655
v 174.31873932 5.28981365 -22.96208161
v 176.3920782 5.27369358 -22.66412408
v 177.73548818 5.37429083 -23.09187121
v 177.55171106 5.65369341 -23.39393705
v 174.41260864 5.09900957 -23.18834309
v 176.34747545 5.10108738 -22.95817849
v 177.5882536 5.10622446 -23.32960422
v 178.352223 5.11562929 -23.80968364
v 178.55525354 5.36649159 -23.59732942
v 176.26010807 5.08486271 -23.51062603
v 177.32218993 5.08542409 -23.86251111
v 177.99379342 5.08633045 -24.30516187
v 177.68298435 5.08194164 -24.894643
v 177.34858725 5.08014984 -25.5358417
v 177.87443212 5.08168204 -25.92692774
v 176.85876915 5.0786653 -26.28680414
v 177.39507199 5.07967968 -26.74283377
v 177.82110526 5.08090325 -27.11679461
v 178.35274974 5.08464838 -26.22546851
v 178.14564795 5.08052603 -27.41887339
v 178.79500768 5.0968498 -26.46099193
v 178.08954473 5.49671998 -27.41018733
v 178.85274598 5.38111718 -26.4652638
v 177.72531553 5.9887654 -27.14562193
v 178.50186632 5.79849217 -26.21067832
v 177.29844826 6.47914076 -26.66200982
v 178.09254605 6.18352551 -25.78091895
v 177.49579989 6.41263376 -25.06075738
v 177.97687741 6.05883303 -24.44610654
v 178.30796593 5.72194283 -23.96185598
v 176.60550086 6.12461302 -28.38937498
v 176.8971443 5.62527521 -28.67813747
v 175.35210292 5.62236237 -30.32966453
v 177.10843806 5.22932609 -28.84498075
v 175.52579518 5.24289374 -30.51143483
v 173.93197556 5.09901986 -31.68537402
v 175.18651477 5.08780367 -30.17121479
v 173.58089289 5.07870816 -31.29584624
v 172.45925109 5.07714612 -31.83051605
v 173.20069142 5.07496303 -30.87796509
v 172.1307798 5.07387355 -31.3150249
v 171.33904136 5.07362081 -31.41448465
v 171.12773663 5.07371374 -30.59203965
v 170.54159658 5.07702884 -30.52174808
v 170.54393948 5.07599971 -29.19025282
v 170.0308845 5.09752572 -28.99180656
v 170.04129308 5.09022784 -30.48129204
v 171.09504588 5.07324702 -29.41517939
v 171.83195954 5.07391195 -27.38513636
v 171.30454543 5.07849932 -27.03885333
v 172.85994052 5.07898079 -25.00089326
v 172.39179006 5.10050611 -24.59079488
v 170.79731202 5.11800339 -26.74817009
v 173.36484751 5.07576583 -25.39015303
v 174.67570391 5.08205206 -23.76511755
v 174.06607459 5.07535877 -26.00910317
v 175.04642957 5.07635567 -26.88376292
v 175.82632735 5.07731861 -27.59796267
v 174.7519988 5.07708816 -29.74198404
v 176.35586487 5.0787963 -28.1029132
v 176.77479265 5.08774983 -28.52544276
v 170.54586537 5.462675 -26.61841323
v 169.67005715 5.2137571 -28.90960575
v 169.91966022 5.62119504 -28.99018245
v 169.64076277 5.46943344 -30.50451109
v 169.60015447 5.14266411 -30.50538213
v 169.61521592 5.37540192 -31.35805017
v 170.08136367 5.80798857 -30.4683979
v 169.94505344 5.66986869 -31.32784016
v 169.85951867 5.51292784 -32.01859968
v 170.59543372 6.11596915 -30.53984514
v 170.96473279 6.35508338 -29.44482013
v 171.22257164 6.3538533 -30.89340924
v 170.40418898 5.99220978 -29.15447914
v 170.88681928 5.55698841 -32.85231539
v 186.82608818 5.09228164 -45.83661152
v 187.08164449 6.33612763 -46.2898185
v 185.53337958 6.6460732 -45.25130822
v 186.12594201 5.09223569 -46.0819266
v 185.97695985 5.0957322 -46.69816211
v 187.26947915 5.09505937 -46.21642617
v 187.79726911 5.09399663 -45.15208784
v 186.88246848 5.09098811 -45.08490527
v 185.77296363 5.08978032 -45.36575055
v 186.16740352 6.3100777 -46.42360204
v 186.38874922 6.70291645 -45.45449651
v 187.47027379 6.5957504 -45.41681133
v 188.19523432 6.22123606 -45.45049658
v 187.41171246 6.04740012 -46.69414024
v 186.03446496 5.96379227 -47.01088061
v 188.36520922 5.27619251 -27.41802395
v 188.23362867 5.37515913 -27.23236655
v 188.18248558 5.16549908 -27.02422877
v 188.1700496 5.13696566 -27.28359743
v 186.21081012 5.28145407 -25.86027208
v 185.94318819 5.31888067 -25.91574842
v 185.72091247 5.14287673 -25.87129502
v 185.9709243 5.11993682 -25.97704718
v 185.0378524 6.34940345 -45.82444302
v 185.32523529 6.81517021 -43.94807033
v 186.4790219 6.97713772 -43.74473664
v 184.38916756 6.43379112 -44.10464219
v 184.96130512 5.09204502 -45.81948427
v 185.53982665 5.08901901 -43.92469353
v 184.517349 5.08936469 -44.08432295
v 183.79464358 5.09204228 -44.17896729
v 184.42638772 5.09759019 -46.18628955
v 185.91630254 5.09989536 -47.15244726
v 187.55040948 5.09959666 -46.66845073
v 183.91447401 5.11779866 -46.54740496
v 185.87248168 5.11681583 -47.77501462
v 187.84385536 5.11558814 -47.13972596
v 188.96771111 5.12964789 -45.55820241
v 188.4361599 5.10210896 -45.35533099
v 185.88139784 5.29702271 -47.92763182
v 187.89613148 5.3871589 -47.27247522
v 189.05591798 5.44379572 -45.61846604
v 187.64186184 5.71027741 -46.98238182
v 188.66543138 5.83145418 -45.52757883
v 188.94907222 5.91253876 -43.31260884
v 189.34016512 5.43545499 -43.26602122
v 189.21751719 5.1134342 -43.29269014
v 188.57296944 5.39746564 -40.63463918
v 188.44547934 5.10055138 -40.71021391
v 187.88650477 5.0956835 -40.96655896
v 188.60566842 5.10019576 -43.38409723
v 187.30172547 5.09225421 -41.23293812
v 187.90210119 5.09337764 -43.51621001
v 186.43698152 5.08986296 -41.59185603
v 186.8265573 5.0903314 -43.69708458
v 185.35063674 5.08849639 -41.83586798
v 185.55622141 5.0887457 -39.32855223
v 184.88730923 5.08787843 -39.50668885
v 184.24021009 5.08734758 -39.59270783
v 184.44346285 5.08801766 -41.88609339
v 183.73958287 5.08715176 -39.63589359
v 183.81714247 5.08876559 -41.88556802
v 183.21547459 5.08687502 -39.67584347
v 183.22580362 5.091806 -41.87516492
v 183.1659611 5.10007128 -44.25970791
v 182.88561787 5.24445544 -41.87375754
v 182.87404058 5.28666351 -44.30409255
v 183.70989343 5.34482875 -46.72114111
v 183.24051665 5.62713766 -44.2476615
v 184.09970789 5.634083 -46.50901335
v 185.97640842 5.65277676 -47.48929425
v 184.50538763 6.0036643 -46.2271722
v 183.73097946 6.01491169 -44.19672691
v 183.20614143 5.60672823 -41.90310131
v 183.65617426 5.97502423 -41.92577304
v 184.22742021 6.36859514 -41.89517827
v 183.53205858 5.8415411 -39.66758985
v 183.9487779 6.1185953 -39.61199417
v 184.5226109 6.34729958 -39.47592399
v 185.04678776 6.70833645 -41.745251
v 185.21990939 6.40502107 -39.28451875
v 186.02806728 6.82617926 -41.4857606
v 185.88895325 6.23253867 -39.08322206
v 186.97507308 6.62961637 -41.189537
v 187.59053768 6.79067443 -43.56259872
v 187.6591729 6.23779852 -40.96260705
v 188.39832795 6.3794996 -43.43938838
v 188.14778389 5.82733252 -40.80591036
v 186.38168213 5.94567978 -38.9041417
v 186.7738971 5.64462568 -38.73263321
v 187.08073367 5.31326384 -38.5731149
v 186.02440754 5.55729876 -36.95871541
v 186.33205617 5.30022121 -36.89356024
v 186.21732303 5.09832611 -36.91679986
v 186.98428553 5.10163572 -38.63376398
v 185.79109772 5.09129675 -36.99707684
v 186.56237564 5.09312731 -38.86586257
v 185.35874358 5.08897238 -37.0802893
v 186.11486677 5.09012085 -39.09187622
v 184.91192057 5.08796759 -37.15591615
v 185.26357388 5.08919151 -35.03212691
v 184.76783545 5.08789146 -34.99763235
v 184.12527943 5.08712159 -34.97559572
v 184.35990061 5.08723887 -37.23613003
v 183.57839243 5.08745251 -34.97449012
v 183.85945719 5.08687708 -37.30101361
v 183.11973425 5.09032215 -34.97334474
v 183.40860133 5.08688016 -37.35297287
v 182.61716742 5.10749775 -34.97366572
v 182.92489835 5.08675397 -37.40791012
v 182.3503301 5.25815889 -34.97915258
v 182.62984757 5.18957202 -37.43861326
v 182.88729411 5.2061379 -39.70282102
v 182.87002968 5.45998952 -37.40853151
v 183.14763497 5.52679109 -39.69221765
v 183.21752394 5.74059612 -37.36683818
v 182.65118874 5.50576611 -34.96314465
v 183.00436464 5.80366457 -34.9565316
v 183.39275526 6.07194047 -34.97715948
v 183.55693878 5.96171686 -37.32174025
v 183.89303682 6.2694375 -35.04360955
v 184.04417531 6.15876054 -37.25902673
v 184.58516393 6.31512939 -35.10463037
v 184.66777145 6.19116118 -37.16995019
v 185.20443094 6.14856011 -35.12722803
v 185.23627946 6.0402329 -37.09288851
v 185.66281477 5.90214389 -35.13280406
v 185.65873803 5.80557537 -37.03005291
v 186.02664069 5.62185106 -35.13601388
v 186.20797067 6.22367018 -33.17588622
v 186.54100703 5.81797123 -33.21532651
v 186.79451675 5.38205509 -33.26324263
v 186.31475059 5.32732256 -35.14175314
v 186.59321457 5.11316397 -33.20373619
v 186.16021298 5.10096084 -35.11459041
v 186.12275414 5.0959719 -33.07809173
v 185.71959562 5.09225215 -35.07137996
v 185.65090827 5.09082179 -32.96161995
v 186.66875227 5.09795815 -31.24603509
v 186.17830592 5.09266607 -31.06576134
v 185.54265239 5.08946688 -30.82417596
v 185.02281838 5.08839625 -32.81099105
v 184.76034587 5.08794222 -30.57328828
v 184.26888446 5.08734072 -32.67406423
v 184.06490744 5.08808145 -30.38298522
v 183.61125053 5.08770114 -32.5910301
v 183.54120245 5.09074669 -30.25282987
v 183.11482076 5.09049772 -32.53554004
v 182.98423607 5.10519327 -30.11358074
v 182.57565927 5.11926331 -32.47542593
v 182.79092552 5.35733572 -30.05851248
v 182.35645893 5.34327323 -32.45452028
v 183.1560628 5.68720754 -30.14578247
v 182.70786807 5.63300655 -32.47701163
v 183.56830757 6.06542345 -30.23548657
v 183.09662082 5.96627473 -32.50029584
v 184.11859094 6.523666 -30.36689772
v 183.59699565 6.35415302 -32.58329362
v 184.87663453 6.96212531 -30.56745094
v 184.22238326 6.6849041 -32.78053894
v 185.70547791 7.08694639 -30.81226123
v 184.99601778 6.78808909 -33.00090455
v 186.38148461 6.86462128 -31.05100166
v 185.6929706 6.57927162 -33.12201548
v 186.83519089 6.40204856 -31.24298302
v 186.80222854 6.74028476 -29.72677994
v 187.25787991 6.33486428 -29.93728907
v 187.57944598 5.8634505 -30.06646364
v 187.1350756 5.90731629 -31.38465941
v 187.8215293 5.39842961 -30.14453901
v 187.35720867 5.40374673 -31.48016725
v 187.60465539 5.11814982 -30.05918942
v 187.15665819 5.11519891 -31.41438726
v 187.10366055 5.10263399 -29.88706984
v 187.88762409 5.11338859 -29.08250996
v 187.39836291 5.1019471 -28.95133749
v 186.89029001 5.09576477 -28.82214715
v 186.60556277 5.09466294 -29.71334671
v 186.32469828 5.09163625 -28.63904629
v 185.98605159 5.09084511 -29.50032116
v 185.71952154 5.09060609 -28.37947702
v 185.29712332 5.08928753 -29.23403116
v 185.18342721 5.09157246 -28.09740267
v 184.66929132 5.08989623 -28.95893474
v 184.69364478 5.09723903 -27.76828393
v 184.15685361 5.09311976 -28.71690561
v 184.23041603 5.12870895 -27.45698482
v 183.64836096 5.11187113 -28.47897106
v 184.02224156 5.3591848 -27.33444148
v 183.44549777 5.36065288 -28.38202189
v 184.31423341 5.65072501 -27.53077872
v 183.77256442 5.68137054 -28.56026722
v 184.65931345 6.01059559 -27.7341251
v 184.14164401 6.0571225 -28.76037155
v 185.11181811 6.37109543 -27.93789705
v 184.61898498 6.47976317 -28.96037505
v 185.75949886 6.64926861 -28.17307994
v 185.3518411 6.87036843 -29.18539832
v 186.52420076 6.73023213 -28.43639331
v 186.17167504 6.95350853 -29.45945498
v 187.14169551 6.53739277 -28.72092509
v 186.84325933 6.4155418 -27.66369911
v 187.37549914 6.25106062 -27.94948531
v 187.78105268 5.99098415 -28.16891095
v 187.588524 6.18485574 -28.95155217
v 188.10451994 5.64466546 -28.2979919
v 187.92179356 5.76618961 -29.08779313
v 188.37372484 5.28806094 -28.37320244
v 188.18438404 5.33441468 -29.17169281
v 188.03901773 5.11397466 -28.32930065
v 188.3832473 5.24652776 -27.7662291
v 188.10620167 5.12387434 -27.73473311
v 187.73396164 5.110437 -27.62972648
v 187.57925394 5.1026021 -28.23145643
v 187.34264378 5.10303316 -27.50050151
v 187.11724328 5.09695817 -28.10829102
v 186.92766655 5.09818208 -27.3386139
v 186.63847025 5.09363004 -27.92653306
v 186.48872542 5.09472947 -27.12133397
v 186.12802427 5.09183995 -27.68690958
v 186.09104005 5.09492288 -26.88432395
v 185.66042799 5.09292841 -27.42926277
v 185.74534548 5.0971869 -26.61930107
v 185.24095152 5.09887926 -27.11485604
v 185.42837467 5.11645541 -26.25791613
v 184.8367066 5.12732866 -26.73354519
v 185.25457541 5.27176803 -26.01797509
v 184.62994225 5.32430444 -26.52016539
v 185.43707684 5.44390065 -26.25436407
v 184.872994 5.57990671 -26.75630814
v 185.70908278 5.68886971 -26.48038252
v 185.18711713 5.89718959 -26.99010731
v 186.08550929 5.92297855 -26.6407753
v 185.60713679 6.20435126 -27.18393089
v 186.56223298 6.06306066 -26.84810205
v 186.18236895 6.4038095 -27.39927087
v 187.08027003 6.07063391 -27.09484269
v 186.86156626 5.69962534 -26.45332095
v 187.28955834 5.73267412 -26.67630688
v 187.68115603 5.65577499 -26.90172178
v 187.54273884 5.94729635 -27.33698396
v 187.99561387 5.52550682 -27.06842617
v 187.89663902 5.75171697 -27.53208631
v 188.19274053 5.53211473 -27.67435014
v 187.75658948 5.29790404 -26.63914056
v 188.01343247 5.21755573 -26.83407179
v 187.88755276 5.13838161 -27.16122486
v 187.5674462 5.12642744 -26.99455956
v 187.43725657 5.32262237 -26.43269547
v 187.21832783 5.10967055 -26.81599771
v 187.05767237 5.25488597 -26.20321927
v 186.81418716 5.10517132 -26.61840946
v 186.742814 5.19729376 -26.04321228
v 186.46373274 5.10830947 -26.42007979
v 186.43791429 5.28450065 -25.9355771
v 186.18559523 5.10768499 -26.19466078
v 186.15989748 5.46897838 -26.13058858
v 186.47861312 5.59831686 -26.28589229
v 270.71386953 5.28346775 -33.61393299
v 270.41723579 5.26631134 -33.5602145
v 272.84410996 5.7581006 -37.92918443
v 272.13753318 5.19329178 -37.48891274
v 270.62083148 5.73342822 -36.19275428
v 271.32609689 5.19508804 -34.97483579
v 270.49147036 5.19816103 -34.31408327
v 270.92231561 5.19443442 -34.42362514
v 271.20314443 5.23473374 -33.84974344
v 271.05245586 5.43942988 -33.97537486
v 270.22066878 5.37735319 -34.32036368
v 270.65780473 5.58823646 -34.54038841
v 272.96481555 5.52660351 -38.34958406
v 272.03124983 5.63601507 -38.29943546
v 272.25983545 5.92968968 -37.63395944
v 273.17057306 5.83002314 -37.45775145
v 273.56740522 5.56242281 -37.92674689
v 272.59110229 6.00097059 -36.94190228
v 273.83269524 5.24627434 -37.5589087
v 273.83723836 5.53304475 -37.42655449
v 273.90381601 5.4620951 -37.01451411
v 273.80903038 5.22937924 -37.16483368
v 271.80276846 5.1915226 -37.10463864
v 271.36288359 5.20210677 -37.55305147
v 272.03909879 5.20566089 -37.96335663
v 272.79346343 5.1969234 -37.87736646
v 272.61652021 5.1917798 -37.30827273
v 272.32878342 5.19019032 -36.73712006
v 270.97770279 5.85670611 -36.61977518
v 270.56124959 5.52448318 -37.09579381
v 270.2080435 5.49788422 -36.21478953
v 270.34624945 5.59031872 -35.29597388
v 270.83079193 5.80532229 -35.51507271
v 271.34661777 5.97743536 -35.88398495
v 271.48581684 5.2193664 -34.56586531
v 270.89370709 5.18962998 -35.02997195
v 271.58687122 5.19273143 -35.49521437
v 272.02746389 5.21548993 -35.07876803
v 271.05180018 5.1887267 -35.80920993
v 270.37371122 5.1985914 -35.0922232
v 270.49361024 5.19889044 -36.03522907
v 270.8696993 5.19584557 -36.85011111
v 271.41766996 5.18867355 -36.52560408
v 271.9606942 5.18922189 -36.15360685
v 272.45009256 5.20087977 -35.75909975
v 272.80963597 5.19924949 -36.38694684
v 273.26368519 5.25449263 -36.01360807
v 272.8430263 5.27011957 -35.38643174
v 273.11622564 5.19513091 -36.98220606
v 273.59321544 5.2425779 -36.60874384
v 273.74679833 5.50273564 -36.56941535
v 273.29379163 5.54799166 -36.01985624
v 273.39158954 5.19837982 -37.54324644
v 272.94742492 5.21926866 -38.37569194
v 273.61509707 5.23470013 -37.96410422
v 271.96881477 5.25286715 -38.41515898
v 271.07485325 5.23424952 -37.93993594
v 271.19172352 5.59617013 -37.77893618
v 270.39348589 5.2244366 -37.16616425
v 271.56991405 5.97125098 -37.12521028
v 271.96062013 6.06405687 -36.37955192
v 271.73257222 5.84487266 -35.29836341
v 272.35079673 5.88059971 -35.83953447
v 272.94895301 5.84540454 -36.4129107
v 272.75012816 5.59928049 -35.465182
v 273.46525622 5.71995144 -36.94606818
v 272.1593133 5.59631724 -34.89947642
v 272.31732684 5.31106738 -34.78792704
v 271.60505744 5.53824424 -34.38768685
v 271.73956798 5.29671167 -34.23914707
v 271.17674163 5.7544172 -34.85695457
v 270.03368184 5.21348653 -36.17109761
v 270.01034894 5.32606367 -35.12410052
v 212.18758605 13.66252295 -57.33384189
v 201.41394175 5.12724259 -41.91818333
v 212.51587902 13.76920376 -56.19215382
v 213.82468608 5.45816822 -56.99894822
v 214.23355643 5.24858088 -56.7174939
v 214.00191874 5.18335163 -57.43242717
v 203.61332219 8.74652988 -46.89403229
v 211.62426314 5.11923828 -55.36014178
v 201.82294653 5.11086943 -43.02463474
v 199.36476155 10.38664573 -48.04059818
v 211.61334016 13.87120976 -57.28743946
v 211.79219008 14.1431166 -56.83591695
v 212.39247527 13.77165571 -57.02593538
v 212.29856617 13.23797199 -57.44946389
v 211.56961257 13.29823768 -57.49456594
v 212.72205079 13.25772848 -57.13029559
v 201.74554055 5.1253383 -41.94788923
v 201.83696273 5.3589012 -41.72873553
v 201.36474376 5.33566431 -41.75869383
v 200.8182573 5.2870908 -41.96127993
v 201.114699 5.12590688 -42.13978691
v 201.47837952 5.11503499 -42.33842933
v 212.82851658 13.420941 -56.06899012
v 212.86663933 13.32232794 -56.64602745
v 212.48544748 13.81470875 -56.5661908
v 211.9444136 14.15631594 -56.35379418
v 212.14099158 13.93093637 -55.92245511
v 212.46025453 13.5055454 -55.57756437
v 213.66125152 6.03103794 -57.00996585
v 213.79760016 5.99675325 -56.3335449
v 213.97349951 5.43314742 -56.24184563
v 213.33343728 5.16354919 -57.54052119
v 213.28528591 5.55056192 -57.58098958
v 213.97115388 5.13672252 -56.87414943
v 214.22645368 5.12633965 -56.13531811
v 213.19334797 6.0809818 -57.50707874
v 213.82367513 5.12806973 -56.31215983
v 213.32543606 5.12735267 -57.081136
v 204.02015005 8.79684977 -47.68095875
v 203.86964666 10.10172051 -47.48929151
v 203.37555978 9.522601 -46.40685886
v 203.12379763 8.55921184 -45.5975309
v 203.54247576 7.99504756 -46.62193033
v 204.08826402 7.77987407 -47.68391342
v 212.03169182 5.12077288 -55.14026107
v 211.2984667 5.119955 -54.58227414
v 211.01693693 5.11835489 -55.0694558
v 211.69960057 5.11921359 -55.83663502
v 212.36752237 5.12046391 -55.71730938
v 210.79255013 5.11799584 -55.67549946
v 201.55750562 5.11098706 -42.88682659
v 201.30009475 5.10846481 -43.64902511
v 201.73549684 5.10897338 -43.62861122
v 202.18889586 5.11164891 -43.51580809
v 202.10128706 5.11417527 -42.77856385
v 201.83859233 5.11382274 -42.47436234
v 199.53084902 11.03567156 -47.17116571
v 199.4159019 12.07619753 -49.29530748
v 199.31583516 10.78049169 -49.73108268
v 199.27582493 9.0948698 -49.99981845
v 199.38948812 8.99114607 -47.7307795
v 199.75175302 9.30963572 -46.08013514
v 200.02203883 9.69467078 -45.13175762
v 199.71783595 11.70428072 -46.47348863
v 199.34175512 7.76830484 -47.72596203
v 199.78650684 7.89109475 -45.89526064
v 200.13904353 8.11136313 -44.79173099
v 200.4058534 8.31681321 -44.10536097
v 200.23465493 9.96181921 -44.5168513
v 199.75407397 7.02702054 -45.85678948
v 200.14577042 7.17205969 -44.65591732
v 200.4531694 7.30268451 -43.92569489
v 200.73363335 7.44635195 -43.42240104
v 200.64064467 8.48675948 -43.63151789
v 200.06608466 6.44619692 -44.57182697
v 200.41424557 6.56100104 -43.73095501
v 200.75052467 6.66662083 -43.17107922
v 201.06573694 6.76051141 -42.81843005
v 201.02836589 7.55722369 -43.0475479
v 200.27248962 5.98923556 -43.54762232
v 200.65547293 6.03326801 -42.8962736
v 201.02985283 6.09651032 -42.52422287
v 200.91776712 5.6152291 -42.23322003
v 201.36145712 5.62830053 -42.0110705
v 201.42204037 6.13854212 -42.30241491
v 201.42802105 6.81854669 -42.5793069
v 200.47609628 5.60828993 -42.68471373
v 200.05170358 5.56167282 -43.4009227
v 200.00276072 5.18845888 -43.3264234
v 200.30913914 5.20122407 -42.48189718
v 200.39084134 5.12504578 -43.43368341
v 200.70502208 5.12763867 -42.68261638
v 200.87189417 5.11115063 -43.5731486
v 201.16194641 5.11353262 -42.84213194
v 200.17207721 5.12059422 -44.38583452
v 200.64969251 5.10994695 -44.48373669
v 201.1301171 5.10801043 -44.53604299
v 200.44827512 5.10835748 -45.66252284
v 200.96658377 5.1072337 -45.70046315
v 201.53277357 5.10731394 -45.66724429
v 201.63007493 5.10786469 -44.50229602
v 202.11073819 5.10881872 -45.5357186
v 202.12780509 5.10962323 -44.40333351
v 202.62419645 5.11372843 -45.38492715
v 202.62283022 5.11714058 -44.28166498
v 202.62090433 5.1243853 -43.39015747
v 202.50300253 5.1247104 -42.6166464
v 203.08207824 5.15275858 -44.17877662
v 203.0165239 5.17995183 -43.29318121
v 202.85192338 5.27758206 -42.50030836
v 203.04497056 5.53197104 -43.29849113
v 202.7367897 5.6081531 -42.60544908
v 202.31458627 5.6337387 -42.15070029
v 202.42095193 5.31557827 -41.94574661
v 202.18573268 5.12593054 -42.14294323
v 201.84105319 5.63730105 -41.97661572
v 202.26624971 6.14549398 -42.40391509
v 201.84812302 6.16552756 -42.26041705
v 202.24833509 6.77906731 -42.68082217
v 201.84663608 6.81664172 -42.52286076
v 202.24386055 7.57854 -42.91726636
v 201.84655103 7.62972492 -42.72398049
v 201.41270172 7.61418903 -42.77686292
v 201.81772852 8.67367852 -42.91898512
v 201.34324347 8.66577177 -42.94528779
v 200.94568155 8.62066664 -43.22138419
v 201.21539124 10.49230394 -43.47191865
v 200.75506779 10.39195143 -43.6622512
v 200.43702704 10.21177866 -44.06194614
v 200.53570011 12.73341857 -45.1520316
v 200.13414375 12.49840354 -45.51311957
v 199.8959232 12.16117727 -45.96496306
v 200.24823766 14.12853388 -48.17028577
v 199.84476365 13.65109964 -48.52207899
v 199.59589582 12.95207759 -48.88862913
v 201.07845276 13.99191946 -51.20207879
v 200.74653297 13.27412907 -51.47819165
v 200.49524818 12.31280529 -51.75340467
v 202.86615357 12.92653348 -53.27145614
v 202.63160921 12.07885592 -53.46188883
v 202.46807314 10.79570309 -53.62074735
v 200.37145075 10.92090662 -51.99626437
v 202.4006368 9.22470948 -53.71207899
v 200.31585781 9.22738089 -52.18803311
v 202.40628553 7.93075931 -53.82095215
v 200.27024 7.91926621 -52.31012962
v 199.20374396 7.85614117 -50.10192082
v 200.22667153 6.93242867 -52.45192123
v 199.07913172 6.89697013 -50.12317419
v 199.26611866 6.90234281 -47.69964701
v 198.93509598 6.22082181 -50.15020799
v 199.16341823 6.26442697 -47.63696505
v 199.66424298 6.35030981 -45.8105201
v 199.01795316 5.79077524 -47.57980835
v 199.51316759 5.886876 -45.72613346
v 199.91611761 5.95809861 -44.47179178
v 199.30153364 5.44039043 -45.60078461
v 199.70374568 5.51744593 -44.34426053
v 199.45768988 5.13607404 -45.56464262
v 199.73665317 5.18023372 -44.29872365
v 199.94701141 5.11344037 -45.60508357
v 199.16416719 5.11849584 -47.44874356
v 199.70059622 5.10812703 -47.42162472
v 200.21947551 5.10657493 -47.39350179
v 199.77033704 5.1065547 -49.87167816
v 200.27202598 5.10625532 -49.71607336
v 201.02556485 5.10665518 -49.48150157
v 200.81924219 5.10661128 -47.38600673
v 201.92458525 5.10755468 -49.12706917
v 201.55979913 5.10724159 -47.28752295
v 202.75960135 5.10897955 -48.68059183
v 202.28798594 5.10866063 -47.03379376
v 203.38496153 5.11184095 -48.28106836
v 202.83316652 5.1118485 -46.77753513
v 203.83413017 5.1166814 -47.97634148
v 203.31892708 5.11960795 -46.54611554
v 203.15111674 5.1313111 -45.24169523
v 203.73849682 5.16211951 -46.35854425
v 203.50374671 5.33995196 -45.14218678
v 203.2590105 5.45142692 -44.15264954
v 203.39903534 5.76821324 -45.1578902
v 203.11526556 5.89650853 -44.19369679
v 202.87804909 5.99227425 -43.37026621
v 202.99331994 6.40428035 -44.22749589
v 202.77052296 6.54062693 -43.49649295
v 202.55959682 6.68523537 -43.01540857
v 202.61174675 6.07572881 -42.77152282
v 202.70373407 7.25597104 -43.72528296
v 202.52409954 7.45550815 -43.27467127
v 202.67160298 8.21844431 -43.9513117
v 202.48981759 8.44949148 -43.48941626
v 202.2311612 8.59742753 -43.13431309
v 202.49019619 9.99198862 -43.98052926
v 202.15937926 10.26580707 -43.65712098
v 201.71860004 10.44902164 -43.45268306
v 202.07034662 12.28646542 -45.13448597
v 201.58926635 12.62576504 -44.99099617
v 201.07420044 12.81476446 -44.94514791
v 201.99919841 14.10041334 -47.46891877
v 201.38467206 14.33414221 -47.62614495
v 200.78536353 14.34835697 -47.86526535
v 202.61936252 14.72065461 -50.12107821
v 202.05320016 14.73482479 -50.51832189
v 201.49653007 14.49981507 -50.87876241
v 203.99077474 14.39566096 -52.36257309
v 203.53114264 14.11116657 -52.80005471
v 203.15830454 13.59393608 -53.05827764
v 205.65789204 13.74781801 -54.15430675
v 205.39667465 13.23111684 -54.43281463
v 205.21665466 12.58282053 -54.62231455
v 207.33339739 13.22398837 -55.61517684
v 207.24554991 12.61006848 -55.81174111
v 207.23115512 11.84000926 -55.93015592
v 205.08321131 11.80577781 -54.78882999
v 207.27221197 10.72090818 -56.03447224
v 204.98578513 10.6223651 -54.91098136
v 207.30102076 9.36605048 -56.11342551
v 204.95533028 9.23871436 -54.99205805
v 207.28417334 8.12983038 -56.17091142
v 204.96522036 8.05344531 -55.07516763
v 207.23510154 7.14951827 -56.22350578
v 204.96921891 7.10739903 -55.15768736
v 202.43099838 6.99778514 -53.959405
v 204.94432774 6.4066613 -55.2494607
v 202.46101977 6.32950429 -54.11031031
v 200.17246403 6.23870111 -52.60627503
v 202.49293413 5.80899849 -54.27250758
v 200.11266267 5.72107145 -52.74008326
v 198.79635232 5.73062546 -50.16548068
v 200.07762354 5.29462289 -52.87231675
v 198.68380022 5.2242329 -50.15038631
v 198.84683698 5.33653398 -47.49845732
v 199.22601789 5.11019901 -50.02518149
v 200.48795065 5.1172534 -52.60138349
v 200.96405158 5.10930636 -52.22168681
v 202.76670685 5.13528942 -54.18957907
v 203.08985039 5.11171167 -53.77445918
v 203.43967108 5.10951966 -53.36468898
v 201.3849903 5.10751044 -51.90336897
v 203.8550269 5.10969216 -52.7774982
v 202.04439099 5.10774706 -51.37841572
v 204.39921437 5.11035984 -52.07468267
v 202.84175347 5.10862393 -50.74009008
v 205.00918662 5.1115306 -51.43046414
v 203.63122858 5.1100368 -50.12717686
v 205.54273231 5.11380354 -50.94180651
v 204.26295351 5.11249183 -49.65359989
v 205.94346563 5.11939328 -50.58705313
v 204.71198499 5.11668654 -49.3079794
v 206.34126486 5.13969263 -50.22443158
v 205.13635436 5.13461008 -48.9617965
v 204.25866964 5.13192494 -47.68056918
v 205.36874513 5.36582768 -48.76644484
v 204.45784017 5.43679413 -47.51689319
v 203.81506331 5.58398551 -46.29471004
v 204.35136752 5.92378272 -47.55346316
v 203.69138384 6.0753804 -46.31921714
v 203.26704876 6.24827569 -45.18366476
v 203.60797798 6.5649653 -46.36062652
v 203.16922615 6.77723127 -45.21382469
v 202.8928993 7.03023893 -44.29219154
v 203.11216273 7.5346106 -45.32247152
v 202.83857383 7.9153455 -44.44409956
v 202.86937161 9.20200336 -44.83350251
v 202.69113623 9.64632265 -44.35761419
v 203.1386451 10.58424943 -45.8456237
v 202.89758234 11.34245793 -45.54557027
v 202.53618162 11.88165055 -45.35261225
v 203.42723235 12.26435043 -47.21019928
v 203.03556333 13.05850858 -47.25544947
v 202.54232965 13.69876508 -47.35478371
v 204.11379578 13.35295152 -49.06527333
v 203.66433633 13.97941798 -49.3371613
v 203.16407947 14.44130175 -49.69917106
v 205.31553075 13.8594953 -50.96072249
v 204.89784575 14.20356027 -51.38012213
v 204.45429291 14.39292679 -51.85867295
v 206.79523451 13.98006612 -52.77648862
v 206.40615803 14.0909046 -53.23118254
v 206.0121859 14.03174623 -53.72078391
v 208.1332125 14.09683042 -54.36421507
v 207.79536964 14.01739361 -54.8477754
v 207.50760679 13.72651559 -55.30327589
v 209.03002033 14.18737538 -55.59404143
v 208.78353929 13.88357442 -56.07751945
v 208.67496105 13.34422946 -56.3996781
v 209.85764013 13.97720574 -56.63331987
v 209.78994042 13.40488266 -56.92906749
v 209.82941432 12.7462316 -57.0834542
v 208.67254134 12.71976261 -56.5550552
v 209.93708448 11.92023471 -57.20340535
v 208.73161021 11.95021735 -56.67437535
v 210.0797732 10.83176321 -57.30326632
v 208.83083471 10.83691267 -56.7774681
v 210.17904708 9.48362007 -57.36646954
v 208.91722406 9.46427878 -56.85650916
v 210.24058092 8.22640027 -57.43096767
v 208.95412461 8.15198172 -56.93189597
v 210.26459968 7.29653476 -57.5280468
v 208.94091361 7.20156635 -57.01580388
v 210.27381213 6.5943125 -57.65156989
v 208.92828421 6.47563945 -57.12841634
v 207.17819176 6.42539381 -56.30023687
v 208.89444533 5.93476125 -57.2518242
v 207.11445083 5.88489695 -56.39990306
v 204.92192623 5.87329463 -55.36631999
v 207.05277021 5.42111918 -56.49964882
v 204.90842991 5.41004222 -55.5040623
v 202.51540834 5.37133752 -54.44717102
v 205.06204298 5.11312796 -55.31260082
v 207.11969764 5.14097621 -56.36555802
v 207.33107233 5.11602949 -55.96410866
v 205.32057729 5.11174184 -54.90620505
v 207.57412545 5.11441772 -55.51173294
v 205.59028973 5.11170515 -54.45310506
v 207.84091201 5.11434331 -55.02425773
v 205.89638694 5.11200076 -53.92673346
v 208.18189061 5.11468246 -54.40081248
v 206.29875673 5.11250178 -53.29013892
v 208.54915954 5.115357 -53.7626679
v 206.75534087 5.1133056 -52.6695194
v 208.85692888 5.11669786 -53.26526696
v 207.15199334 5.11491257 -52.18729787
v 209.11566346 5.12052392 -52.85991094
v 207.47034822 5.11874137 -51.81916477
v 209.37839248 5.13748485 -52.45524628
v 207.80359857 5.13909113 -51.4236275
v 209.61428935 5.28278978 -52.08030397
v 208.05219068 5.34857457 -51.12892239
v 206.60393215 5.35387008 -49.97812064
v 208.02055341 5.77649155 -51.22283012
v 206.55100583 5.79409342 -50.06483508
v 205.29588776 5.82253562 -48.83223237
v 206.47771226 6.27754572 -50.1645534
v 205.20899774 6.31427447 -48.90538602
v 204.2491609 6.4081551 -47.59136095
v 205.12439711 6.87078715 -48.96837251
v 204.16987156 6.97255104 -47.62988699
v 203.54493388 7.18627617 -46.43174455
v 205.03343446 7.66195581 -49.02368562
v 206.41368327 6.81901822 -50.24826104
v 206.33672722 7.57613915 -50.33456672
v 206.23978251 8.743312 -50.40299343
v 204.94124961 8.83444046 -49.03358941
v 206.13220974 10.34918547 -50.44089122
v 204.8225577 10.38494516 -48.95405728
v 206.00127938 11.7158184 -50.4751375
v 204.64637166 11.69535667 -48.89880453
v 203.68088472 11.36643734 -47.26372367
v 204.43971019 12.57822408 -48.92479856
v 205.84677469 12.55552063 -50.54369316
v 205.62709289 13.27285235 -50.68784413
v 207.54550458 12.40143106 -51.99784733
v 207.38549382 13.07190836 -52.16018178
v 207.14358609 13.63743528 -52.40114028
v 209.00585754 12.99603751 -53.26678133
v 208.78714553 13.57472965 -53.52418123
v 208.48361343 13.96406092 -53.8965502
v 209.99618901 13.60443452 -54.18378494
v 209.68647046 14.03968813 -54.57384906
v 209.35409801 14.22228934 -55.07239127
v 210.70488646 14.10306967 -55.07263818
v 210.38398156 14.34700857 -55.60039522
v 210.08046729 14.29404316 -56.14750444
v 211.24825775 14.32941082 -56.02092516
v 210.98862332 14.29120748 -56.55953248
v 210.78639112 13.96700463 -57.03979795
v 210.73835909 13.37414626 -57.29074255
v 211.60285064 12.60011136 -57.59882739
v 210.78542955 12.68279416 -57.43548061
v 211.67663803 11.73234218 -57.64961383
v 210.88613002 11.82169993 -57.52108945
v 211.75885599 10.6841156 -57.66604151
v 210.97971128 10.74584309 -57.57299796
v 211.84901481 9.45485242 -57.67268061
v 211.06274129 9.46315988 -57.60669281
v 211.96833908 8.34923973 -57.68970088
v 211.15310862 8.2956135 -57.65808555
v 212.10803334 7.47208261 -57.74251197
v 211.26252772 7.40022626 -57.74141734
v 212.28887224 6.73313812 -57.7988813
v 211.35999094 6.68201321 -57.85906674
v 212.43351154 6.11985248 -57.83475718
v 211.44690017 6.11919166 -57.94105699
v 210.2782222 6.05657313 -57.77070349
v 211.51521029 5.63828766 -58.00590627
v 210.3170994 5.5615624 -57.86451246
v 208.84609643 5.45065739 -57.39887772
v 210.38692938 5.17043726 -57.71602412
v 208.88632065 5.14025812 -57.25456489
v 210.47628164 5.12717057 -57.23090004
v 209.04018338 5.12253211 -56.80649911
v 210.55599621 5.12063811 -56.75904594
v 209.21694142 5.11801265 -56.3413966
v 210.64869546 5.11858911 -56.25093188
v 209.42475376 5.11673832 -55.83237996
v 209.69327829 5.11654182 -55.20348075
v 210.00846999 5.11697426 -54.5713882
v 210.29311904 5.11844645 -54.05933731
v 211.53530868 5.12370904 -54.23118599
v 210.5250832 5.12242135 -53.64406104
v 211.79769889 5.13711723 -53.84467736
v 210.76553829 5.1372496 -53.23141024
v 212.03297849 5.22711591 -53.51413752
v 210.97969756 5.24630143 -52.88268144
v 212.01896229 5.62238809 -53.60791631
v 210.96964151 5.67773137 -52.96257845
v 209.58110204 5.74020107 -52.19876817
v 210.92714572 6.15415774 -53.10014518
v 209.54658141 6.20389688 -52.31860683
v 207.9740865 6.24879008 -51.33399679
v 209.52758314 6.7066873 -52.41624837
v 207.9372079 6.76178608 -51.43397573
v 209.51397708 7.48178888 -52.52378822
v 207.89550496 7.52587825 -51.53515356
v 209.49984977 8.59277501 -52.65241135
v 207.84372403 8.64825564 -51.6359912
v 209.43531461 10.09690328 -52.79837024
v 207.76818496 10.23152129 -51.75408504
v 209.30887388 11.42649282 -52.94517411
v 207.6645984 11.58180373 -51.87577826
v 209.16635251 12.33182723 -53.09186824
v 210.62354777 11.30811915 -53.66674375
v 210.44864154 12.29781672 -53.77977047
v 210.24465766 13.00387413 -53.93162225
v 211.51736937 12.19264874 -54.30884161
v 211.29094558 12.99962592 -54.41046662
v 211.01462559 13.62006043 -54.6650545
v 212.12567362 12.922091 -54.87366793
v 211.85759902 13.58663889 -55.10659091
v 211.53480938 14.05728965 -55.50432841
v 212.72578048 12.83623422 -55.36254503
v 212.32224337 12.06052412 -54.78889583
v 212.90889918 11.95225607 -55.26196527
v 213.25905183 11.86381069 -55.87895797
v 213.10443192 12.75466457 -55.93984848
v 213.28137789 11.7914017 -56.55533777
v 213.1282751 12.67082628 -56.61462611
v 212.98917479 11.73252308 -57.14781515
v 212.88311639 12.59936755 -57.16726884
v 212.41031993 11.69825674 -57.54703685
v 212.3392554 12.55702283 -57.51626924
v 213.04086519 10.68124278 -57.09702323
v 212.48969157 10.6660217 -57.53991215
v 213.10593943 9.49107715 -57.06926791
v 212.56536096 9.46909024 -57.50151506
v 213.19261273 8.43910313 -57.03986379
v 212.67758522 8.40663836 -57.49451381
v 213.31201244 7.5489615 -57.0146242
v 212.83615842 7.52808672 -57.50693608
v 213.47520832 6.76172607 -56.98686065
v 213.03244559 6.77006576 -57.50237101
v 213.62177214 6.71962739 -56.37602148
v 213.50167148 7.53553205 -56.39252871
v 213.40992969 7.50812241 -55.74407432
v 213.52755029 6.67735348 -55.72789629
v 213.4123494 8.44900606 -56.41013881
v 213.32762257 8.44330709 -55.75669137
v 213.02575299 8.44118505 -55.14767932
v 213.10402726 7.47311688 -55.12499387
v 213.35619269 9.52173613 -56.44457988
v 213.30684518 9.55848982 -55.77513822
v 213.00502498 9.61387572 -55.17279545
v 212.51907649 9.69441572 -54.64770228
v 212.55265612 8.45578543 -54.60768382
v 213.30606742 10.78530925 -55.82031982
v 212.98552191 10.86902936 -55.21805387
v 212.46027511 10.98214863 -54.71601378
v 211.7212298 11.13673377 -54.25393179
v 211.84535507 9.81189644 -54.17456701
v 210.7495715 9.96442723 -53.54018917
v 210.82443157 8.55512893 -53.42001855
v 211.89066699 8.497654 -54.08251933
v 210.87956361 7.42756697 -53.31917542
v 211.91891613 7.41433368 -53.9853524
v 212.61629829 7.43312585 -54.54687562
v 211.94809254 6.60495633 -53.86793345
v 212.68146855 6.61494037 -54.47378781
v 213.21022968 6.64237676 -55.08574631
v 212.74144549 6.04416321 -54.37994043
v 213.2976341 5.99934785 -55.02305337
v 213.65893606 5.98041507 -55.67735676
v 213.41762091 5.51488322 -54.88337968
v 213.82766956 5.44633819 -55.54823706
v 213.51040932 5.1769344 -54.76973569
v 213.98933461 5.1394903 -55.4407658
v 213.16416469 5.13230045 -55.06119532
v 213.57771123 5.12662051 -55.69247308
v 212.79073264 5.1223171 -55.41849461
v 213.09474897 5.12227457 -56.00110934
v 213.25362394 5.12326049 -56.5617382
v 212.5585106 5.12197039 -56.77182485
v 212.55271647 5.12885675 -57.26089948
v 212.50649099 5.12080306 -56.26250643
v 211.67571624 5.11977153 -56.37760444
v 211.6452751 5.12209008 -56.85227878
v 211.61496702 5.13004912 -57.33371844
v 211.57815425 5.18682928 -57.8333059
v 212.54696486 5.1772979 -57.7394695
v 212.52949331 5.62067927 -57.89738153
v 212.30789384 5.12382221 -54.83566314
v 212.59697217 5.13674687 -54.44703933
v 212.86863518 5.1949495 -54.11566
v 212.80999429 5.56755063 -54.23261806
v 211.96678218 6.10403967 -53.76266516
v 210.91129965 6.64339595 -53.20340527
v 213.3254292 10.72152519 -56.49114692
v 220.35644521 6.06808286 -48.70744456
v 221.66934205 8.02748814 -43.33993755
v 220.83706801 5.13279324 -44.53180987
v 219.98142746 7.88895384 -48.12655818
v 220.21923101 5.13276032 -46.54747629
v 220.38080279 5.13573934 -42.95066217
v 219.21947791 8.98480188 -44.89787032
v 220.4139222 9.41685338 -45.29001258
v 220.91960557 5.20933332 -48.75784966
v 220.32182308 5.19593473 -48.88717511
v 219.77902037 5.52520916 -48.84910997
v 221.71113894 6.17183986 -47.89670235
v 222.00277381 5.54548725 -47.95499757
v 218.65403089 5.52998376 -48.12690111
v 218.78020071 6.17235048 -47.95242423
v 220.11684265 6.9774395 -48.4478938
v 221.54911485 7.03163259 -47.86140808
v 218.89721021 6.98103168 -47.75288608
v 219.85930146 5.16473401 -48.61203617
v 219.44385647 5.14629848 -48.68830911
v 220.92024548 8.36936625 -42.92130743
v 220.70574945 7.20891841 -42.46072199
v 221.75166151 7.12571556 -43.05804564
v 221.9457344 8.10971793 -44.27694628
v 221.23491181 9.0152954 -44.16765475
v 222.23992237 7.06560865 -44.29319426
v 221.57300055 5.13853593 -44.27766917
v 221.00628024 5.1422478 -43.30501227
v 220.23894807 5.13179429 -43.99318472
v 220.55935298 5.13158578 -45.53989959
v 221.52226795 5.14145049 -45.81210443
v 219.60917509 5.12862768 -45.20659574
v 219.1935552 8.10512319 -47.56592658
v 221.17978046 8.14847579 -47.5816684
v 220.36604174 9.05048088 -46.93132652
v 220.8266073 5.14498231 -47.13948454
v 219.4305083 5.12975146 -46.66515861
v 219.968248 5.13861446 -47.66002909
v 221.57277628 5.21774983 -42.85784907
v 220.46555979 5.141457 -42.34510273
v 219.62321666 5.13010707 -43.45757049
v 219.17006044 5.12807693 -42.90667259
v 220.14840174 9.29079922 -44.2767076
v 219.4742105 9.19216275 -45.90665687
v 218.70653129 8.01074857 -44.65185566
v 219.59600455 8.27569771 -43.35165338
v 218.5843079 8.05209863 -46.27127838
v 221.22705599 9.10873914 -45.65911275
v 221.90018346 8.0885748 -45.95565322
v 222.19673318 7.04610558 -46.0637198
v 222.4003004 6.26707507 -44.22019973
v 222.40590421 6.22336634 -46.10228836
v 222.56324149 5.61665191 -44.13198188
v 222.60016296 5.59082317 -46.10454621
v 222.26255947 5.21566928 -44.1578991
v 222.2426418 5.19502494 -46.00334918
v 221.51666586 5.20595066 -47.57349023
v 220.56593859 5.15246091 -48.27716994
v 219.20749253 5.13531685 -47.91289684
v 218.62338537 5.12756974 -46.71140741
v 217.99318029 5.12607526 -46.74075117
v 218.65424899 5.12959714 -48.15085403
v 217.79280334 5.52363134 -46.68235445
v 217.97344952 5.4898223 -44.49251979
v 218.21747312 6.12839759 -44.4629058
v 218.00067055 6.12475465 -46.50622328
v 218.12492477 5.12601627 -44.58344129
v 219.08884795 5.52741488 -42.74721463
v 218.72317982 5.12688594 -44.83238593
v 220.57586091 5.67712988 -42.01197309
v 220.60223696 6.32173558 -42.23523645
v 219.26387489 6.22840809 -42.92798769
v 219.44484205 7.07336845 -43.04771525
v 218.45043315 6.91506033 -44.50239478
v 218.28251239 6.94605084 -46.39226379
v 221.73960138 6.28122261 -42.9004546
v 221.80769271 5.67340978 -42.70697807
v 153.04156918 6.23633249 -64.57806178
v 163.36281033 13.81014916 -63.14465894
v 159.38160552 12.93300918 -67.11060203
v 168.09375161 5.10071153 -77.43621621
v 167.5447796 13.33699468 -74.65624021
v 156.2268381 10.66252105 -62.56965175
v 163.83015971 13.90680821 -60.28921383
v 166.90594917 5.06933145 -75.55849512
v 165.43099703 13.28952762 -75.05475135
v 165.35632077 5.69417414 -58.85936099
v 164.55930397 5.08285383 -58.06152664
v 165.73460184 5.16699117 -58.55600309
v 163.17273428 5.17174554 -65.26974171
v 155.65174311 5.05506422 -65.38688083
v 152.74188748 5.63624209 -65.00037495
v 152.57531717 5.38625254 -64.47048352
v 152.966026 5.57601241 -64.03963552
v 153.27313691 7.37196135 -64.76866456
v 153.3767125 7.40216381 -65.70444149
v 153.18340469 6.40658243 -65.63380905
v 153.09910995 5.75610475 -65.74492085
v 153.62002761 6.34343476 -63.76413445
v 153.70769677 7.27909578 -63.98313177
v 153.6417995 5.70115927 -63.48370891
v 163.20203964 13.19563704 -63.91227711
v 161.96421343 13.54136333 -64.21890793
v 161.76210469 14.1148558 -63.47939349
v 164.45621123 13.3171744 -63.80846285
v 164.072147 12.97258853 -64.16502415
v 164.35227899 13.99438375 -62.46183481
v 165.03176711 13.51876772 -63.35044114
v 162.83541268 14.42959655 -61.9589031
v 163.80566633 14.40302331 -61.41277054
v 161.41467627 14.52069809 -62.50540602
v 159.19524408 11.60286061 -67.71913124
v 157.48652398 11.73994964 -67.52106906
v 158.67438678 13.45705659 -66.70241479
v 160.96665713 12.98993526 -66.04354632
v 161.13363895 11.54923737 -66.63430631
v 160.48918997 13.86223942 -65.30738985
v 168.25906542 5.3716393 -77.86030164
v 168.9285839 5.1980506 -77.10910018
v 168.49394174 5.09653671 -76.84191171
v 167.48925251 5.07912414 -77.40658713
v 167.31611442 5.18608752 -78.02328354
v 167.86505351 5.08043447 -76.68091057
v 167.5359238 13.32167946 -73.89468502
v 167.96989108 12.48573008 -74.10891974
v 167.8850696 12.68040429 -74.97571304
v 167.54326522 12.81505338 -75.5928868
v 167.18569708 13.60854212 -74.87412918
v 167.06283515 13.85200298 -73.88545611
v 152.63272626 5.26549723 -64.09429021
v 152.57913055 5.10871344 -64.74178166
v 152.74820835 5.08097012 -64.38908311
v 157.08725016 10.86910447 -61.98830722
v 157.0001242 12.15304007 -62.37160603
v 155.79633852 11.37706652 -63.0512368
v 155.76985341 9.29462914 -62.73317958
v 156.91456749 9.04715506 -61.92533719
v 154.87630615 9.64961185 -63.40702994
v 163.28000253 14.1745584 -60.42094527
v 162.99231513 13.59500671 -59.83390263
v 163.81683211 13.42629447 -59.91708354
v 164.38554587 13.95468387 -60.87614124
v 164.59549534 13.34833089 -60.47087302
v 167.48870382 5.0703016 -75.69372444
v 167.39990985 5.06836542 -74.83787196
v 166.58155462 5.06828483 -74.94278635
v 165.81740964 5.07218222 -75.24994116
v 166.48716954 5.07244833 -76.0430568
v 167.1838919 5.07301142 -76.47224502
v 165.86377366 13.61741062 -75.12574044
v 165.91766018 12.72612704 -75.96052335
v 165.27669536 12.55640212 -75.52535444
v 165.06662517 13.34239581 -74.34429536
v 165.53864936 13.90888705 -74.16122056
v 164.6697107 12.43029232 -74.64071786
v 164.13832959 5.8435054 -58.17891816
v 163.99945699 5.44666466 -58.10553955
v 164.94597445 5.26550615 -58.31304737
v 166.17937825 5.82963254 -60.17677146
v 166.04476345 6.37854111 -60.18378368
v 165.28402581 6.40178554 -58.99212122
v 164.13251351 6.46658612 -58.31872079
v 165.85996578 5.26959763 -59.09292869
v 166.37421689 5.39092872 -60.23749187
v 165.42632771 5.19105862 -58.31636418
v 164.76534131 5.17079631 -58.00955778
v 163.87931655 5.17607536 -57.88846263
v 163.91479463 5.07552544 -58.08340278
v 164.02295724 5.07246582 -58.5830506
v 164.81438841 5.08237922 -58.27488895
v 165.23392523 5.09930449 -58.00706675
v 165.42824811 5.08448035 -58.73108902
v 165.63882858 5.07844514 -59.59690565
v 166.04229436 5.08687468 -59.31672427
v 163.20698879 5.39211834 -65.30506342
v 163.76720888 5.40874595 -65.67284262
v 163.93601783 5.09510738 -65.23958863
v 163.25109772 5.07224052 -63.85134271
v 162.39510258 5.08997476 -64.71380686
v 162.70762355 5.30216425 -65.61236363
v 156.3661277 5.05529261 -65.52244485
v 156.14212087 5.05543596 -64.68620244
v 155.24498521 5.05531182 -64.94191513
v 155.25036233 5.05642017 -65.93998171
v 156.2413344 5.05696439 -66.3744044
v 154.59626195 5.05683065 -65.4958116
v 154.75199021 5.05726446 -64.50387934
v 154.06992876 5.05820065 -64.99234218
v 153.61601123 5.06969804 -65.42795277
v 154.18903218 5.06531129 -65.99788462
v 154.91651392 5.06285832 -66.52520271
v 156.10710917 5.06428182 -67.03993118
v 153.7703129 5.13735694 -66.43153092
v 154.60830563 5.11480935 -67.0610035
v 156.04515147 5.13927631 -67.62123456
v 158.24838094 5.07583373 -68.06404118
v 158.13648727 5.06415048 -67.45196746
v 154.60845377 5.68798667 -67.17358303
v 156.12595656 5.60900356 -67.73927353
v 158.35426101 5.56067867 -68.17916662
v 160.686163 5.67483122 -67.62222768
v 160.64627897 5.0751657 -67.61423606
v 156.27834332 6.22667252 -67.63212324
v 158.49093338 6.19230039 -68.06755826
v 160.6648575 6.31280913 -67.41232484
v 161.80626848 6.56884829 -66.33745584
v 161.86234426 5.94852335 -66.47118725
v 158.58141182 7.00100868 -67.95496501
v 160.72947633 7.20390444 -67.2695209
v 161.8402267 7.44804979 -66.14969525
v 162.5150839 7.60919393 -65.3040264
v 162.49274138 6.74394176 -65.42435339
v 160.82184774 8.40073381 -67.12215737
v 161.90729816 8.58645397 -65.97789322
v 162.60175445 8.72395674 -65.18385029
v 163.5114715 8.84044275 -64.82180487
v 163.41693278 7.71327448 -64.86024586
v 162.0121906 9.99080924 -65.77280511
v 162.69613954 10.0542355 -65.03665412
v 163.6032174 10.09280766 -64.76253024
v 164.26212428 10.11803586 -65.43250413
v 164.20917601 8.97354266 -65.46403441
v 162.825668 11.36597662 -64.84562884
v 163.67467836 11.26200692 -64.70152726
v 164.31161582 11.15452687 -65.34980607
v 164.86125723 11.09343442 -66.31727514
v 164.81639661 10.14432117 -66.39781412
v 163.7823252 12.27811338 -64.54725302
v 164.462362 12.04644311 -65.1909503
v 165.0125082 11.84076602 -66.24406662
v 165.31371525 11.78043131 -67.70952922
v 165.18828547 11.13587384 -67.68163948
v 164.78260848 12.61592331 -65.00870127
v 165.27558153 12.3250765 -66.20715647
v 165.5021617 12.27464894 -67.73378117
v 165.43670337 12.54480992 -69.45388927
v 165.28616569 12.00956673 -69.48402314
v 165.66099003 12.65200341 -66.11910871
v 165.84190301 12.63559013 -67.7346042
v 165.7785297 12.92339311 -69.46151601
v 165.60163859 13.52748498 -71.23837751
v 165.07922851 13.20520785 -71.27359771
v 166.27332987 12.6726474 -67.7535531
v 166.25023565 12.91983144 -69.53099621
v 166.23066948 13.52027695 -71.26697506
v 166.34757815 14.01263033 -72.70174687
v 165.72924117 14.04060821 -72.79031039
v 166.645526 12.56521729 -69.64088718
v 166.76932069 13.17371118 -71.37819934
v 166.92967987 13.66306375 -72.7157329
v 166.5775108 14.12189202 -73.96013786
v 167.22065391 12.63761804 -71.52250943
v 167.43842217 13.04404022 -72.81589017
v 167.55046948 11.93202084 -71.69499458
v 167.8254932 12.26849576 -73.02156537
v 167.85602213 10.87102093 -71.93760189
v 168.18246876 11.09307272 -73.35590212
v 168.33726425 11.26106249 -74.46900636
v 168.29173972 11.40904286 -75.35509148
v 168.43213218 9.56713181 -73.67414589
v 168.57973988 9.67358972 -74.80874219
v 168.55872518 9.7372072 -75.69021285
v 168.29067526 9.74159558 -76.45888998
v 167.94637436 11.50212148 -76.10286365
v 168.69929871 8.24261396 -74.98826699
v 168.6786187 8.3219544 -75.82928298
v 168.44144339 8.37620751 -76.59540872
v 168.79542313 7.19685656 -75.93691336
v 168.49998278 7.29837046 -76.69090764
v 167.92994668 7.34091425 -77.21636843
v 167.83470565 8.38881033 -77.08949012
v 167.70461752 9.69273194 -76.98554142
v 167.03633359 8.34281204 -77.24115809
v 166.92028086 9.56200108 -77.11939354
v 166.69658679 11.44418625 -76.8196021
v 167.41752818 11.49210211 -76.62585535
v 166.49996491 12.89465238 -76.09469919
v 167.08372914 12.9102332 -75.94882535
v 166.31671453 13.76836839 -75.13216556
v 166.77867032 13.75520402 -75.03170651
v 166.04797327 14.15029102 -74.06560642
v 165.13722469 13.77997345 -72.92628044
v 164.66593574 13.1432733 -73.11152256
v 164.76971434 12.61095084 -71.38402091
v 164.30887787 12.27116529 -73.29602943
v 164.59867773 11.87713983 -71.51693478
v 165.19102342 11.38560048 -69.52798392
v 164.45878457 10.79971622 -71.66928312
v 165.11192475 10.45466277 -69.59064942
v 165.11608928 10.23090059 -67.71543858
v 165.0428835 9.29600368 -69.68025545
v 165.08543415 9.18010485 -67.79043033
v 164.78154403 9.07514143 -66.44967598
v 165.06044696 8.01019199 -67.87239863
v 164.71865904 7.92958272 -66.51000957
v 164.14363539 7.83486808 -65.49877177
v 164.63436979 6.9795756 -66.57238702
v 164.06592489 6.92170802 -65.55659511
v 163.35172686 6.81249879 -64.92283729
v 163.93712069 6.20089248 -65.61528539
v 163.28643863 6.11716426 -65.03288464
v 162.51865585 6.09830281 -65.56440018
v 163.25739664 5.66075775 -65.18691745
v 162.60353768 5.60718535 -65.66871101
v 161.99669569 5.40241685 -66.56500444
v 161.75825291 5.10796345 -66.17820501
v 160.36134597 5.07045626 -67.08024319
v 161.30349589 5.07532928 -65.44856145
v 160.02800234 5.06464086 -66.36591347
v 157.98687687 5.05846334 -66.78914844
v 159.51544667 5.06054629 -65.42229581
v 157.76917445 5.05689066 -65.74742286
v 158.83947563 5.05805834 -64.20694107
v 157.33132246 5.056152 -64.63195378
v 158.06633219 5.05720513 -63.11828083
v 156.77285817 5.05624802 -63.73017623
v 155.73570864 5.05661221 -64.08444677
v 156.33628463 5.05797226 -63.21016939
v 155.33132654 5.05973561 -63.65574688
v 154.34254923 5.0609825 -64.06034022
v 154.93569052 5.06939661 -63.17474343
v 154.00054732 5.06602801 -63.57020114
v 153.2141092 5.06658322 -63.96526379
v 153.61917166 5.06097529 -64.48722944
v 153.14029986 5.07739543 -64.87929077
v 152.75722876 5.19671764 -65.16343641
v 153.19303963 5.18181942 -65.80243693
v 153.70107413 5.75516135 -66.49520052
v 153.77531692 6.42665682 -66.46168674
v 154.7334885 6.33907099 -67.0972854
v 153.96531615 7.3415497 -66.49338162
v 154.89949914 7.192131 -67.04918204
v 156.39614086 7.0163407 -67.55109045
v 155.11671323 8.3622743 -67.03831256
v 156.60696275 8.17956249 -67.52595786
v 158.73380955 8.19100158 -67.89369042
v 156.94120622 9.76677005 -67.56951535
v 158.94254643 9.73210998 -67.85487633
v 160.96518116 9.88439836 -66.94625665
v 162.13122269 11.45690095 -65.46450628
v 162.14891783 12.66377634 -64.92314181
v 162.99663329 12.46880652 -64.46565508
v 155.54840346 10.00198445 -67.09409479
v 156.40403098 12.11966672 -66.91508301
v 154.61131792 10.22562955 -66.52749896
v 155.64378715 12.43643727 -66.2252741
v 157.48419755 14.16188305 -65.17889017
v 158.01808616 13.92337306 -65.96491403
v 160.05952439 14.41708958 -64.53696789
v 159.61028167 14.60126347 -63.66228174
v 157.07393902 14.04801616 -64.29454439
v 159.20383652 14.49868066 -62.81546613
v 161.03199474 14.43497299 -61.61166124
v 162.36071639 14.36538889 -60.92582756
v 158.8686109 14.10380182 -62.09049463
v 160.70699115 13.93741533 -60.88465686
v 162.00590813 13.77009606 -60.18273294
v 160.44682587 13.12505518 -60.39029563
v 161.76955585 12.93132883 -59.70989395
v 162.85762352 12.79994992 -59.39118106
v 163.8562333 12.70905602 -59.44868342
v 161.56265159 11.87236806 -59.26616554
v 162.75545257 11.77243343 -58.85294136
v 163.96284312 11.74123639 -58.89067729
v 164.96218266 11.69915101 -59.615454
v 164.7776264 12.65654105 -60.04559968
v 162.71713777 10.34297607 -58.39792646
v 164.02943723 10.30279604 -58.47979874
v 165.08609806 10.25075128 -59.29139964
v 165.75368516 10.20425268 -60.41517583
v 165.6199757 11.6036785 -60.69797444
v 164.02232076 8.66218696 -58.48303599
v 165.09652311 8.62115874 -59.22452845
v 165.82681413 8.58023752 -60.28624543
v 166.27116256 8.52592096 -61.62820689
v 166.19074155 10.11976926 -61.77873359
v 165.15540268 7.37567184 -59.15570942
v 165.89879633 7.2829798 -60.21774738
v 166.36576712 7.23717372 -61.62436334
v 166.75613027 7.21884621 -63.50156043
v 166.65289486 8.41204961 -63.46934155
v 166.47827532 6.44522678 -61.66289486
v 166.8568033 6.46232625 -63.54357337
v 167.25859011 6.40231502 -65.68417574
v 167.15247959 7.14571759 -65.67527879
v 166.59449814 5.92264625 -61.7106114
v 166.97179706 5.9133683 -63.58545737
v 167.37231091 5.86978783 -65.68780805
v 167.67779771 5.83639853 -67.87785258
v 167.57654856 6.35173468 -67.90142142
v 167.13148683 5.42862316 -63.61467219
v 167.52954806 5.39938056 -65.68306465
v 167.82564683 5.378228 -67.84543617
v 168.16810963 5.32593644 -69.99983253
v 168.01059265 5.7716463 -70.06964742
v 167.32250662 5.10071667 -65.73567548
v 167.59117106 5.09539818 -67.8628021
v 167.83799228 5.0884206 -70.02714066
v 168.12052752 5.07511838 -72.04187431
v 168.5313896 5.24548045 -71.99254738
v 167.09548201 5.07053856 -67.91551718
v 167.29587337 5.06931327 -70.1024095
v 167.51816281 5.0683661 -72.14285461
v 167.81228082 5.06861164 -73.72296804
v 168.45035955 5.07097065 -73.66763298
v 166.76424534 5.06716242 -70.16283088
v 166.84788714 5.06700296 -72.25633948
v 167.08772907 5.06748958 -73.78426183
v 168.08423738 5.06952589 -74.85929269
v 165.97641355 5.06650708 -72.26972743
v 166.12267697 5.06724404 -73.89805396
v 165.25218004 5.06792853 -72.12859973
v 165.27142248 5.06942438 -73.98751733
v 164.65379879 5.07352719 -71.98004829
v 164.56791286 5.07294901 -74.07663502
v 165.22429578 5.08306439 -75.55479149
v 165.98018852 5.08367378 -76.49289759
v 163.97552876 5.07570067 -74.16578015
v 164.69938917 5.1130827 -75.8583085
v 165.51351951 5.17360833 -76.90006701
v 166.39060068 5.19158296 -77.64355943
v 166.7588737 5.07507208 -77.11258983
v 164.48475939 5.56375063 -75.90660391
v 165.35347858 5.6889287 -76.98505858
v 166.31459111 5.76061667 -77.65820936
v 167.30679223 5.79138325 -77.87319029
v 165.39342845 6.30615596 -76.81703974
v 166.30614682 6.42684131 -77.44961514
v 167.24307873 6.45757943 -77.62588074
v 168.0405729 6.45716551 -77.40486974
v 168.14644199 5.77501352 -77.58382939
v 166.27051511 7.25445735 -77.22228876
v 167.15177178 7.33894207 -77.42313552
v 166.18764696 8.25373961 -77.04031681
v 165.39870133 7.10585344 -76.62126284
v 165.3641231 8.12444983 -76.42801538
v 165.28697226 9.37331098 -76.27478365
v 166.11306946 9.46665365 -76.92506517
v 165.19991214 11.09701031 -75.97724732
v 165.97395544 11.2721836 -76.58545006
v 164.53445943 9.29310705 -75.23205946
v 164.49585384 11.01843131 -74.9783193
v 164.02826304 9.30023286 -73.71564856
v 164.06936516 10.97093369 -73.51232173
v 164.37520861 9.36350766 -71.83923883
v 164.06095379 7.91300775 -73.8479863
v 164.32298461 7.95690663 -71.87831629
v 164.99675541 8.03699397 -69.72586229
v 164.24238802 6.84457844 -71.88127371
v 164.93831479 6.9382012 -69.75233642
v 165.00781693 6.97938733 -67.89688927
v 164.8587607 6.18418943 -69.79260454
v 164.92415867 6.17866003 -67.99758973
v 164.53821794 6.21159118 -66.62427632
v 164.83772406 5.67303222 -68.08367319
v 164.43588238 5.69245881 -66.69501027
v 163.82882091 5.72049087 -65.67054911
v 164.38704927 5.2193856 -66.7234679
v 164.75996418 5.26808257 -68.12751874
v 165.1597373 5.08578005 -68.09405709
v 164.78940671 5.09662553 -66.49709349
v 165.71873931 5.06698136 -68.0307359
v 165.29783626 5.06935168 -66.26392359
v 164.6377497 5.06831775 -64.71281374
v 165.81061689 5.0665088 -66.05979019
v 165.32883157 5.06565971 -64.28417421
v 164.98277487 5.06496596 -62.51439077
v 164.10931504 5.06481679 -62.96476652
v 164.71399521 5.06503077 -61.1434367
v 163.80224802 5.06377257 -61.53950894
v 162.73989181 5.06341592 -62.28558293
v 163.52096927 5.06380309 -60.41090156
v 162.40672925 5.06211176 -61.04236587
v 161.17845019 5.0608563 -62.05641844
v 161.75706226 5.0654128 -63.37560117
v 160.02156625 5.05961729 -63.25151842
v 160.72229402 5.06384836 -64.4271894
v 160.7044617 5.06009294 -61.06353969
v 159.35243734 5.05859091 -62.18592496
v 160.40499948 5.0607493 -60.48414575
v 158.96872427 5.05919206 -61.58644909
v 157.61330902 5.05811561 -62.52840971
v 158.66017579 5.06348759 -61.13902801
v 157.25963655 5.06496836 -62.0787253
v 155.97133665 5.0686065 -62.72402749
v 156.94888235 5.10771723 -61.69510002
v 155.665784 5.19621422 -62.30805988
v 154.62388833 5.2239253 -62.80171878
v 155.59161254 5.69791927 -62.37867311
v 154.52026885 5.74533849 -62.94252825
v 153.69802343 5.22842007 -63.22275626
v 152.94795226 5.2016253 -63.70224259
v 155.52510074 6.24823659 -62.55915811
v 154.44501098 6.3261988 -63.16943763
v 155.45763422 6.86879542 -62.71589047
v 154.42356282 7.07227896 -63.3472423
v 155.50709833 7.90683845 -62.79074779
v 154.53923694 8.18475718 -63.45037619
v 153.89744909 8.4096522 -64.07993656
v 153.52785374 8.56586261 -64.88196013
v 154.29138419 9.95116706 -64.0569411
v 153.96294034 10.18794275 -64.85403198
v 154.0741701 10.30166544 -65.74187838
v 153.5854 8.61677971 -65.77803958
v 155.3109977 11.91586528 -63.62779403
v 155.03792182 12.35655517 -64.40104448
v 155.16221582 12.5549469 -65.36735856
v 156.8385634 13.69248879 -63.44920749
v 156.86537772 13.01267283 -62.8085856
v 158.66435679 13.30840587 -61.58860542
v 158.53503133 12.32369964 -61.29464378
v 160.22558442 12.09114753 -60.06592852
v 158.40957412 10.81988783 -61.01686566
v 160.03619972 10.60326951 -59.79212563
v 161.43550991 10.42135318 -58.88182697
v 160.02181864 8.84157922 -59.66346409
v 161.44462359 8.76609536 -58.74818335
v 162.72930216 8.7061143 -58.30556602
v 161.49607943 7.45494747 -58.75895133
v 162.80569032 7.4472175 -58.34539519
v 164.08501919 7.44692841 -58.44364029
v 162.84157992 6.51704815 -58.28031546
v 161.49645803 6.52596019 -58.71878197
v 161.46324602 5.98203713 -58.64268187
v 162.81692194 5.96214346 -58.12323195
v 161.42848123 5.51110105 -58.53260984
v 162.80663406 5.51161785 -58.04121152
v 161.48636768 5.14804639 -58.63662712
v 162.76870335 5.14547785 -58.09993746
v 161.65350313 5.07438897 -59.08943081
v 162.88962292 5.07658029 -58.48204836
v 161.86246497 5.06451467 -59.56464836
v 163.03592474 5.068529 -58.9893531
v 162.08853486 5.06225202 -60.12977919
v 163.24192916 5.06502735 -59.56933414
v 164.19587036 5.06865074 -59.22932671
v 164.44270256 5.06642924 -60.05619482
v 165.09330781 5.06985819 -59.8587554
v 164.88465323 5.0743509 -59.01652132
v 165.34217563 5.06736989 -60.88765543
v 165.85353517 5.07412148 -60.66073507
v 166.10092154 5.06964009 -62.06330446
v 166.58317873 5.10666615 -61.8712943
v 166.31916716 5.10339152 -60.41250647
v 165.59150435 5.06594468 -62.26134744
v 165.93348431 5.06635757 -64.05342951
v 166.45645954 5.06909826 -63.88239015
v 166.82403024 5.06930573 -65.83352552
v 166.94828035 5.10292994 -63.71639322
v 166.32046206 5.06689391 -65.93314782
v 166.63230814 5.06723067 -67.96000195
v 166.19085677 5.06646696 -67.99420708
v 166.21902635 5.06655681 -70.16081172
v 165.69076726 5.0672118 -70.07595183
v 165.13382283 5.07901817 -69.94040427
v 164.71215711 5.22644411 -69.82306213
v 164.11402277 5.09374492 -71.82745304
v 164.74438696 5.65377331 -69.79548514
v 163.98707313 5.54244753 -71.80462218
v 163.73027678 5.51324539 -74.15560749
v 164.12946281 6.12647341 -71.8459767
v 163.8738626 6.05855458 -74.06926067
v 164.53845936 6.15243315 -75.74549852
v 163.99562167 6.79433692 -73.97247234
v 164.5957642 6.94035308 -75.59475782
v 164.59699326 7.98900223 -75.39954058
v 166.74852547 5.44910563 -61.74173016
v 160.15671327 5.06495705 -60.02369885
v 159.91464916 5.10451736 -59.59639537
v 158.37579148 5.10446763 -60.74426988
v 159.88329171 5.45848817 -59.4931874
v 158.30497249 5.50272981 -60.64564619
v 156.84402832 5.58702215 -61.65810208
v 158.35362454 6.04607504 -60.71970518
v 156.83473906 6.15737065 -61.7843494
v 158.37514952 6.59926371 -60.77249707
v 156.81170519 6.70755457 -61.87897042
v 158.37706443 7.62185007 -60.82227118
v 156.80391384 7.71440631 -61.94198983
v 158.36693568 8.93440278 -60.87817138
v 160.04783188 7.50860971 -59.63060598
v 160.03010381 6.54790938 -59.6107737
v 159.9747523 5.97943567 -59.57208306
v 154.16146067 8.53749757 -66.54893066
v 168.77120958 5.73827003 -76.98274312
v 168.6106035 6.41437138 -76.82615342
v 168.89005512 6.34338504 -76.03653292
v 169.10806481 5.70550281 -76.10822981
v 168.96009498 6.30095098 -75.03842244
v 169.15119707 5.69050892 -74.98346049
v 169.26426493 5.17447011 -74.92639159
v 169.26028147 5.17043486 -76.09495159
v 168.7201927 5.06973954 -74.89881459
v 168.74945416 5.07114349 -75.95971129
v 168.12448904 5.07315991 -75.83175755
v 168.95306082 5.20248708 -73.61195226
v 168.86711453 5.70741018 -73.69614823
v 168.4216358 5.71130791 -72.06839234
v 168.72181681 6.25969283 -73.7967664
v 168.27196505 6.2345064 -72.16836305
v 167.88373629 6.28799889 -70.13547336
v 168.20851492 6.94450972 -72.2658537
v 167.80862108 6.97690247 -70.19436391
v 167.49093149 7.04699411 -67.91905346
v 167.75089376 8.09098199 -70.23778697
v 167.38053572 8.1559381 -67.92958002
v 167.03840214 8.26060489 -65.67120479
v 167.25083716 9.3527985 -67.92013986
v 166.92627801 9.56952108 -65.72749181
v 166.56192261 9.90705183 -63.58804991
v 166.80741052 10.6278812 -65.82518274
v 166.4627859 11.04052756 -63.79807621
v 166.07877654 11.40739946 -62.04952968
v 166.33588015 11.77724927 -63.98979282
v 165.94060077 12.23220836 -62.32328319
v 165.45707611 12.51852663 -61.04144957
v 165.76637629 12.82033174 -62.59905861
v 165.24427346 13.19831137 -61.40245798
v 165.52326419 13.31060371 -62.92810602
v 164.9421117 13.74342372 -61.85196132
v 166.05968225 12.84241792 -64.32685106
v 165.69833914 13.1086179 -64.55513216
v 166.21401135 12.31715964 -64.14926587
v 166.55105313 11.92584966 -65.95413234
v 166.4157854 12.46938504 -66.01850426
v 166.67315238 11.37822571 -65.89777399
v 166.90863773 11.245258 -67.8532385
v 166.73988914 11.79584718 -67.81613356
v 167.08598425 10.44474718 -67.8907522
v 167.42685037 10.56584333 -70.03428456
v 167.16783184 11.48018764 -69.87867153
v 167.64334568 9.32640933 -70.18887704
v 168.10244281 9.43433257 -72.22465282
v 168.19520378 8.07745172 -72.3299019
v 168.54299433 8.14304105 -73.83046125
v 168.62242221 6.9956631 -73.85147046
v 168.82011403 7.08805439 -75.05024115
v 166.93674695 12.07469825 -69.75894809
v 166.5618019 12.31312405 -67.78167603
v 166.13740372 12.77563109 -66.07860466
v 165.18147627 12.93971156 -64.80266667
v 211.59775471 18.26609828 -68.01878824
v 180.79320939 5.44467327 -72.11498681
v 201.32094759 16.59468887 -87.01748202
v 200.59624494 5.1061058 -85.16845725
v 184.83575189 16.46799094 -70.1887673
v 180.7236853 16.64886071 -68.34305659
v 199.49260281 17.40410393 -84.63439305
v 200.05403824 5.11805894 -87.84837475
v 183.02708302 5.08564699 -69.25367349
v 210.6393719 18.29932125 -68.27938425
v 210.10237634 18.19430399 -67.16079314
v 210.67654542 18.19865165 -66.92934612
v 211.83043902 18.22857016 -70.06031426
v 210.91395255 18.37291729 -69.93621779
v 180.23244062 5.55343841 -71.44562197
v 180.34123421 5.8756701 -71.4551746
v 180.93738231 5.82342175 -72.11865204
v 181.57767225 5.76425686 -72.46786368
v 181.52570064 5.39261388 -72.48351223
v 180.28762204 5.28110017 -71.9926187
v 179.958838 5.2844451 -71.43146585
v 181.44914239 5.09330563 -72.30095319
v 180.84783115 5.12440108 -72.17135888
v 180.50485259 5.14075434 -72.07583253
v 201.87472609 16.75445134 -86.68122487
v 202.05320564 15.78077594 -86.91178302
v 201.32726571 15.84453539 -87.28352374
v 200.66571142 15.93290584 -87.39632824
v 200.89416536 16.88026795 -86.9246991
v 201.51343236 17.37570597 -86.41843138
v 200.07004892 5.10578962 -85.22807754
v 200.23652869 5.10601904 -85.95932327
v 200.87927674 5.10646931 -85.61813891
v 200.8952353 5.10641444 -84.54494615
v 200.23512405 5.10615278 -84.25999669
v 201.49436002 5.10704749 -84.97653762
v 180.14648885 5.12413976 -71.79283091
v 180.39428673 5.1186114 -71.83774091
v 185.42708251 16.63963728 -69.44231198
v 185.64347631 15.64966691 -69.59376048
v 184.7910641 15.75374181 -70.44872957
v 184.06081698 15.95181976 -70.86631855
v 184.35754949 16.83291286 -70.33262747
v 184.92511374 17.35806775 -69.33151567
v 180.44034349 15.8497126 -68.53313538
v 180.53655022 15.80903228 -67.26730695
v 180.98375731 16.81308058 -67.43921323
v 181.43719199 17.45313115 -67.75389603
v 180.98988065 16.9848929 -68.80144043
v 180.61072168 16.04998427 -69.3575344
v 199.77399678 17.58105814 -85.04687376
v 199.30052955 16.85219165 -85.4908875
v 199.15673248 16.74116558 -84.75512059
v 199.30306174 16.73982747 -83.72578984
v 199.7377231 17.57752734 -83.91364919
v 200.24965328 17.9657993 -84.24682821
v 200.51328352 5.11247983 -87.72065694
v 200.29924084 5.10819767 -87.29428897
v 199.81084932 5.1123965 -87.5053029
v 199.93519819 5.13379288 -88.09868562
v 200.61756417 5.1296064 -88.0889574
v 199.46981037 5.1242231 -87.6931842
v 182.40275986 5.08492135 -69.20615174
v 182.52703191 5.08516346 -70.05804819
v 183.33588663 5.08611406 -69.80710633
v 183.39772088 5.08605851 -68.64629378
v 182.56748658 5.08508493 -68.2398788
v 184.09687392 5.0869947 -69.14619126
v 184.68121977 5.08770697 -68.11938721
v 183.91926404 5.08665932 -67.69879965
v 183.75098183 5.0873901 -70.35998499
v 184.60566012 5.08838185 -69.54286979
v 185.21268867 5.08890482 -68.39683338
v 185.62407201 5.08934994 -67.13778671
v 185.13325256 5.08824639 -66.89772805
v 184.96963693 5.09033175 -69.79996242
v 185.59374061 5.09047166 -68.58901638
v 185.98482802 5.09059855 -67.31542128
v 186.44790862 5.09124668 -66.12795903
v 186.12100109 5.0899216 -65.92186682
v 185.9850036 5.09366433 -68.77539702
v 186.35881013 5.09389341 -67.47412891
v 186.74263568 5.09357106 -66.32289369
v 187.4006866 5.0966197 -65.45160666
v 187.16313818 5.09273122 -65.18346073
v 186.73224904 5.11181112 -67.61392879
v 187.06243771 5.11168458 -66.49795767
v 187.62424625 5.12913418 -65.6744393
v 188.43401179 5.16587939 -65.18284894
v 188.30600319 5.09802468 -64.91214064
v 187.21185059 5.37089514 -66.60092696
v 187.70182781 5.39522974 -65.77034699
v 188.47058725 5.42624631 -65.24789849
v 189.46295572 5.45792783 -65.06910345
v 189.43051736 5.17287549 -65.06385251
v 187.62683331 5.7040968 -65.70613693
v 188.44302946 5.73572241 -65.14743396
v 189.48359182 5.79148133 -64.95326197
v 190.73584301 5.8148715 -65.04705173
v 190.68515807 5.44970301 -65.22689751
v 188.41610814 6.13842004 -65.04608055
v 189.49021173 6.19905849 -64.8477989
v 190.76014983 6.1987622 -64.91908427
v 192.28817917 6.1826459 -65.11057593
v 192.28998709 5.78943473 -65.26738784
v 189.48756432 6.71474442 -64.75997062
v 190.77244864 6.69545946 -64.80277916
v 192.28436854 6.66311266 -64.98984291
v 193.95081233 6.71398895 -64.94122927
v 194.00027918 6.21796075 -65.06562477
v 190.75460535 7.48121413 -64.72857202
v 192.26354862 7.41176822 -64.89701884
v 193.89761167 7.40986942 -64.84852865
v 195.50552705 7.47596354 -64.46471134
v 195.58125953 6.75193338 -64.54720638
v 192.21191446 8.45554812 -64.85731587
v 193.8323207 8.45142217 -64.78340777
v 195.42670272 8.49641602 -64.4103502
v 196.98133788 8.51913114 -63.95801289
v 197.05560263 7.47268068 -64.00175968
v 193.75479675 10.00127544 -64.74532069
v 195.33938747 10.01299458 -64.38236992
v 196.91214026 9.99627013 -63.94648773
v 198.46957373 9.96465009 -63.60133911
v 198.51989927 8.51673595 -63.60848301
v 195.32328351 11.72011847 -64.36195604
v 196.90533106 11.65945104 -63.92252109
v 198.47500298 11.59686981 -63.57078
v 200.01503485 11.55250497 -63.47664457
v 200.01925973 9.93411186 -63.49289118
v 196.98923623 13.3413269 -63.84418509
v 198.55273268 13.2427574 -63.52867104
v 200.09265755 13.1798052 -63.43903758
v 201.5915873 13.10657422 -63.58555613
v 201.52784088 11.50392888 -63.61486149
v 198.64136479 14.63401012 -63.40059385
v 200.18518533 14.58076968 -63.32798888
v 201.68358011 14.50986153 -63.48191196
v 203.10291187 14.45368698 -63.91754999
v 203.03461136 13.04690008 -64.00261015
v 200.25541723 15.53692037 -63.18347852
v 201.76704084 15.46162032 -63.33437011
v 203.18827929 15.41433416 -63.78010123
v 204.48194535 15.43202588 -64.4578555
v 204.39371241 14.45938407 -64.61564682
v 201.84192011 16.10233789 -63.17356376
v 203.29020333 16.0498879 -63.59407998
v 204.59855499 16.07055933 -64.2580869
v 205.73871085 16.19693079 -65.10490525
v 205.57967675 15.54998426 -65.33710398
v 203.4012054 16.50779198 -63.3909644
v 204.74754949 16.51982948 -64.02595402
v 205.92956877 16.65229891 -64.85446819
v 206.9949016 16.86782922 -65.75433082
v 206.73436595 16.37167722 -66.01009564
v 204.9076837 16.89592678 -63.7698353
v 206.14105594 17.04558176 -64.58147186
v 207.27178125 17.28106369 -65.4891286
v 208.2448867 17.51068975 -66.50564751
v 207.87006922 17.07683153 -66.72103996
v 206.37046048 17.3687253 -64.26595781
v 207.56863996 17.60610637 -65.19104906
v 208.66509841 17.85463607 -66.26308959
v 209.50371527 18.04051466 -67.37339552
v 208.93022245 17.70782465 -67.5665689
v 207.90976259 17.76954368 -64.85684126
v 209.13006649 18.02597926 -65.99007406
v 208.27092875 17.73670821 -64.5145897
v 209.61542102 18.01362009 -65.70904497
v 208.61464118 17.52521761 -64.21806021
v 210.07857157 17.80967599 -65.41883086
v 211.06258217 17.98656161 -66.32310219
v 208.94796149 17.1599603 -63.96037773
v 210.54181952 17.41692126 -65.16783687
v 211.80461371 17.79366394 -66.41386869
v 209.25020555 16.65041212 -63.73157812
v 211.01782169 16.85441177 -64.92774804
v 212.76211726 17.16892996 -66.37563346
v 213.32789143 17.46831674 -68.47057412
v 211.38369009 16.19146485 -64.71876974
v 213.22944195 16.40670538 -66.26567116
v 213.8999851 16.45731418 -68.49523211
v 213.29037772 16.53794849 -70.42100443
v 212.81862513 17.45809882 -70.32991147
v 213.50264128 15.33427769 -66.1927507
v 214.08739864 15.36997044 -68.42546659
v 213.518582 15.49805552 -70.41280157
v 212.71035553 15.60629049 -72.3142369
v 212.45626695 16.60982439 -72.2729976
v 214.13061046 13.91465134 -68.29735374
v 213.62397649 14.12842277 -70.35437192
v 212.83194862 14.27992236 -72.30038804
v 211.85088035 14.36183237 -74.08954013
v 211.71576762 15.67331565 -74.0915154
v 213.64916258 12.47008856 -70.33814726
v 212.87017013 12.58307687 -72.28574908
v 211.92967587 12.66724935 -74.06392195
v 210.76591277 12.74254083 -75.59120782
v 210.68508573 14.3922279 -75.61692477
v 212.88129887 10.83706506 -72.27341461
v 211.94374831 10.91860625 -74.04575493
v 210.80111788 11.00995281 -75.57754552
v 209.60900413 11.10135428 -77.01139554
v 209.57441355 12.81568899 -77.01979593
v 211.94743 9.21862951 -74.07957598
v 210.8051082 9.31469041 -75.62054061
v 209.61270913 9.43354238 -77.04275298
v 208.47571234 9.53501889 -78.4619805
v 208.47583305 11.17918266 -78.45240592
v 210.81433025 7.95587664 -75.6965831
v 209.61487782 8.08193518 -77.0979344
v 208.49881068 8.13508183 -78.50193586
v 207.51829109 8.22010495 -79.9662764
v 207.4910776 9.57842438 -79.95509416
v 209.63231097 7.17547184 -77.16399079
v 208.52786775 7.22769721 -78.5463301
v 207.55528492 7.28101481 -79.99062711
v 206.66260048 7.30881265 -81.46862995
v 206.60924893 8.26960969 -81.44508032
v 208.57658701 6.57152279 -78.60287775
v 207.61369674 6.58847516 -80.03079098
v 206.73777055 6.59359509 -81.50675819
v 205.84294074 6.60594808 -82.96364756
v 205.76425496 7.31434307 -82.92170595
v 207.66346948 6.1842004 -80.06666412
v 206.79819193 6.17206002 -81.54262035
v 205.91604913 6.17202024 -83.00693894
v 204.97130666 6.18105642 -84.39511627
v 204.89612698 6.62299887 -84.3543708
v 206.88418485 5.77902957 -81.59190888
v 206.00802685 5.76904347 -83.06542894
v 205.06565608 5.77479816 -84.45357335
v 204.11104686 5.77650664 -85.69393998
v 204.01305416 6.1752791 -85.63758986
v 206.1176668 5.37487381 -83.13648935
v 205.16904512 5.37723728 -84.52471607
v 204.21996528 5.38633004 -85.7627014
v 203.32479803 5.36617438 -86.80113486
v 203.21658604 5.74863541 -86.70868664
v 205.07240493 5.14283283 -84.45164746
v 204.13992561 5.14687768 -85.69004431
v 203.26195969 5.1419203 -86.74779154
v 202.36791038 5.13234229 -87.54774931
v 202.42926453 5.33523462 -87.58170753
v 203.82531552 5.11888712 -85.4265046
v 202.97253294 5.11723934 -86.45596704
v 202.15169765 5.11791045 -87.2538343
v 201.35380295 5.1226007 -87.79672138
v 201.50976439 5.13698863 -88.07084525
v 202.68098827 5.11183924 -86.17887477
v 201.89274222 5.11142326 -86.90304244
v 201.148018 5.11180974 -87.39267947
v 201.60835791 5.10878408 -86.53542236
v 200.8975727 5.10797785 -87.00020937
v 201.27884411 5.10730194 -86.12048353
v 200.57649771 5.10662808 -86.53270087
v 200.03603034 5.10660305 -86.76831242
v 199.78738199 5.10625532 -86.08073667
v 199.37514819 5.10826523 -86.1620246
v 199.58986576 5.10907626 -86.92931356
v 198.98483443 5.11438446 -86.22419629
v 199.19318997 5.1175202 -87.05680091
v 198.62005654 5.15264232 -86.28016233
v 198.89999649 5.15185736 -87.13501071
v 199.30486691 5.23633522 -87.79266659
v 199.91853732 5.23705537 -88.20378106
v 198.87917383 5.40459479 -87.12173798
v 199.39014654 5.40073856 -87.67461664
v 200.01379207 5.39926773 -88.0323878
v 200.72293396 5.33147886 -88.20818153
v 200.68439695 5.15369923 -88.29335417
v 199.43061767 5.7165417 -87.61832688
v 200.06141259 5.6985849 -87.93372845
v 200.73690901 5.67051169 -88.02405874
v 200.08902525 6.14431499 -87.87980352
v 200.76440919 6.11882609 -87.94300125
v 201.50185782 6.10677831 -87.79332501
v 201.49846145 5.65313272 -87.88899402
v 201.53614525 5.3061069 -88.05076332
v 202.34968301 5.69360179 -87.44444806
v 202.29683077 6.12390933 -87.35962659
v 203.12369338 6.15031557 -86.63232043
v 202.23785518 6.68677615 -87.26450626
v 203.03683079 6.65856748 -86.57937216
v 203.92809002 6.63947353 -85.60153017
v 202.94405062 7.37168049 -86.53311787
v 203.84782265 7.30046164 -85.56465842
v 204.81500229 7.29842498 -84.3155567
v 203.77423553 8.2745705 -85.53144093
v 204.74486367 8.23193532 -84.28671773
v 205.69702026 8.25423155 -82.89418931
v 204.70156131 9.63068988 -84.26782096
v 205.64943541 9.59233393 -82.88186581
v 206.56748289 9.58707194 -81.43711339
v 205.62334261 11.27723349 -82.87277955
v 206.53792926 11.26318239 -81.43392552
v 207.46964179 11.23276475 -79.9515277
v 206.52731629 12.97952221 -81.41264196
v 207.45603024 12.9394818 -79.93295466
v 208.45965914 12.88568581 -78.45535785
v 207.41222035 14.50089873 -79.90109791
v 208.40298666 14.44317037 -78.44111943
v 209.4968704 14.4116641 -77.02137615
v 208.2740302 15.67494594 -78.37810276
v 209.35980709 15.68228874 -76.97864992
v 210.54210895 15.7010017 -75.60687283
v 209.16079568 16.53569888 -76.87808662
v 210.3125837 16.61076813 -75.5171406
v 211.46096987 16.63698438 -74.02464695
v 209.93602003 17.37120331 -75.31579453
v 211.03706961 17.45947054 -73.84771196
v 212.02721591 17.48513673 -72.14699719
v 210.47235578 18.06295937 -73.58350834
v 211.35012144 18.13337165 -71.91331702
v 209.7736266 18.3311684 -73.23285913
v 210.51118497 18.35341422 -71.64991997
v 209.05364815 18.33573142 -72.91417641
v 209.70198458 18.32153758 -71.42564428
v 210.05906439 18.27731206 -69.89213082
v 208.9667348 18.02377628 -71.27254972
v 209.29451612 17.94488405 -69.89393599
v 209.28183734 17.84707791 -68.64587404
v 209.97467226 18.17068646 -68.47951223
v 208.67313255 17.44307509 -69.90932117
v 208.71869001 17.3722321 -68.76195694
v 208.45204611 17.25372812 -67.72955628
v 208.23770302 16.7449673 -68.85502792
v 208.03110739 16.66953728 -67.88780301
v 207.52133356 16.53601506 -66.93770536
v 207.67769555 15.8465453 -68.0291063
v 207.22895214 15.78317782 -67.13898833
v 206.51257307 15.68502566 -66.24702404
v 207.03122054 14.63243642 -67.26913682
v 206.37098722 14.59898059 -66.42203864
v 205.49068937 14.52703851 -65.51587707
v 206.31403354 13.06507498 -66.50103855
v 205.46180788 13.05475847 -65.6191015
v 204.3591328 13.03587885 -64.701006
v 205.46886947 11.42807869 -65.64398993
v 204.35555125 11.43858784 -64.72774076
v 203.00692737 11.46053085 -64.01840409
v 204.35877616 9.89006552 -64.74023162
v 203.01386551 9.90915489 -64.04031041
v 201.5376267 9.92332125 -63.63515741
v 203.03617511 8.58403752 -64.06492724
v 201.58457234 8.55467729 -63.65856438
v 200.06784868 8.52556672 -63.51816369
v 201.61360884 7.52027102 -63.71716687
v 200.11328269 7.45689153 -63.58171258
v 198.58341798 7.42501283 -63.66845995
v 200.1534685 6.68576245 -63.67804002
v 198.63494241 6.70105812 -63.758055
v 197.12132706 6.76442903 -64.0686199
v 198.67732297 6.22506453 -63.84220982
v 197.17757842 6.28133475 -64.13957606
v 195.64957103 6.26825954 -64.63705657
v 197.23922612 5.87424934 -64.24201312
v 195.72602778 5.85596573 -64.75250025
v 194.04912601 5.81250666 -65.21924059
v 195.81565026 5.46498119 -64.88820693
v 194.09500445 5.40896748 -65.40469943
v 192.28828616 5.41532848 -65.47368032
v 194.12023581 5.12369053 -65.39889158
v 192.28959204 5.13339062 -65.48924382
v 190.65989105 5.17208229 -65.2351525
v 192.29884015 5.1129685 -65.14468504
v 190.69453513 5.10928476 -64.89288448
v 189.40749721 5.10588701 -64.74248397
v 190.71516575 5.10009117 -64.51169263
v 189.35458735 5.09692696 -64.37947011
v 188.15252454 5.09418901 -64.62389906
v 189.26809787 5.09428984 -64.02170993
v 187.9799132 5.09251449 -64.2922207
v 186.92010564 5.09126726 -64.93411006
v 187.81709042 5.09160093 -63.91345404
v 186.62608913 5.09021892 -64.61578124
v 185.74566372 5.08902622 -65.68144328
v 186.28991977 5.08950906 -64.23419434
v 185.239706 5.0882241 -65.32577634
v 184.47663645 5.08732151 -66.54938333
v 184.74091413 5.08761986 -64.87679425
v 183.72145974 5.08642921 -66.04882195
v 183.0221613 5.08561373 -67.16370667
v 183.11648328 5.08579548 -65.49292002
v 182.20947949 5.08474132 -66.65332654
v 181.75082405 5.08416245 -67.93798864
v 181.59919174 5.08441725 -66.27527043
v 181.06553083 5.0835613 -67.71769093
v 180.97912639 5.08348448 -68.97373354
v 181.64761608 5.0840678 -69.08182482
v 181.06012352 5.08379689 -69.93723286
v 181.7622916 5.08433769 -70.03582089
v 181.17541906 5.08450332 -70.73291087
v 181.94468603 5.08495187 -70.81106032
v 182.82599209 5.08608526 -70.75787063
v 182.09953365 5.08599952 -71.3709073
v 183.0365506 5.08786746 -71.22552727
v 184.06429291 5.08954815 -70.72463668
v 183.24058798 5.09365919 -71.67119255
v 184.34255662 5.09494552 -71.05249892
v 185.32034374 5.09422159 -70.05135421
v 184.62689155 5.11070963 -71.38408127
v 185.67516571 5.11216708 -70.29454312
v 186.3691611 5.10484965 -68.93704286
v 185.94873541 5.35161292 -70.47657542
v 186.64379251 5.32474511 -69.05239875
v 186.92565012 5.34693022 -67.70642091
v 186.526294 5.71259287 -69.01373006
v 186.77755135 5.72202891 -67.69041298
v 187.09320532 5.70692905 -66.5744638
v 186.67593458 6.13684977 -67.66613908
v 186.97208822 6.09137427 -66.52926299
v 187.5573147 6.09279194 -65.64159217
v 186.89212811 6.62799706 -66.49433634
v 187.45937687 6.68029136 -65.56907774
v 188.38720059 6.71703553 -64.99887704
v 187.37182842 7.45693062 -65.50098572
v 188.3231469 7.49900358 -64.896953
v 189.457617 7.50587828 -64.68181569
v 188.25016334 8.50204298 -64.88854712
v 189.39935196 8.52488 -64.68531631
v 190.70125654 8.50370173 -64.71982596
v 189.33221465 9.91830801 -64.7234857
v 190.62703569 9.94200768 -64.74461288
v 192.14058794 9.9701151 -64.84171396
v 190.59016943 11.61272651 -64.73839352
v 192.11894225 11.66562034 -64.80516594
v 193.74735108 11.72472521 -64.72765023
v 192.14082387 13.3642092 -64.75370187
v 193.78505408 13.45380322 -64.66854021
v 195.40009691 13.43829802 -64.29073925
v 193.83168148 14.85001093 -64.55395248
v 195.4704989 14.79568683 -64.15176514
v 197.07113046 14.68352052 -63.70410812
v 195.51604263 15.74949737 -63.98332655
v 197.12386474 15.6190111 -63.5422675
v 198.70121827 15.58446304 -63.24924411
v 197.14311541 16.19718593 -63.38368058
v 198.73282263 16.18448075 -63.09745817
v 200.31066998 16.18577325 -63.03078176
v 198.74712963 16.67006539 -62.89973343
v 200.36033984 16.69764787 -62.82680748
v 201.93166605 16.59988425 -62.9845165
v 200.4034337 17.11972785 -62.55311433
v 202.03695903 17.0145014 -62.73476255
v 203.53668437 16.89624227 -63.14048618
v 202.15363451 17.34653298 -62.40450802
v 203.69038249 17.21683579 -62.84361376
v 205.08212354 17.2042887 -63.47651288
v 203.86336969 17.37596728 -62.46019149
v 205.29355722 17.35733251 -63.10549643
v 206.63313737 17.52617644 -63.90341857
v 205.51694677 17.29417181 -62.72223877
v 206.91253687 17.4805984 -63.53638558
v 205.71672497 17.07341869 -62.38608861
v 207.1861875 17.25547705 -63.19635346
v 205.88207582 16.69156911 -62.12236235
v 207.41214628 16.89967774 -62.93565869
v 206.03128019 16.21582756 -61.89357921
v 207.61888457 16.40849204 -62.72342668
v 206.15648913 15.67773807 -61.65751224
v 207.81559835 15.82295315 -62.50334296
v 209.5379492 16.00321181 -63.52641594
v 208.03215539 14.94423072 -62.2676299
v 209.82968729 15.11303109 -63.35067159
v 211.72282236 15.30547472 -64.60945763
v 210.08842324 13.82110198 -63.24636076
v 211.96436522 13.97020999 -64.59064591
v 213.56019852 13.88726331 -66.20754878
v 212.01027109 12.34154533 -64.56117594
v 213.46702466 12.26948562 -66.1747428
v 214.08519566 12.31905792 -68.25343685
v 213.45870931 10.66225185 -66.1066206
v 214.12668598 10.70984747 -68.21835108
v 213.66207866 10.76786375 -70.32105566
v 214.12594662 9.11462218 -68.13457485
v 213.69004248 9.0945093 -70.27590424
v 212.89693095 9.13880237 -72.26654505
v 213.7495064 7.76696964 -70.29641963
v 212.9407285 7.75898848 -72.31834107
v 211.96784663 7.82451573 -74.15324814
v 212.99558894 6.95872345 -72.39123959
v 212.01661802 7.00682544 -74.23442634
v 210.84241341 7.09314517 -75.77726199
v 212.08607078 6.41353223 -74.31460592
v 210.89798577 6.45231066 -75.85893949
v 209.67167512 6.52190506 -77.24187687
v 210.94380111 6.05090417 -75.93464728
v 209.70731507 6.13134129 -77.30734617
v 208.61551085 6.18267162 -78.6473104
v 209.75816461 5.74807472 -77.38794824
v 208.67779776 5.79916088 -78.71160002
v 207.73890567 5.80099075 -80.11721462
v 208.7387692 5.42304096 -78.77577991
v 207.82412631 5.41944191 -80.17561135
v 206.98895658 5.3963446 -81.65201202
v 207.71153992 5.15390979 -80.11756578
v 206.88334125 5.16177281 -81.6011323
v 206.01668924 5.15223904 -83.08014472
v 206.5356769 5.12443571 -81.41923169
v 205.6683651 5.12311749 -82.86807182
v 204.740492 5.11965562 -84.21117455
v 205.31394367 5.11481895 -82.65500581
v 204.40021161 5.11338276 -83.96506113
v 203.49891827 5.1120059 -85.16101157
v 204.05756911 5.11091744 -83.71627012
v 203.18626013 5.10989037 -84.8974554
v 202.37359203 5.10933242 -85.86612335
v 202.73954686 5.10864485 -84.51135006
v 201.99115741 5.10789281 -85.45121745
v 202.11166547 5.10768053 -84.0118257
v 203.55515865 5.10945828 -83.36507772
v 202.84496877 5.10851111 -82.86005551
v 202.06799824 5.10766476 -82.30263372
v 201.38051576 5.10688871 -83.52222159
v 201.40866887 5.10721484 -81.86302594
v 200.68204034 5.10653412 -83.14987182
v 200.95704485 5.10750564 -81.57211775
v 200.15704319 5.10732457 -82.9195112
v 199.76227409 5.10690174 -84.16144158
v 199.67935107 5.10649331 -85.22365513
v 199.79074544 5.1096366 -82.75220017
v 199.34708287 5.10966301 -84.08436208
v 199.2580612 5.10923126 -85.22121896
v 198.94402585 5.11982263 -83.99274237
v 198.8618902 5.11816285 -85.22025876
v 198.56212894 5.16960463 -83.91549277
v 198.47596318 5.17341046 -85.2240008
v 198.4904101 5.42379643 -83.89292529
v 198.35588859 5.42610091 -85.19921114
v 198.50890633 5.42275701 -86.27342995
v 198.46074536 5.80247461 -85.16790856
v 198.56597798 5.77885776 -86.22485471
v 198.92520041 5.74222778 -87.05606019
v 198.66650012 6.20699627 -86.15828804
v 198.94678575 6.21347112 -86.99080488
v 199.46683648 6.18455533 -87.56645952
v 199.03658381 6.837153 -86.85606937
v 199.49977689 6.82718987 -87.44749327
v 200.11492326 6.80077541 -87.77601394
v 199.50015 7.64241828 -87.35339899
v 200.11133759 7.61776733 -87.69721156
v 200.7952975 7.58634644 -87.77023079
v 200.79118784 6.76417561 -87.87307662
v 201.49676601 7.54591663 -87.59296658
v 201.50423638 6.72363726 -87.69004023
v 202.18082468 7.46928979 -87.1770456
v 201.48288698 8.52623989 -87.51822996
v 202.1403947 8.4598776 -87.11817152
v 202.86076546 8.36769978 -86.50572743
v 202.10888911 9.72997821 -87.07736569
v 202.81375947 9.71316435 -86.48633136
v 203.73392352 9.67899342 -85.51117793
v 202.78619894 11.26976578 -86.45697113
v 203.71922695 11.28097605 -85.48902196
v 204.69086604 11.28127868 -84.24894065
v 203.71755071 12.93671213 -85.46140107
v 204.69133791 12.975399 -84.22732788
v 205.62523147 12.99363958 -82.85195141
v 204.67393631 14.59890549 -84.18876618
v 205.6086721 14.59900322 -82.81794381
v 206.50588733 14.56460366 -81.37747663
v 205.52239935 15.87006304 -82.75407668
v 206.41374088 15.82787555 -81.31697295
v 207.29659149 15.73330323 -79.83313209
v 206.21220003 16.65282428 -81.2037734
v 207.10997492 16.53271265 -79.7244592
v 208.08865914 16.48456608 -78.27201968
v 206.84403745 17.19828538 -79.56293681
v 207.82086437 17.15781974 -78.11314196
v 208.85002228 17.24997441 -76.69464968
v 207.49088556 17.70870187 -77.91583971
v 208.45417501 17.81075553 -76.4691175
v 209.46659661 17.97213183 -75.04573643
v 207.95047103 18.11057646 -76.18348767
v 208.87859652 18.26733213 -74.71104852
v 207.38867209 18.1217196 -75.87048386
v 208.23480733 18.30232188 -74.39200916
v 206.85973263 17.85812297 -75.58622026
v 207.62910386 18.01973589 -74.12141334
v 208.3661396 18.06776724 -72.67549222
v 207.11271149 17.48841239 -73.90322808
v 207.78525186 17.52478689 -72.50744594
v 208.3411579 17.49382998 -71.1729576
v 207.25596261 16.80726312 -72.35845007
v 207.80549428 16.79893475 -71.08306077
v 208.1516278 16.78519357 -69.90853655
v 207.37384658 15.89988176 -70.99817345
v 207.72895249 15.89470182 -69.90208399
v 207.84780763 15.8764038 -68.93244761
v 207.47273089 14.6532872 -69.93238247
v 207.60447743 14.63873809 -69.00372201
v 207.46005212 14.63701487 -68.12024864
v 207.5625221 13.06808659 -69.04364994
v 207.40965799 13.0722242 -68.13974897
v 206.96474989 13.06819993 -67.30481243
v 207.43900861 11.41140359 -68.14654171
v 206.97130121 11.414188 -67.31770108
v 206.31718711 11.41926773 -66.52016576
v 206.96657153 9.80335129 -67.32722354
v 206.31058367 9.826384 -66.52459367
v 205.46180376 9.86015601 -65.65092259
v 206.27020856 8.50448532 -66.51269814
v 205.42905402 8.54329993 -65.64689248
v 204.34917963 8.57729433 -64.7540887
v 205.36917447 7.51448923 -65.65446162
v 204.31815002 7.56067082 -64.78367389
v 203.04399115 7.56825607 -64.10898952
v 204.27028945 6.76356005 -64.83592532
v 203.03056753 6.74117501 -64.19936096
v 201.62829992 6.7137952 -63.80538197
v 203.01140739 6.22655524 -64.27125812
v 201.63826682 6.2171991 -63.89457099
v 200.17959422 6.2026253 -63.7628368
v 201.64592923 5.86557323 -63.99405338
v 200.20520142 5.8390432 -63.86658797
v 198.72014522 5.84775738 -63.94998561
v 200.2307181 5.49347895 -64.00584465
v 198.76217737 5.49022078 -64.09354125
v 197.30764735 5.50067018 -64.37345925
v 198.78896974 5.17330861 -64.15581444
v 197.3430349 5.17499753 -64.39786209
v 195.8624697 5.16353032 -64.89423151
v 197.28367797 5.11059818 -64.04723758
v 195.77901994 5.11026794 -64.52892414
v 194.09475206 5.11096614 -65.03574055
v 195.69580886 5.10568606 -64.13796567
v 194.05190786 5.10495699 -64.61095829
v 192.30699364 5.10450672 -64.72297542
v 194.00497868 5.10196185 -64.20804119
v 192.31969848 5.10029213 -64.32554244
v 190.73143431 5.09697086 -64.11294281
v 192.30822818 5.09782646 -63.87733949
v 190.73957682 5.09574523 -63.73104864
v 189.20254627 5.09326002 -63.6519582
v 190.73150289 5.09497741 -63.24723317
v 189.12941456 5.09283033 -63.22574112
v 187.62968648 5.0910735 -63.51133254
v 189.03380591 5.09269179 -62.74168148
v 187.43987929 5.09082728 -63.04843301
v 185.97790908 5.08907663 -63.7992888
v 187.25957536 5.0908674 -62.56120746
v 185.67395311 5.08877039 -63.33342088
v 184.32226619 5.08714353 -64.40033118
v 185.44692028 5.08866923 -62.96278576
v 183.97042908 5.08681569 -63.93354146
v 182.63487354 5.08547416 -64.98565369
v 183.74722333 5.08666652 -63.6099672
v 182.34537272 5.08551702 -64.67459223
v 181.17708706 5.0848802 -65.99056788
v 182.06402264 5.08553485 -64.37642765
v 180.85133177 5.08619431 -65.80349864
v 180.27269227 5.08540694 -67.43765222
v 180.6433027 5.08380238 -67.57380882
v 180.15098259 5.08480373 -68.81559655
v 180.54000146 5.08351157 -68.89175975
v 180.15824172 5.08544466 -69.85543465
v 180.58808836 5.08380066 -69.87220251
v 180.21598002 5.08734038 -70.66958145
v 180.67405659 5.08489426 -70.68303525
v 180.29438186 5.096547 -71.32041715
v 180.75527319 5.0885468 -71.31813461
v 181.30107928 5.08539185 -71.34385704
v 180.82156552 5.09657169 -71.83468473
v 181.38557703 5.08762466 -71.83983141
v 182.21359189 5.08875187 -71.86030291
v 182.30613065 5.1072577 -72.33114742
v 183.44675426 5.10929024 -72.08401893
v 182.38173419 5.3413638 -72.63357804
v 183.60020547 5.30470535 -72.36488617
v 184.84695333 5.30066222 -71.62422497
v 183.62723378 5.68591606 -72.30325219
v 184.83872302 5.69042764 -71.58651373
v 185.8842126 5.69866 -70.4340522
v 184.80691291 6.10125612 -71.52428169
v 185.81279554 6.10388776 -70.37563902
v 186.42996931 6.14556977 -68.97114374
v 185.77313921 6.64555949 -70.32867692
v 186.35125471 6.62566925 -68.92813768
v 186.58365645 6.61520237 -67.6292783
v 186.26332493 7.43198287 -68.88167214
v 186.48741132 7.40489969 -67.58980304
v 186.76537051 7.41621979 -66.4447186
v 186.43012568 8.45197154 -67.56409432
v 186.69315785 8.44518137 -66.42152561
v 187.29142936 8.46213339 -65.47489018
v 186.69454329 9.83773552 -66.42183837
v 187.26784955 9.85707273 -65.49338366
v 188.19192025 9.88843712 -64.91929278
v 187.25737787 11.48869623 -65.47587507
v 188.17796715 11.53988261 -64.92523231
v 189.30565822 11.57687412 -64.73623718
v 188.18302604 13.13661739 -64.91381963
v 189.30941398 13.19989348 -64.71267931
v 190.5992694 13.27093692 -64.69513231
v 189.29424553 14.44934584 -64.64741303
v 190.59748068 14.57296255 -64.62116112
v 192.1625793 14.7522305 -64.67750575
v 190.5982461 15.53753353 -64.51221389
v 192.16674932 15.71485981 -64.5504985
v 193.85500889 15.81576021 -64.38635613
v 192.15861778 16.35748201 -64.40328037
v 193.86390036 16.45149947 -64.20851854
v 195.5376554 16.3331114 -63.81781247
v 193.85751913 16.9715653 -64.0027336
v 195.55071415 16.86063937 -63.60468335
v 197.15357887 16.68595604 -63.18381597
v 195.54899676 17.30434926 -63.33337424
v 197.14719764 17.12076967 -62.90979086
v 198.74301174 17.09574476 -62.61271268
v 197.10430406 17.44443378 -62.55138322
v 198.71831261 17.43702034 -62.255578
v 200.45063721 17.45690886 -62.19323073
v 198.69001409 17.6272507 -61.81405256
v 200.51052637 17.69594353 -61.77158969
v 202.28186259 17.53012492 -62.00860314
v 200.55691783 17.72669467 -61.2990031
v 202.40789044 17.49594037 -61.56063612
v 204.04083142 17.32310886 -62.04146673
v 202.50855524 17.26957487 -61.15908525
v 204.18952003 17.07973545 -61.68475454
v 202.56720711 16.90091228 -60.83663305
v 204.30088285 16.68571942 -61.40248267
v 202.59066895 16.43005885 -60.58951005
v 204.38185529 16.22188644 -61.15062724
v 202.59325052 15.86964604 -60.40659986
v 204.44486784 15.70902693 -60.91161658
v 202.58360461 15.06060099 -60.21676249
v 204.47672048 14.90486759 -60.67308601
v 206.27480244 14.84700481 -61.38970101
v 204.45202546 13.68955743 -60.50577498
v 206.35195465 13.56927708 -61.20766871
v 208.22363058 13.62791214 -62.12487534
v 206.381939 12.03719328 -61.13905544
v 208.31905817 12.1164924 -62.09271132
v 210.21067475 12.25932052 -63.22379328
v 208.34974622 10.5258413 -62.08399818
v 210.22143313 10.60586623 -63.19334391
v 211.98332234 10.63026734 -64.46972359
v 210.19457903 8.95572045 -63.14150125
v 211.99345247 9.03149529 -64.40899495
v 213.49247412 9.11143731 -66.03828716
v 212.0423089 7.7652754 -64.32920767
v 213.60860915 7.84516093 -65.9554437
v 214.22720401 7.830154 -68.11010343
v 213.73698126 6.856892 -65.87789507
v 214.34712635 6.88946204 -68.12679996
v 213.818977 6.9211319 -70.35113467
v 214.48598935 6.27273477 -68.15128236
v 213.88376729 6.35510807 -70.43845267
v 213.05241779 6.39602536 -72.48475226
v 213.95020502 5.94045628 -70.52362531
v 213.11784868 5.98572019 -72.56575488
v 212.14789406 6.00600102 -74.3922396
v 213.20816662 5.57464549 -72.65554745
v 212.23620518 5.60430543 -74.49048744
v 211.00835272 5.66961218 -76.02823677
v 212.29646332 5.21088987 -74.5810427
v 211.08049405 5.31691466 -76.13832527
v 209.80753132 5.3747771 -77.47060241
v 210.85872861 5.12289767 -76.01128784
v 209.66914842 5.14344839 -77.38619245
v 208.62610187 5.15733051 -78.71187985
v 209.36123093 5.12593603 -77.15018035
v 208.31390052 5.12344945 -78.50334599
v 207.38544719 5.12293197 -79.93617545
v 207.98686404 5.11760182 -78.28292757
v 207.0409227 5.11716081 -79.74545195
v 206.18200169 5.11595233 -81.2332269
v 206.69093466 5.11434262 -79.55109066
v 205.81288917 5.11291501 -81.04130178
v 204.93991218 5.11197024 -82.43966274
v 205.34915015 5.11166812 -80.79690575
v 204.4345347 5.11048055 -82.14744867
v 204.72869524 5.11070894 -80.4293131
v 203.73537754 5.10952927 -81.69610448
v 204.12372838 5.10998742 -79.99023755
v 203.03676495 5.10874087 -81.16015829
v 203.60742106 5.10948606 -79.54570805
v 202.4446497 5.10818978 -80.66215927
v 203.28434336 5.10942261 -79.24821561
v 202.02966424 5.10811846 -80.30722482
v 202.98265073 5.1098331 -78.95604543
v 201.69834801 5.10822133 -80.02905164
v 200.5861107 5.10862908 -81.34429754
v 201.38413435 5.10843807 -79.75866433
v 200.22026836 5.11155666 -81.11679009
v 199.40382256 5.11648867 -82.579095
v 199.86535037 5.12885744 -80.88943079
v 199.0366085 5.1433438 -82.42758066
v 199.76541532 5.39813881 -80.83958809
v 198.96729291 5.4098591 -82.40642879
v 199.87056838 5.8090273 -80.9340061
v 199.0861165 5.81642874 -82.46292705
v 198.60850394 5.81824283 -83.90517198
v 199.18632864 6.2350249 -82.51041589
v 198.7177502 6.22519381 -83.91692485
v 198.57323162 6.21088235 -85.13986518
v 198.83075223 6.77322757 -83.95643029
v 198.69310869 6.79788006 -85.10965449
v 198.75784823 6.82805851 -86.0424932
v 198.79050057 7.58929203 -85.07099952
v 198.84002229 7.63015084 -85.95172945
v 199.06872039 7.64276138 -86.74547608
v 198.87320412 8.56533056 -85.89203783
v 199.0588166 8.58064989 -86.67057486
v 199.48285813 8.57642089 -87.27387234
v 200.08119274 8.57524241 -87.64719877
v 199.05832552 9.73168325 -86.62015055
v 199.45528663 9.72934927 -87.2344492
v 200.04815357 9.73279786 -87.62256822
v 200.75676049 9.73783879 -87.70180956
v 200.78143493 8.55850472 -87.71588886
v 199.41858772 11.18218629 -87.22823258
v 200.00372641 11.18761186 -87.6027332
v 200.69897281 11.20873116 -87.66562916
v 199.95736787 12.84584927 -87.6221183
v 200.63652403 12.85461026 -87.67270721
v 201.32094484 12.8669341 -87.43805586
v 201.39289687 11.23280076 -87.43339203
v 201.45294514 9.73878617 -87.47175071
v 202.0614771 11.25365411 -87.03284525
v 202.01441349 12.88369991 -87.0278961
v 202.77359286 12.90705699 -86.43057382
v 202.03207572 14.44322387 -87.01578658
v 202.81437126 14.47616599 -86.37128822
v 203.72156161 14.54742942 -85.40766819
v 202.82901845 15.78546241 -86.25625605
v 203.6815212 15.83290392 -85.3147865
v 204.59279103 15.86504222 -84.11069904
v 203.48817772 16.80456839 -85.11529499
v 204.38232579 16.78880256 -83.95534389
v 205.31364601 16.74566756 -82.62712155
v 204.0091914 17.55780274 -83.69032822
v 204.96175128 17.47063357 -82.40665923
v 205.90505756 17.33964697 -81.02251475
v 204.5059353 18.03313139 -82.10575396
v 205.51239405 17.90784221 -80.77308177
v 206.50888864 17.75962342 -79.35371709
v 204.98903885 18.18680688 -80.41232027
v 206.04800417 18.06123787 -79.0527789
v 207.02414797 18.00369915 -77.63286552
v 205.5164461 18.03684051 -78.69655503
v 206.50114942 18.01385397 -77.31124184
v 205.0438403 17.75173056 -78.37564465
v 206.03276439 17.72927967 -77.02479995
v 204.64040058 17.27987167 -78.09555106
v 205.62573077 17.25181526 -76.78457943
v 206.42578456 17.34518733 -75.35949194
v 205.2761323 16.66135293 -76.5887312
v 206.01192802 16.70965039 -75.16717177
v 206.6249249 16.78779503 -73.72271564
v 205.66032272 15.8683604 -75.0327545
v 206.21568282 15.8946154 -73.59817473
v 206.82490612 15.89992429 -72.24059766
v 205.9979365 14.73051691 -73.54426627
v 206.57732633 14.71895814 -72.18403354
v 207.1187347 14.68265943 -70.95890395
v 206.50480779 13.04626738 -72.17079922
v 207.02520145 13.04677371 -70.97744956
v 207.40659494 13.05678999 -69.98661466
v 206.99553808 11.36292875 -70.99599517
v 207.38994367 11.38171441 -70.00771715
v 207.58809639 11.4003839 -69.068275
v 207.38166262 9.7547196 -70.0275851
v 207.58548601 9.76849143 -69.07925422
v 207.43774526 9.78582748 -68.15692561
v 207.55437685 8.44200602 -69.0893528
v 207.41108457 8.45142406 -68.15419315
v 206.92913601 8.47543013 -67.31722372
v 207.3544313 7.48693796 -68.15676374
v 206.8590454 7.49076813 -67.31832384
v 206.19634436 7.49705574 -66.51560892
v 206.7732747 6.71007922 -67.34554967
v 206.10386733 6.7281461 -66.53979229
v 205.28316921 6.75379926 -65.68873807
v 206.01474552 6.20419283 -66.58306995
v 205.21065066 6.25637568 -65.73515971
v 204.22438495 6.24849825 -64.90028078
v 205.13701142 5.85605146 -65.78928217
v 204.17515678 5.88025849 -64.96901751
v 202.9905573 5.87518623 -64.35218941
v 204.13618494 5.52706064 -65.00959837
v 202.97126548 5.53874595 -64.42331567
v 201.65715261 5.52401028 -64.08702011
v 202.99307303 5.21975185 -64.39687994
v 201.68014259 5.21551976 -64.10115153
v 200.25518678 5.18859022 -64.0666556
v 201.73308537 5.1179252 -63.79604332
v 200.26862412 5.11458336 -63.72239585
v 198.7695572 5.1116009 -63.79867702
v 200.27976795 5.10915307 -63.32376674
v 198.74613102 5.10731394 -63.40111236
v 197.21883692 5.10592988 -63.66444905
v 198.71829066 5.10537056 -63.01366548
v 197.15139784 5.10358767 -63.27660986
v 195.61961822 5.10290902 -63.74325692
v 197.09769513 5.10263467 -62.86161617
v 195.52903828 5.10114842 -63.28351234
v 193.94318833 5.09987615 -63.72425864
v 195.42045593 5.10020811 -62.69296634
v 193.86389762 5.09862583 -63.11558678
v 192.29113659 5.0967531 -63.29882618
v 193.75918351 5.09813373 -62.41839254
v 192.24466557 5.09638479 -62.64829775
v 190.6848947 5.09462145 -62.6884479
v 192.15934205 5.09629734 -61.99943459
v 190.60172752 5.09461116 -62.12864207
v 188.9224033 5.09280907 -62.23244262
v 190.50951249 5.09501547 -61.66356974
v 188.82118433 5.09331043 -61.80467001
v 187.08925203 5.09109134 -62.17528318
v 188.73907062 5.09461459 -61.45420187
v 186.94096671 5.09147919 -61.83786556
v 185.25812267 5.08874707 -62.62289082
v 186.80548225 5.09218802 -61.49670863
v 185.08316569 5.08935714 -62.28564603
v 183.53605028 5.08658593 -63.29287293
v 184.89521581 5.09378573 -61.94257693
v 183.29999978 5.08620665 -62.94487937
v 181.78240371 5.08585926 -64.08308602
v 183.10433536 5.14246933 -62.65992991
v 181.55519255 5.08536682 -63.82809486
v 180.2133134 5.10614318 -65.40250743
v 180.50792523 5.09048572 -65.60398793
v 179.56688366 5.12634171 -67.20384036
v 179.90086925 5.09160573 -67.31694389
v 179.42654606 5.218852 -68.70200469
v 179.7296351 5.09328848 -68.74302999
v 179.47673443 5.23722135 -69.81423377
v 179.700851 5.09850478 -69.83680674
v 179.65331827 5.25088742 -70.70214052
v 179.75458938 5.11375141 -70.69250558
v 179.91168935 5.12407152 -71.40881606
v 179.65337863 5.51857108 -69.78464858
v 179.8707683 5.54398762 -70.67571577
v 179.77068784 5.87635356 -69.76033627
v 179.96454434 5.88621243 -70.67644552
v 179.86172045 6.26437073 -69.74813897
v 180.04007655 6.31513248 -70.67000943
v 180.40761982 6.31923734 -71.4687107
v 180.15718275 6.89884458 -70.64345848
v 180.51171666 6.94349602 -71.41393531
v 181.05439798 6.95469266 -72.03180591
v 180.99478042 6.29834335 -72.08368972
v 181.65744306 6.25738766 -72.42513745
v 181.7810512 6.92533381 -72.36460085
v 182.66169609 6.86326362 -72.39488287
v 182.56406826 6.21437611 -72.51864464
v 181.13935388 7.74979369 -71.99044042
v 181.89317532 7.74533201 -72.308344
v 182.76428129 7.69427843 -72.28056948
v 183.71577261 7.61053718 -71.95992795
v 183.66572964 6.77646345 -72.09357157
v 181.98932992 8.67523559 -72.2470118
v 182.85313013 8.64708042 -72.20429654
v 183.77287443 8.59250547 -71.87498028
v 184.7614021 8.53776265 -71.28941635
v 184.74896611 7.51638357 -71.3560324
v 182.91511801 9.90721618 -72.17851924
v 183.81117002 9.90068415 -71.82599353
v 184.77363781 9.89435094 -71.24910434
v 185.6908362 9.87991208 -70.2733309
v 185.69489649 8.50080792 -70.27797279
v 183.82209437 11.48804406 -71.79088307
v 184.77485041 11.48234278 -71.22117619
v 185.65312497 11.45744938 -70.20171082
v 186.14171126 11.40345766 -68.82055119
v 186.15907445 9.85407871 -68.8684872
v 184.77461447 13.06957902 -71.06173881
v 185.66744843 12.98597528 -70.05827863
v 186.16068759 12.91550522 -68.69147813
v 186.40773926 12.92310505 -67.43195136
v 186.41153343 11.39983865 -67.52099773
v 185.66663912 14.38651367 -69.82611832
v 186.15491267 14.30810463 -68.50898494
v 186.3858302 14.2862134 -67.30518279
v 186.67248334 14.29820529 -66.28089996
v 186.68487268 12.98449486 -66.34139267
v 186.08121307 15.56034861 -68.34183302
v 186.29754103 15.49363619 -67.17676816
v 186.59127771 15.41644866 -66.18473713
v 187.1982267 15.35745318 -65.36340527
v 187.25042601 14.32719687 -65.42858376
v 186.11266653 16.50338054 -67.06905547
v 186.45688239 16.34383686 -66.05800971
v 187.10118323 16.21906825 -65.24242809
v 188.03652395 16.13224989 -64.67442488
v 188.10549386 15.34618968 -64.79774496
v 186.23500446 17.04859817 -65.89044902
v 186.98429101 16.8705315 -65.08875466
v 187.96633869 16.71529569 -64.52229052
v 189.17173477 16.62975681 -64.24781
v 189.21202483 16.10680249 -64.40293196
v 186.8403266 17.31537787 -64.8678726
v 187.89652928 17.14051348 -64.33128171
v 189.12237217 17.05191703 -64.0426725
v 190.5261761 17.13912941 -63.98576546
v 190.56485851 16.68952936 -64.22157454
v 187.75895158 17.40432135 -63.99094507
v 189.04484548 17.32880354 -63.70247852
v 190.46697829 17.48005383 -63.63603531
v 192.04906425 17.7042918 -63.59107043
v 192.09896456 17.33545637 -63.95835856
v 188.95909124 17.40398871 -63.27804193
v 190.42749754 17.571428 -63.18720411
v 192.02001129 17.79777909 -63.12768257
v 193.74609733 17.9149772 -62.90066894
v 193.80545151 17.83305965 -63.37972181
v 190.40670781 17.43603201 -62.72938267
v 192.00314466 17.61486204 -62.63067119
v 193.67467204 17.70876291 -62.39394032
v 195.33071547 17.59601122 -62.0080764
v 195.44092194 17.77197504 -62.49569975
v 191.97699151 17.383736 -62.13726194
v 193.60658002 17.46211864 -61.8793984
v 195.23707935 17.38730109 -61.49775388
v 196.88250569 17.33920459 -61.12830393
v 196.94471305 17.51213143 -61.6054748
v 193.53947015 17.09648685 -61.35347946
v 195.16481182 17.05363991 -60.98722286
v 196.85486012 17.01651234 -60.69403487
v 198.68172892 17.07361005 -60.55919786
v 198.65870054 17.46286691 -60.88657452
v 195.150952 16.48987188 -60.64094394
v 196.87931782 16.47908333 -60.40654773
v 198.72300937 16.56748155 -60.33269176
v 200.65921772 16.5856664 -60.38599393
v 200.6379808 17.09252122 -60.59555384
v 196.9154022 15.84693178 -60.20382995
v 198.75794699 15.96560757 -60.14896676
v 200.66362093 15.99732063 -60.21373648
v 198.78801777 15.1344892 -59.94134372
v 200.66594461 15.1680143 -60.00701603
v 198.81726551 13.93077073 -59.73163018
v 200.66297622 13.96471215 -59.81094833
v 202.54524318 13.85631772 -60.05104265
v 200.63764335 12.37011905 -59.7233066
v 202.47453118 12.26510196 -59.97303586
v 204.40550506 12.11021782 -60.42230327
v 202.44441926 10.53900989 -59.94958774
v 204.40053807 10.48159033 -60.40669039
v 206.40225001 10.46402866 -61.12166756
v 204.46291003 8.87012224 -60.40432555
v 206.43107252 8.88232075 -61.10152527
v 208.33937192 8.90344502 -62.04342554
v 206.4619869 7.73529825 -61.04316696
v 208.34963922 7.75537503 -61.9698302
v 210.20570639 7.75696091 -63.05971401
v 208.36946053 6.98246992 -61.88383727
v 210.22768267 6.9289157 -62.96520821
v 212.09162075 6.85130843 -64.22926713
v 210.2453833 6.35838888 -62.86469155
v 212.11652427 6.29856522 -64.12058327
v 213.83996838 6.19751222 -65.77495596
v 212.13637301 5.87551064 -64.0108185
v 213.90064627 5.82615318 -65.71640011
v 214.61247946 5.87078336 -68.20041177
v 214.00053194 5.40486845 -65.6216282
v 214.71948708 5.42864819 -68.2473821
v 214.04135285 5.52992684 -70.61506943
v 214.61447805 5.13536555 -68.28797119
v 214.04533358 5.17650642 -70.68851114
v 213.23321691 5.19814491 -72.71884944
v 213.64984569 5.12093749 -70.61149748
v 212.89159086 5.12005548 -72.61727107
v 211.98404386 5.11934801 -74.43569559
v 212.49285475 5.11970397 -72.48666169
v 211.61112758 5.11950473 -74.24548786
v 210.51107386 5.12277182 -75.77747598
v 211.23463386 5.11910693 -74.06235819
v 210.17670144 5.12002187 -75.55104395
v 209.04833823 5.11901091 -76.91205033
v 209.84187225 5.1176584 -75.31977251
v 208.73677061 5.1165065 -76.67376118
v 207.66081658 5.11520954 -78.05726919
v 208.30417367 5.11498664 -76.34087296
v 207.27248631 5.11394619 -77.79367462
v 206.28737422 5.11289031 -79.31790431
v 206.75242186 5.11304738 -77.45668771
v 205.74854468 5.11193217 -78.99208866
v 206.22734241 5.11238964 -77.14626821
v 205.2219344 5.11125557 -78.64699765
v 205.75205079 5.11187867 -76.88630595
v 204.76110342 5.11077821 -78.31389545
v 205.40143725 5.11157758 -76.70999096
v 204.46649707 5.11058137 -78.09991312
v 205.07228971 5.11149151 -76.55264957
v 204.15706796 5.11079399 -77.87259771
v 204.73842071 5.11172813 -76.3891958
v 203.85021492 5.1121345 -77.64264312
v 202.68595388 5.11059337 -78.667952
v 203.57081268 5.13223221 -77.42792556
v 202.41350625 5.119407 -78.39017387
v 201.07106469 5.1084583 -79.48937987
v 202.34655824 5.44140996 -78.37131002
v 200.98030917 5.40343398 -79.44660426
v 202.3939538 5.83322781 -78.49281669
v 201.05114736 5.81114317 -79.56727692
v 202.43275966 6.24347879 -78.58470525
v 201.11197477 6.23117209 -79.66945885
v 199.95931846 6.2104386 -81.01283043
v 201.1701383 6.67068968 -79.75976719
v 200.0371963 6.69451297 -81.0930155
v 199.28480967 6.72302959 -82.56220094
v 200.11038562 7.37035026 -81.16250667
v 199.36690418 7.4382938 -82.60329208
v 198.92385064 7.51954401 -83.96140688
v 199.42355608 8.42248461 -82.6423915
v 198.97990722 8.49520411 -83.98346957
v 198.84486445 8.54039429 -85.03410034
v 199.00911107 9.75834844 -83.99516208
v 198.86831806 9.7491344 -85.02342289
v 198.88810919 9.73853845 -85.86125101
v 198.88193372 11.24300298 -85.0384624
v 198.89731341 11.21729453 -85.86513023
v 199.04466597 11.19451014 -86.61314931
v 198.90788386 12.85417165 -85.90256712
v 199.04420781 12.84384125 -86.64568095
v 199.39729593 12.84238432 -87.2467343
v 199.08383122 14.47178473 -86.63443287
v 199.41370715 14.51039821 -87.22808993
v 199.9566875 14.52346176 -87.5979267
v 200.61920474 14.50636674 -87.6786056
v 199.57367127 15.99912204 -86.96988345
v 200.08956022 15.99897012 -87.2954083
v 199.94920067 17.07902353 -86.48081706
v 200.43614091 17.03051002 -86.7693659
v 200.53394431 17.7880303 -85.82394032
v 201.03150164 17.67978059 -86.13004714
v 201.22958028 18.19540754 -85.01036964
v 201.76435776 18.01693485 -85.38983587
v 202.26016752 17.51435567 -85.72066651
v 202.6061913 18.10218018 -84.43385904
v 203.10109024 17.57172292 -84.80230764
v 202.65205602 16.78440141 -86.03726422
v 203.51905507 18.10906483 -83.32940759
v 202.02857235 18.34199399 -84.00604803
v 202.91586184 18.35277568 -82.8826614
v 203.91666637 18.30003249 -81.68629396
v 202.29659757 18.361888 -82.41240398
v 203.31167893 18.29266294 -81.22341638
v 204.42503693 18.15659344 -80.00134845
v 202.73655926 18.03328914 -80.77172652
v 203.89966531 17.89197008 -79.59926536
v 202.24086472 17.51134338 -80.38313563
v 203.47226032 17.40389063 -79.2602099
v 201.83672954 16.80318158 -80.07860354
v 203.12224485 16.74198724 -78.99739995
v 204.31198416 16.67717362 -77.88010375
v 202.86601914 15.87836399 -78.83954279
v 204.05025374 15.85764352 -77.73065246
v 204.978216 15.85460379 -76.44326339
v 203.86416802 14.67586429 -77.65975666
v 204.78081499 14.68987637 -76.37292175
v 205.44560653 14.71449183 -74.96842099
v 204.71900406 13.04540697 -76.38762656
v 205.358615 13.05030863 -74.9547532
v 205.92593509 13.0496953 -73.52913349
v 205.33228352 11.35484265 -74.95369424
v 205.91402859 11.34704418 -73.51786895
v 206.48782045 11.35166078 -72.16067595
v 205.89039391 9.71908553 -73.51325998
v 206.46123109 9.72694766 -72.1652081
v 206.97615435 9.74414534 -71.01140229
v 206.41948975 8.41936498 -72.16281583
v 206.94073251 8.43108716 -71.0258108
v 207.3473505 8.43798723 -70.04828156
v 206.8792165 7.47153941 -71.02387394
v 207.28592914 7.49076162 -70.04458341
v 207.48846997 7.49475606 -69.09441169
v 207.20325851 6.71929647 -70.01914081
v 207.38372019 6.71145882 -69.0934076
v 207.2503372 6.70267297 -68.18997301
v 207.25683228 6.12583351 -69.08950095
v 207.09726459 6.115404 -68.22715476
v 206.6614935 6.140527 -67.40286823
v 206.97968103 5.71218444 -68.27863803
v 206.53754243 5.73646863 -67.48311366
v 205.91767736 5.79555533 -66.64886297
v 206.46535858 5.34801559 -67.55693122
v 205.82084925 5.38981798 -66.7221099
v 205.06178373 5.47304998 -65.8338465
v 205.93741362 5.11392013 -66.62880847
v 205.09998741 5.14946474 -65.7807446
v 204.15682105 5.20202995 -64.97071844
v 205.37619355 5.11553876 -65.50652471
v 204.34164204 5.11797115 -64.69803761
v 203.10814635 5.11891764 -64.09777162
v 204.55662161 5.11313997 -64.37770883
v 203.24401215 5.11258408 -63.74615947
v 201.79735029 5.111414 -63.41015197
v 203.39282969 5.11054468 -63.39076413
v 201.85997465 5.10902139 -63.0262304
v 200.28928766 5.10746517 -62.94298092
v 201.92831358 5.10810337 -62.65775162
v 200.30680174 5.10633385 -62.53775933
v 198.69133643 5.10440933 -62.62467679
v 200.33398368 5.10583523 -61.99648539
v 198.65581994 5.10385516 -62.04272322
v 197.02286249 5.10202323 -62.28232921
v 198.63586146 5.1037173 -61.40482007
v 196.9426006 5.10175986 -61.62227558
v 195.3062221 5.09987204 -62.00714089
v 196.88582251 5.10166316 -60.96651817
v 195.20966696 5.09973658 -61.31923043
v 193.64560262 5.09798318 -61.71880055
v 195.14342676 5.09972938 -60.76897998
v 193.55531622 5.09812413 -61.15971075
v 192.06472103 5.09656894 -61.4648464
v 193.49182768 5.09877089 -60.76657125
v 191.98799817 5.09743072 -61.08948709
v 190.43270732 5.09622739 -61.30424306
v 191.91125885 5.09993376 -60.71439937
v 190.36458238 5.09865772 -60.93883692
v 188.64536316 5.09661215 -61.08778616
v 190.29478669 5.10464424 -60.56522244
v 188.55995185 5.10083464 -60.73470627
v 186.66663434 5.09187081 -61.12458383
v 188.49154433 5.22249117 -60.48498524
v 186.55509182 5.18793728 -60.84492645
v 184.74733926 5.12999802 -61.68728673
v 186.57621351 5.49434896 -60.96647427
v 184.76070801 5.491122 -61.72680588
v 183.11689205 5.49233974 -62.70553126
v 184.82193321 5.87853527 -61.85007658
v 183.16939314 5.88235928 -62.80910959
v 181.58717001 5.79544765 -63.91406583
v 181.50990121 5.3982338 -63.79522852
v 180.3621721 5.73319811 -65.46691502
v 180.18717945 5.38112609 -65.37440095
v 179.81339762 5.79069533 -67.18908617
v 179.63836107 5.40868217 -67.18089977
v 179.70685363 5.85302957 -68.65818657
v 179.5676189 5.48915976 -68.67059786
v 179.91872351 6.16025468 -67.19763471
v 179.81078038 6.23274065 -68.64066426
v 180.01271354 6.64091554 -67.22386194
v 179.91453703 6.73603381 -68.63685637
v 179.96964164 6.83000052 -69.73721461
v 180.00925133 7.49935337 -68.64722655
v 180.06943677 7.6024077 -69.7296153
v 180.23041048 7.67966604 -70.62666318
v 180.12952345 8.57739172 -69.74209244
v 180.29144638 8.62005674 -70.61773605
v 180.63915463 8.65381778 -71.38264371
v 180.5725715 7.73023541 -71.40314813
v 181.21719057 8.6705282 -71.9622873
v 180.67903318 9.89801286 -71.41424806
v 181.27984511 9.90483467 -71.96978236
v 182.05566615 9.90974078 -72.23562107
v 181.32966037 11.53681176 -72.01693101
v 182.11323984 11.53282315 -72.2285046
v 182.95244242 11.51024015 -72.13313737
v 182.22118846 13.29386448 -72.03817067
v 183.02959051 13.23285875 -71.97061088
v 183.86958595 13.1528724 -71.64959624
v 183.16470461 14.82151797 -71.57312029
v 183.93690432 14.67490134 -71.29515013
v 184.78204918 14.51477604 -70.74709442
v 183.39324359 16.16702257 -71.06369213
v 182.41544275 14.93318086 -71.63512189
v 182.69731957 16.3379275 -71.07829268
v 183.11195936 17.44479728 -70.21895604
v 183.7731186 17.21779257 -70.34416086
v 184.30787962 17.79376339 -69.18778171
v 183.66538122 18.05128401 -68.9828774
v 184.20870725 18.15604956 -67.6755079
v 184.79808454 17.86079645 -67.91232108
v 182.47822897 17.50135934 -69.96581944
v 183.03742302 18.13351088 -68.73095888
v 183.61518188 18.29983016 -67.41011089
v 184.27693369 18.27485463 -66.0804263
v 184.80004061 18.07441184 -66.40368507
v 182.4368141 18.06077971 -68.45318899
v 183.03774125 18.22963324 -67.11832479
v 183.78542564 18.21223919 -65.75518678
v 184.83760096 17.98881671 -64.55038876
v 185.20018959 18.03263277 -64.93526779
v 182.52770954 17.97962964 -66.80287658
v 183.34045993 17.99070145 -65.42831491
v 184.48302865 17.76214601 -64.21094648
v 185.80799727 17.3912969 -63.33244696
v 186.08175627 17.60524836 -63.70707378
v 182.94444531 17.54880428 -65.11903119
v 184.15191817 17.32614516 -63.92996403
v 185.53889388 17.03415467 -63.01442541
v 187.07072288 16.84178169 -62.39109538
v 187.24547137 17.16909868 -62.74973895
v 183.86911133 16.72670837 -63.68403991
v 185.32233548 16.50219127 -62.76653699
v 186.9267667 16.33556952 -62.14157736
v 188.60076591 16.32844277 -61.74853662
v 188.67927474 16.83509937 -62.02355211
v 185.15396822 15.79419613 -62.56826631
v 186.81938048 15.68469884 -61.97147626
v 188.53410596 15.67490856 -61.58186206
v 190.22014336 15.75130529 -61.31112908
v 190.26392855 16.41863108 -61.5067688
v 186.73785387 14.7844703 -61.84355818
v 188.47381627 14.82162462 -61.45996857
v 190.17557902 14.89512566 -61.17337031
v 191.83947142 14.964873 -60.87411384
v 191.86532005 15.82575625 -61.03422885
v 188.41589141 13.49038999 -61.35240952
v 190.12442222 13.53508738 -61.0497704
v 191.81175177 13.58279329 -60.72502744
v 193.49264248 13.62954722 -60.36400805
v 193.48849441 15.00632148 -60.54084703
v 190.09401126 11.93349407 -60.98752738
v 191.80473132 12.0098013 -60.65395605
v 193.51063941 12.07534295 -60.28735652
v 195.24512858 12.14612199 -59.9368582
v 195.2087918 13.69396167 -60.02191562
v 191.8130741 10.34873649 -60.6209498
v 193.52359116 10.40525606 -60.25518976
v 195.26324896 10.44872658 -59.91095471
v 197.04694984 10.50314949 -59.68454737
v 197.0299625 12.24021096 -59.70618209
v 193.51412631 8.87912842 -60.22371435
v 195.23635782 8.85200015 -59.89166562
v 197.00849788 8.85049092 -59.65856157
v 198.81846165 8.85527255 -59.59516082
v 198.84058469 10.5658266 -59.61882294
v 195.19519809 7.74046276 -59.83163107
v 196.96576341 7.69505379 -59.59218968
v 198.79828644 7.69687303 -59.52123078
v 200.66673198 7.71751788 -59.61243897
v 200.64854302 8.86021108 -59.68250626
v 196.92344595 6.90238224 -59.49396105
v 198.78088484 6.91290914 -59.41677729
v 200.67688817 6.95022738 -59.51366987
v 202.60568925 6.96487114 -59.78300646
v 202.56990665 7.72262255 -59.8763216
v 198.76705519 6.3550148 -59.29700173
v 200.68520626 6.36571933 -59.39191081
v 202.64276401 6.37387727 -59.66946123
v 204.60556995 6.40663661 -60.16841496
v 204.56514134 6.95585656 -60.26305519
v 200.69893715 5.93129081 -59.26508737
v 202.67483475 5.94381973 -59.5558968
v 204.64473657 5.97680883 -60.0657255
v 206.57012482 5.98692696 -60.77329266
v 206.53122019 6.42686018 -60.87498351
v 202.69983566 5.57609779 -59.42629701
v 204.68288127 5.60748987 -59.94946702
v 206.61373855 5.61096958 -60.66305327
v 208.46986882 5.56740728 -61.56903651
v 208.43150465 5.96140137 -61.68798356
v 204.71719888 5.29778367 -59.8283609
v 206.64786824 5.28916689 -60.57035266
v 208.47607447 5.21524336 -61.51036819
v 210.26685204 5.19432296 -62.58704511
v 210.28895725 5.5356805 -62.63503325
v 206.52756045 5.12321591 -60.81262527
v 208.31685382 5.12609892 -61.76196298
v 210.0618915 5.1257968 -62.83436015
v 211.83741695 5.128818 -64.11163419
v 212.10426112 5.20381147 -63.85722463
v 208.12953493 5.12053043 -62.06861575
v 209.82077113 5.12189186 -63.13454939
v 211.53283685 5.12346831 -64.39586762
v 213.17604102 5.12375911 -66.05627311
v 213.57792933 5.12705123 -65.83873804
v 209.58141479 5.11869371 -63.4298169
v 211.24960066 5.12051123 -64.64214838
v 212.79021688 5.12170977 -66.25281269
v 213.31561594 5.12107912 -68.3645075
v 213.75462153 5.12242306 -68.32600067
v 210.92628428 5.11897285 -64.88100816
v 212.37178566 5.12028764 -66.41576715
v 212.77559163 5.12006268 -68.41251484
v 212.31800614 5.11936345 -70.40719399
v 212.80436614 5.11994917 -70.46902549
v 211.68162148 5.11886826 -66.72962142
v 212.04267515 5.11909493 -68.41128578
v 211.6271218 5.11855516 -70.28784366
v 210.98781675 5.11785833 -71.99779282
v 211.64628742 5.11868582 -72.23233443
v 211.10240723 5.11796395 -68.47208301
v 210.77976848 5.11757473 -70.15945646
v 210.24172905 5.11696466 -71.75863126
v 209.50341623 5.11614574 -73.20514497
v 210.21473915 5.11709806 -73.54456256
v 209.8871924 5.11654903 -70.08638785
v 209.39556089 5.11598182 -71.52687149
v 208.68402673 5.11516634 -72.87363396
v 207.90326614 5.11427369 -74.19259446
v 208.64384091 5.11518005 -74.5517977
v 208.63082607 5.11510015 -71.35050713
v 207.96272046 5.11432753 -72.61643707
v 207.2435815 5.11350622 -73.93700523
v 206.53951908 5.11272331 -75.37774126
v 207.09735375 5.11336013 -75.61441727
v 207.39091896 5.11366499 -72.41860259
v 206.71905759 5.11290026 -73.75019936
v 206.1116189 5.11224904 -75.21320658
v 206.31781536 5.11244073 -73.61078904
v 205.73997008 5.11186976 -75.08081946
v 205.91422338 5.11197881 -73.46672586
v 205.35634892 5.11154466 -74.95274501
v 205.51049148 5.11152991 -73.32555975
v 204.97448219 5.11117121 -74.82399568
v 204.39377963 5.11636316 -76.22473794
v 204.81507224 5.34934273 -74.76880877
v 204.26383278 5.39518345 -76.1746209
v 203.4794975 5.43056276 -77.39253526
v 204.35138672 5.77464762 -76.2276789
v 203.54953736 5.80696801 -77.48119206
v 204.44773336 6.14934233 -76.2869645
v 203.62282544 6.19003808 -77.56775836
v 204.53999228 6.62237816 -76.33840936
v 203.65959019 6.64559104 -77.61275067
v 202.46692913 6.67311488 -78.66271753
v 203.70386646 7.35622295 -77.67599778
v 202.4963305 7.37154126 -78.74555276
v 201.22005233 7.35779391 -79.84235551
v 202.50682962 8.31624892 -78.80057506
v 201.25450163 8.28985554 -79.91745426
v 200.16394018 8.34046246 -81.22059064
v 201.26254537 9.7287906 -79.96662756
v 200.18963244 9.72796097 -81.25049955
v 199.44035138 9.75166162 -82.66459136
v 200.19586552 11.34647389 -81.25596447
v 199.44375323 11.31142979 -82.68123852
v 199.01920142 11.27348947 -84.01534827
v 199.45065846 12.92130261 -82.66326903
v 199.02737411 12.87621034 -84.01472276
v 198.89101998 12.86194757 -85.06381721
v 199.05318158 14.36238723 -83.92707006
v 198.90984267 14.37874941 -85.00702265
v 198.93077507 14.4236577 -85.88292963
v 198.99078219 15.69061883 -84.85984293
v 199.02973895 15.79237655 -85.73655099
v 199.20632278 15.91672507 -86.43930342
v 199.55775936 16.99975613 -86.04120379
v 200.10743369 17.72056379 -85.45441629
v 200.73309564 18.15698781 -84.62718331
v 200.87195452 18.09625917 -83.15894161
v 201.45228672 18.32943524 -83.57768832
v 201.70147278 18.10814715 -81.96616258
v 200.30539984 17.60195898 -82.80125276
v 201.16496693 17.55693787 -81.59271544
v 199.83214111 16.77974717 -82.58031309
v 200.71047054 16.80278858 -81.32205379
v 199.5888452 15.71616363 -82.54029188
v 200.41280801 15.81906536 -81.18639649
v 201.56169485 15.87434177 -79.91525402
v 200.27916988 14.54618424 -81.18665986
v 201.40884994 14.63251255 -79.89181413
v 202.68810199 14.66352501 -78.78551909
v 201.30974066 13.03199912 -79.9278793
v 202.57831801 13.04925223 -78.80896996
v 203.78745888 13.04881517 -77.69366549
v 202.51635208 11.38711503 -78.84429441
v 203.74010996 11.3906947 -77.72202162
v 204.69608679 11.37348711 -76.40884427
v 203.72890578 9.7881513 -77.73139868
v 204.67918724 9.77422657 -76.41901692
v 205.31108639 9.74096309 -74.95878605
v 204.65143878 8.37909532 -76.4111323
v 205.28296208 8.36504791 -74.95780939
v 205.84896532 8.39056647 -73.50719151
v 205.22783278 7.35853327 -74.93834198
v 205.78205024 7.39204397 -73.47958159
v 206.35420701 7.43690219 -72.13071217
v 205.6819204 6.61029265 -73.4337059
v 206.26353379 6.6682686 -72.08607102
v 206.79106998 6.71067523 -70.9892134
v 206.16977557 6.12628377 -72.03379215
v 206.69598532 6.16546035 -70.93667116
v 207.09423995 6.15247945 -69.97665051
v 206.60016542 5.72087358 -70.86167118
v 206.98563017 5.72877192 -69.92258293
v 207.13034902 5.7138497 -69.07592918
v 206.96046602 5.34928443 -69.86946457
v 207.12307893 5.35840635 -69.06450004
v 206.95536186 5.35330116 -68.31630812
v 207.3681855 5.11366431 -69.04444828
v 207.16525784 5.11347329 -68.24990605
v 206.63883137 5.11307653 -67.46612357
v 207.51086599 5.11387555 -68.11609509
v 206.99014449 5.11347055 -67.26511769
v 206.25514162 5.11352302 -66.38316967
v 207.37059972 5.11376616 -67.06946699
v 206.59244128 5.11329394 -66.13435946
v 205.67399737 5.11340334 -65.21532296
v 206.94344713 5.11345718 -65.89502507
v 205.96593847 5.1126969 -64.92878231
v 204.7640773 5.1117535 -64.06917682
v 206.26782177 5.11259951 -64.62941336
v 205.0129122 5.1113948 -63.71681571
v 203.53674198 5.10982761 -63.0199013
v 205.31021535 5.11145756 -63.24662962
v 203.71678803 5.10967844 -62.55477411
v 202.03183155 5.10777827 -62.14992289
v 203.93253439 5.10987048 -61.98206042
v 202.16197729 5.10782114 -61.55223573
v 200.38348345 5.10576733 -61.37547631
v 202.29495151 5.1081164 -60.97294878
v 200.44721615 5.10595423 -60.78670805
v 198.63903012 5.10376223 -60.78612919
v 200.50387628 5.10632734 -60.34815101
v 198.65799822 5.10393781 -60.31415712
v 196.86307944 5.10166247 -60.46326548
v 198.68351764 5.10436064 -59.91931669
v 196.84510447 5.10169436 -60.06932215
v 195.09844817 5.09974824 -60.38697333
v 196.82833111 5.10175335 -59.6787066
v 195.04655886 5.09975784 -59.99558414
v 193.42496198 5.09924379 -60.37909419
v 194.98928695 5.09955414 -59.59443656
v 193.34789893 5.09979556 -59.9804788
v 191.83249487 5.10633351 -60.32579477
v 193.30720833 5.25054518 -59.74300171
v 191.78185109 5.27004413 -60.1001309
v 190.24717166 5.25798057 -60.35126206
v 191.7994365 5.62811741 -60.1898302
v 190.23549287 5.59971567 -60.46330663
v 188.48493266 5.5328966 -60.61874682
v 190.22643954 5.95180038 -60.58883791
v 188.48767335 5.87794612 -60.76722144
v 186.61161478 5.84618539 -61.1091191
v 188.48707254 6.24806376 -60.87869263
v 186.64470333 6.21045952 -61.23360513
v 184.8646375 6.2597038 -61.94447264
v 186.668445 6.64434792 -61.35351787
v 184.90983282 6.68035171 -62.03492364
v 183.26082355 6.68883235 -62.96860733
v 183.21053367 6.27038742 -62.89376372
v 181.72030884 6.61384403 -64.0941256
v 181.65485875 6.16777443 -64.02145479
v 180.55028385 6.56982152 -65.58225719
v 180.47186006 6.09766805 -65.53977512
v 181.78465881 7.32335319 -64.16157565
v 180.63756344 7.31159278 -65.6125447
v 180.10672003 7.38969627 -67.25281888
v 180.70790507 8.43527758 -65.63628363
v 180.18494081 8.47239452 -67.27641789
v 180.07615819 8.52709413 -68.67825478
v 180.21413094 9.86892227 -67.29783862
v 180.10481061 9.87791138 -68.72967496
v 180.16022796 9.8890246 -69.79568816
v 180.12777314 11.41168951 -68.77944907
v 180.18409035 11.45801761 -69.86511897
v 180.33857308 11.49611756 -70.73914395
v 180.32046094 9.89361248 -70.66039644
v 180.70211643 11.52016718 -71.49012046
v 180.42736157 13.20637621 -70.67468973
v 180.84088478 13.28993502 -71.37699223
v 181.46878263 13.3174484 -71.83700018
v 181.07229614 14.94637368 -71.0384306
v 181.68912972 14.9881915 -71.46683968
v 181.38937395 16.39743737 -70.53058814
v 182.01083844 16.41915851 -70.90288852
v 181.86785618 17.47115825 -69.66330103
v 180.92143199 16.25500448 -70.00048546
v 181.34832944 17.28293814 -69.25098493
v 181.92294158 17.80365004 -68.1043477
v 182.05389663 17.58006776 -66.46787318
v 181.55762598 16.90414542 -66.12066973
v 182.55515485 16.90068801 -64.79778336
v 181.10027916 15.90414403 -65.83768182
v 182.21228876 15.9480568 -64.50760217
v 183.6131435 15.89810985 -63.44324875
v 181.96081742 14.70030588 -64.29214937
v 183.42969285 14.74876726 -63.25626456
v 185.03612678 14.76901002 -62.43130863
v 183.35958715 13.25602978 -63.18224124
v 184.97948585 13.34202339 -62.34583421
v 186.68521836 13.42599269 -61.74955718
v 184.98894521 11.68489596 -62.30770323
v 186.67095525 11.76284753 -61.68903429
v 188.37874807 11.84656298 -61.29726651
v 186.67856279 10.07123497 -61.65589636
v 188.38159849 10.15203669 -61.26528905
v 190.09764082 10.26239862 -60.95476255
v 188.41549636 8.62299564 -61.20391844
v 190.13797752 8.76918035 -60.9215286
v 191.82936461 8.86032853 -60.59725477
v 190.17314285 7.68762183 -60.86704676
v 191.83958939 7.77508232 -60.5564846
v 193.4908812 7.78625118 -60.17377289
v 191.84079924 6.90267545 -60.47757248
v 193.45690652 6.93159226 -60.09607885
v 195.14526486 6.9161944 -59.742774
v 193.42077276 6.3823219 -60.0089721
v 195.09669785 6.35892968 -59.64379915
v 196.88670589 6.34857939 -59.38106602
v 195.05388932 5.96431764 -59.55048126
v 196.85298361 5.93444747 -59.26393513
v 198.75356573 5.92931142 -59.16518798
v 196.82826253 5.55925003 -59.1185743
v 198.74552473 5.5565426 -59.00879033
v 200.70782313 5.5582449 -59.10954566
v 198.73247421 5.21941646 -58.87467758
v 200.7135377 5.22120621 -58.9605882
v 202.72364043 5.2825048 -59.28329828
v 200.67335737 5.11163519 -59.23434171
v 202.66630816 5.11568347 -59.51412254
v 204.63720036 5.11876606 -60.04848303
v 202.57351701 5.11113143 -59.87990453
v 204.51022329 5.11374044 -60.40319251
v 206.36778289 5.11747013 -61.14913207
v 204.39061096 5.11161222 -60.73972127
v 206.21623562 5.11449625 -61.47555676
v 207.93797743 5.11714984 -62.3858417
v 206.05956499 5.11315368 -61.81517736
v 207.74231027 5.11536866 -62.71801937
v 209.31823996 5.11697529 -63.7382721
v 207.50382908 5.11430764 -63.10653893
v 208.96531645 5.11587791 -64.16338083
v 210.40275488 5.11757713 -65.29082774
v 208.48835957 5.11506757 -64.66945652
v 209.76520014 5.11649862 -65.79333696
v 210.76950804 5.11762857 -67.07485235
v 209.01391637 5.11557065 -66.24291986
v 209.78122865 5.11644546 -67.39039383
v 210.0706842 5.11676473 -68.62728453
v 208.96296533 5.11550001 -67.63398878
v 209.21225838 5.11577881 -68.7918439
v 209.09500541 5.11563855 -70.05497554
v 208.59091048 5.11506654 -68.88294784
v 208.42861582 5.11487245 -70.02120936
v 208.00217377 5.11437451 -71.20697069
v 208.03070822 5.11441395 -70.00582419
v 207.5870045 5.11389167 -71.10905755
v 206.95621919 5.11315883 -72.26803748
v 207.18410935 5.11342048 -70.98774841
v 206.55373143 5.11268147 -72.10735458
v 206.76787425 5.11294724 -70.83542201
v 206.13655808 5.11213313 -71.92566247
v 206.50684753 5.32789457 -70.75375548
v 205.91120834 5.31126182 -71.84527438
v 205.29797003 5.3147086 -73.25551989
v 206.05819328 5.67093246 -71.95367292
v 205.46176947 5.66791125 -73.32797397
v 204.93615231 5.72569139 -74.81626468
v 205.5818907 6.08897308 -73.38629937
v 205.05314877 6.12675187 -74.86462044
v 205.14496875 6.62424301 -74.90323701
v 204.61409654 7.34177912 -76.38571164
v 203.71829144 8.37348688 -77.70971458
v 202.50662661 9.7582168 -78.83838506
v 201.27386752 11.36673946 -79.97628444
v 200.21936851 12.98844626 -81.22847527
v 199.48269627 14.42569642 -82.59140204
v 199.12876043 15.6641567 -83.78862544
v 207.22207709 5.11342528 -69.90018554
v 207.61957591 5.11393591 -69.96442029
v 207.72175372 5.11407239 -69.00565888
v 208.13677759 5.11454666 -68.94345701
v 207.90132516 5.11429632 -67.99349653
v 208.38046856 5.11483747 -67.82734597
v 207.77343452 5.11417596 -66.87253236
v 208.30408863 5.11475619 -66.6064879
v 207.36023366 5.11373735 -65.61138697
v 207.93471823 5.11436422 -65.16963108
v 206.7184609 5.11299525 -64.16240417
v 207.15416751 5.11356931 -63.62663631
v 205.61444017 5.11182312 -62.69996758
v 205.89011683 5.1124013 -62.16355501
v 204.13633309 5.11030394 -61.42182936
v 204.27014131 5.1107765 -61.06660411
v 202.38941067 5.10854506 -60.57768311
v 202.48194394 5.10926487 -60.23173341
v 200.56168591 5.10697479 -59.96344482
v 200.619619 5.10851488 -59.60238154
v 198.70134996 5.10534724 -59.54443748
v 198.71727559 5.1076579 -59.16245827
v 196.81043021 5.1017194 -59.28130929
v 196.79837556 5.22423771 -58.99484545
v 194.96215439 5.23505849 -59.33425207
v 195.00586552 5.58677421 -59.43180308
v 193.3430019 5.61652263 -59.82167241
v 193.38583239 5.99605505 -59.92628776
v 191.81741147 5.99344158 -60.30506264
v 191.83024251 6.37049256 -60.38753574
v 190.21581422 6.33071175 -60.68324769
v 190.20067046 6.82359872 -60.77161094
v 188.47038149 6.7025022 -60.99012541
v 188.44557536 7.52470543 -61.11689124
v 186.68297148 7.39567559 -61.4826019
v 186.68412921 8.4946844 -61.58371388
v 184.98953779 8.44404062 -62.21840447
v 184.95885798 7.37613034 -62.13584084
v 183.35346107 8.42512876 -63.10750736
v 183.31089944 7.37175593 -63.04643579
v 181.83755221 8.42281656 -64.20150633
v 183.37592704 9.97684885 -63.14130372
v 181.86547488 9.91349123 -64.21096294
v 180.72320794 9.87453602 -65.61992179
v 181.8699357 11.51861817 -64.21251024
v 180.73773168 11.43677263 -65.60769431
v 180.22915398 11.3961327 -67.30818685
v 180.7162506 13.02597643 -65.60126644
v 180.22499494 12.93277531 -67.311361
v 180.16901792 12.96581207 -68.76446992
v 180.29913897 14.46105825 -67.27072527
v 180.25692302 14.50453104 -68.66021945
v 180.3712364 14.66254389 -69.65057699
v 180.2447312 13.08261581 -69.81934753
v 180.62863082 14.83061314 -70.42242553
v 180.80000213 14.57027913 -65.64790207
v 181.86955162 13.15483567 -64.22384611
v 183.36422081 11.60444683 -63.16127592
v 185.00368842 10.02879217 -62.27538833
v 207.71866599 5.11411046 -75.94206553
v 209.32614105 5.11625068 -74.96865144
v 210.83326406 5.11824104 -73.8708391
v 212.0945041 5.11926845 -72.36116058
v 213.21545318 5.12046939 -70.5294359
v 214.21323445 5.12528961 -68.3015896
v 213.90954734 5.13312314 -65.64250025
v 212.15707907 5.49764108 -63.89389062
v 210.2639344 5.92975003 -62.75781013
v 208.40018836 6.40672235 -61.79171278
v 206.49611659 6.97680268 -60.96435085
v 204.51836305 7.72255843 -60.34521005
v 202.51960579 8.86135783 -59.94143974
v 200.61206632 10.57976229 -59.70429735
v 198.8350457 12.34609017 -59.64320657
v 196.9860127 13.79716552 -59.80784825
v 196.94896811 15.04151253 -60.00799269
v 195.18053718 15.01700749 -60.21934406
v 195.16030985 15.83363985 -60.41275612
v 193.48806644 15.85259594 -60.72570506
v 193.49980284 16.53606581 -60.96925886
v 191.89419195 16.51043803 -61.26530825
v 191.93761227 17.04332597 -61.64412429
v 190.31835279 16.92751056 -61.84211788
v 190.36605286 17.24327906 -62.26662306
v 188.77403568 17.1449352 -62.42121005
v 188.86978151 17.3233057 -62.85461218
v 187.42882325 17.36538654 -63.15869709
v 187.59178046 17.46034158 -63.56973475
v 186.35361955 17.68717277 -64.10297866
v 186.60701953 17.60203237 -64.50454873
v 185.58460497 17.87699162 -65.31037745
v 185.96590656 17.54464866 -65.6477018
v 185.28641845 17.75668795 -66.67960589
v 185.77069207 17.25812927 -66.91956578
v 185.3957333 17.4091642 -68.11141479
v 185.85858893 16.61799914 -68.22625491
v 201.33012437 14.46588052 -87.44417372
v 200.60336415 17.488315 -60.88332629
v 198.66597064 17.63177599 -61.33350452
v 197.02429182 17.57733667 -62.08093376
v 195.52969945 17.67633004 -62.97982523
v 193.8394646 17.44194891 -63.73836263
v 192.13669226 16.86440404 -64.2016627
v 190.58918454 16.17846543 -64.38280613
v 189.25535188 15.40002613 -64.54539297
v 188.16170956 14.37419497 -64.87737037
v 187.257323 13.06411118 -65.45312926
v 186.69177516 11.43915496 -66.39272505
v 186.41453201 9.83598602 -67.55422345
v 186.19766085 8.47210594 -68.87129648
v 185.71418282 7.46218259 -70.28675177
v 184.76189591 6.67679417 -71.43727644
v 183.63557107 6.13900302 -72.21412352
v 182.47432232 5.71346425 -72.59138403
v 247.29075555 8.48098661 -68.87114559
v 267.33403632 5.18922292 -61.16520585
v 268.13186518 8.50709501 -64.05900691
v 247.55779451 8.38144284 -66.58877081
v 257.31909128 5.16907892 -72.31728211
v 246.13618158 5.17489191 -67.02192603
v 257.48373296 10.81236113 -69.99082309
v 267.67747852 6.85576548 -61.03997086
v 265.3282106 5.17748343 -63.83599046
v 258.38824846 8.84290756 -74.02354958
v 247.15103523 8.63659141 -68.2999161
v 248.08644591 9.2261232 -68.46295287
v 247.97164556 8.77807919 -69.15955178
v 246.96729789 7.876118 -68.99735176
v 246.62389683 7.88727503 -68.23437273
v 247.80190659 8.03059508 -69.64723
v 267.5435633 5.19658664 -60.95549505
v 266.77806306 5.1945373 -60.83943959
v 266.78857864 5.18625247 -61.18383651
v 266.83594951 5.18290411 -61.55789543
v 267.4978577 5.18579672 -61.47281058
v 267.85989216 5.19106822 -61.38035139
v 267.40288827 8.93595179 -64.82638914
v 266.8240046 9.35992105 -64.06876256
v 267.91007504 8.71284549 -63.3013666
v 268.5257262 7.95660399 -62.97326842
v 268.49405601 7.9215971 -64.08085013
v 267.81135808 8.22497763 -65.32142525
v 248.28337368 8.65900767 -66.29426322
v 248.26840002 9.16482427 -66.91530523
v 247.32089354 8.5325443 -67.05740137
v 246.90351169 7.83619384 -66.97323008
v 247.36110679 7.81227127 -66.42742948
v 248.2201732 7.91116999 -65.88667405
v 256.2749405 5.16796097 -71.75663404
v 255.73930981 5.16741434 -72.68470467
v 257.26866149 5.16905663 -73.17816056
v 258.61647194 5.17053122 -73.05628627
v 258.21901428 5.17003603 -72.01303534
v 257.11078787 5.16884264 -70.84472773
v 246.54786257 5.18582415 -66.62790314
v 246.2095355 5.24962098 -66.27584107
v 245.77198804 5.23356778 -66.98871951
v 245.82128205 5.17995526 -68.00601207
v 246.31766656 5.16776961 -67.75707292
v 246.85824229 5.16581835 -67.3552724
v 259.90624232 10.77692889 -68.72052286
v 261.01015057 10.2259106 -69.93813819
v 259.33539143 10.18299197 -71.34427405
v 257.13604117 11.08397103 -67.73718029
v 259.32595676 10.9271343 -67.09882721
v 258.08078913 9.83719926 -72.62783329
v 256.37537212 10.19934197 -71.79938771
v 255.03077148 10.77385408 -69.69777501
v 255.06588468 10.9442102 -67.94988691
v 254.62255407 10.18364083 -71.10554047
v 267.70132993 6.47637263 -60.91727902
v 268.24137207 6.51361954 -61.35925987
v 268.05637961 7.01148893 -61.40696544
v 267.56250946 7.71038084 -61.45509349
v 267.16527401 7.24003135 -61.03138391
v 266.9690417 6.7731919 -60.77322682
v 264.3500394 5.17644195 -64.54323663
v 264.98484521 5.17710963 -65.29693462
v 265.96790521 5.1781854 -64.05663658
v 265.39619562 5.17763843 -63.2174971
v 263.9836374 5.17608462 -63.81984261
v 266.25254466 5.17858251 -63.25416857
v 259.42798505 9.10119179 -73.36658505
v 260.22581117 8.07558825 -73.91535954
v 258.57455228 7.98296565 -74.60722054
v 256.81813484 7.95635468 -74.50993839
v 257.17596636 9.05483368 -73.72403798
v 255.11564234 7.96841928 -73.88778255
v 255.56743919 9.24252748 -73.13092961
v 253.5237294 7.95677117 -73.01352163
v 253.96124943 9.22044369 -72.31627801
v 251.95384075 7.84616022 -72.11178248
v 252.30422384 9.01404088 -71.49638097
v 252.76470915 9.91430003 -70.47217495
v 250.59824169 8.71056347 -70.79087413
v 250.90718247 9.55570995 -69.98322378
v 251.16154539 9.97402809 -68.9839007
v 253.03115415 10.39840746 -69.30663273
v 251.32560272 10.05623246 -67.8159909
v 253.11649688 10.48313578 -67.92423581
v 251.38147548 9.72480066 -66.57865028
v 253.13111389 10.06812481 -66.4603644
v 254.96722259 10.44529666 -66.30472393
v 256.90438016 10.59390396 -65.98678469
v 253.082396 9.20498899 -65.24057901
v 254.88358353 9.45671367 -64.97550298
v 256.69537991 9.54551647 -64.66824392
v 258.51664389 9.39887309 -64.28339233
v 258.88107062 10.39895429 -65.53176978
v 254.77790099 8.44050948 -64.09273194
v 256.54870499 8.49622553 -63.78576642
v 258.31922916 8.41053181 -63.48655385
v 260.06549315 8.29886944 -63.0791677
v 260.26991186 9.1870616 -63.78512171
v 256.47622622 7.63399114 -63.26742759
v 258.24958436 7.58537115 -63.01391787
v 259.98398848 7.50778394 -62.65941689
v 261.65779016 7.40266757 -62.16697881
v 261.74198339 8.17639057 -62.5083607
v 258.23814973 6.94945236 -62.7506388
v 259.96933855 6.87707441 -62.44877058
v 261.63473161 6.80737577 -61.98810969
v 263.20159425 6.7185698 -61.45530473
v 263.24142342 7.23761884 -61.59434469
v 259.97730822 6.42456804 -62.30513538
v 261.6294066 6.38306023 -61.87120102
v 263.17806382 6.30183745 -61.34582802
v 264.57111349 6.13971837 -60.85175212
v 264.61881632 6.52178503 -60.9504389
v 261.62119002 5.97566345 -61.74667109
v 263.1585004 5.90851346 -61.23682592
v 264.536645 5.77087848 -60.75290072
v 265.743015 5.59449663 -60.46130392
v 265.76944523 5.92195765 -60.52871282
v 263.13292062 5.51232737 -61.12367301
v 264.51186082 5.41521874 -60.65810138
v 265.72451054 5.31748941 -60.37888569
v 266.7985812 5.19870251 -60.34925112
v 266.80785401 5.40132359 -60.40401829
v 264.55683392 5.1952938 -60.79992043
v 265.75817521 5.19333293 -60.58294227
v 266.78743738 5.1992296 -60.53040004
v 267.66970637 5.20840809 -60.76193759
v 267.78775632 5.2595721 -60.53912141
v 265.82979803 5.18711082 -60.92160816
v 264.68449137 5.18430223 -61.14033663
v 264.82155879 5.18024058 -61.46207553
v 265.90947008 5.18272853 -61.27142611
v 264.93554297 5.17869225 -61.8145354
v 265.99409677 5.18050669 -61.64038773
v 265.04625422 5.17791072 -62.17618029
v 266.10092058 5.17943126 -62.0418124
v 266.92688061 5.18090243 -62.03430637
v 267.59063788 5.18431046 -62.03016927
v 266.23644071 5.17883834 -62.6195987
v 266.99056119 5.18010238 -62.69008024
v 267.60321378 5.18228821 -62.78362035
v 266.92746222 5.17973819 -63.46181357
v 267.49289483 5.18128754 -63.67651467
v 267.8975787 5.18307043 -63.82745015
v 268.02496729 5.18557518 -62.8367634
v 267.9943835 5.18866703 -62.00603803
v 268.42189822 5.19013271 -62.8730892
v 268.38201144 5.19524682 -61.95492238
v 268.16186737 5.20189553 -61.24750337
v 268.7345399 5.21385621 -61.90980661
v 268.44498696 5.23365283 -61.07445307
v 269.0021344 5.2757371 -61.88540926
v 268.56705329 5.3487889 -61.06476875
v 267.77498838 5.31185303 -60.57211943
v 268.4338157 5.52841898 -61.19992674
v 267.72554622 5.55329678 -60.72064343
v 266.81975776 5.69817304 -60.47516923
v 267.71891808 5.8417232 -60.75360304
v 266.83329661 6.00861723 -60.52797758
v 265.80962282 6.26624449 -60.61697731
v 266.86115892 6.36329654 -60.62758342
v 265.87610993 6.67647387 -60.71049273
v 264.69103172 6.98738033 -61.05238215
v 266.02628273 7.21922926 -60.8543913
v 264.83606333 7.63194471 -61.21673027
v 263.34166299 7.96721611 -61.83887514
v 265.12111155 8.36046912 -61.61602055
v 263.58895883 8.73265051 -62.3632413
v 261.97350449 8.97515631 -63.13691148
v 264.05970732 9.44171695 -63.19235902
v 262.43702403 9.79042526 -64.08258397
v 260.70300399 10.12198298 -64.88893943
v 263.04849969 10.23876031 -65.20647539
v 261.28454055 10.57648488 -66.21883801
v 263.69374427 10.16131085 -66.31343159
v 261.90652356 10.49276988 -67.50867971
v 264.37684823 9.74613373 -67.22693184
v 262.68873405 10.05621788 -68.57320048
v 265.04895925 8.9760757 -67.91835663
v 263.59170226 9.21311007 -69.34713678
v 262.21174974 9.3144465 -70.83142757
v 264.24349541 8.0832438 -69.75540907
v 263.01792687 8.16030993 -71.28009416
v 261.68259355 8.12877262 -72.7211649
v 260.8102256 9.27375469 -72.24313808
v 263.40563437 7.17746872 -71.44105689
v 262.10388068 7.18454986 -72.92901839
v 260.5430042 7.18103587 -74.15218918
v 262.3073337 6.54288101 -73.0264432
v 260.69837582 6.53629265 -74.29263651
v 258.77856497 6.51937801 -75.05797763
v 258.70354852 7.12748816 -74.89448546
v 256.72875104 6.48684912 -75.07128877
v 256.74985353 7.094366 -74.86495514
v 254.85816836 6.45880094 -74.40484843
v 254.94385402 7.05878984 -74.2135927
v 253.2217734 6.4659205 -73.46398243
v 253.33249837 7.04960723 -73.30935703
v 251.67041938 6.45006482 -72.51818923
v 251.77371514 6.99698029 -72.38787614
v 250.07144759 6.37337557 -71.69396854
v 250.17205478 6.90175845 -71.55603968
v 250.32426047 7.66244671 -71.31940757
v 248.6455892 6.7843515 -70.81202052
v 248.80494565 7.45541968 -70.6273655
v 249.02922133 8.37112599 -70.22339492
v 247.58793112 7.28255765 -69.91525796
v 249.25556831 9.19465756 -69.57568125
v 249.48254353 9.64983278 -68.71103881
v 248.19059076 9.32350875 -67.66366176
v 249.65607119 9.72684405 -67.7297154
v 249.70850369 9.48680134 -66.73599442
v 249.65078871 8.90675548 -65.90851179
v 251.29394898 9.01280719 -65.56054017
v 249.52832732 8.09109105 -65.39006596
v 251.10939547 8.17003129 -64.92397307
v 252.94106254 8.26520922 -64.47057954
v 250.95042996 7.36374168 -64.58118106
v 252.79740813 7.46134344 -64.04159708
v 254.67395503 7.59274927 -63.5910869
v 252.70550586 6.8451892 -63.83662968
v 254.60374783 6.94167267 -63.32868846
v 256.45009776 6.98368218 -62.98996496
v 254.554901 6.43275856 -63.16085891
v 256.43992236 6.47591311 -62.81038255
v 258.24460502 6.46188388 -62.57860357
v 256.43341494 6.0085315 -62.64954876
v 258.25442103 6.01435718 -62.41644196
v 259.98378547 5.99705468 -62.15481717
v 258.26282417 5.56656951 -62.23952068
v 259.98502276 5.56656985 -61.99409586
v 261.60985689 5.58201024 -61.62640994
v 260.01928001 5.19212307 -62.02132444
v 261.62222155 5.2313576 -61.60621004
v 263.16657158 5.19566793 -61.19718605
v 261.72952546 5.17747108 -61.96977533
v 263.28433346 5.18196345 -61.52829104
v 261.83605024 5.17560658 -62.35710424
v 263.4034698 5.17781538 -61.87935725
v 261.94167792 5.1747081 -62.73259249
v 263.50731699 5.1766916 -62.21195466
v 262.05435622 5.17439981 -63.11966352
v 263.61689521 5.1761436 -62.5810123
v 262.22289356 5.17430996 -63.76428259
v 263.77680995 5.17597111 -63.15060396
v 265.2300725 5.17762437 -62.69709795
v 262.44055483 5.17445913 -64.58963358
v 260.59589486 5.17258057 -64.34598377
v 260.8254544 5.17276232 -65.29624053
v 261.28568182 5.17323934 -66.51361445
v 262.86835487 5.17489465 -65.5611547
v 262.11819043 5.17412101 -67.58608294
v 263.60580625 5.17567002 -66.46692669
v 263.01906539 5.17513333 -68.36915213
v 264.34725207 5.17650539 -67.12271977
v 265.61024928 5.17784385 -65.82211009
v 266.56315072 5.17898786 -64.48372059
v 264.9445963 5.17755578 -67.62174758
v 266.14573731 5.17882634 -66.25189638
v 267.08929736 5.17996898 -64.84493475
v 266.49926712 5.18016685 -66.54345751
v 267.46175137 5.18132663 -65.09514412
v 266.8227289 5.1831349 -66.8029095
v 267.79508403 5.18362152 -65.30910998
v 268.28734927 5.18610192 -63.96366162
v 268.14745337 5.18961112 -65.52964911
v 268.67267822 5.19324754 -64.09053719
v 268.81457957 5.19649131 -62.90169773
v 269.03055911 5.24277303 -64.2062799
v 269.17495425 5.27132634 -62.94112087
v 269.07396572 5.55019978 -64.24187321
v 269.15612332 5.55059689 -62.96630284
v 268.95930117 5.55144599 -61.9362149
v 269.03266881 5.86707801 -62.97700498
v 268.81740531 5.8420891 -61.9860384
v 268.38718007 5.81308552 -61.25433726
v 268.74768094 6.18373847 -61.99798057
v 268.33060224 6.13279394 -61.3040373
v 267.71033114 6.16146145 -60.81260606
v 268.65714764 6.64249953 -61.99616167
v 268.96325446 6.24437041 -62.97831634
v 268.89670974 6.70268052 -62.9560863
v 268.75153547 7.25286684 -62.91876737
v 268.44917069 7.21465184 -62.0281117
v 268.05753459 7.96803074 -62.11787135
v 267.32626966 8.76376653 -62.44677062
v 266.75156973 8.43564709 -61.69042796
v 266.1947076 9.42023372 -63.16784095
v 265.57980814 9.01448429 -62.29219735
v 266.3130456 7.84504519 -61.1605475
v 264.69379984 9.8919341 -64.16556735
v 265.33920628 9.81894231 -65.15621569
v 265.97890364 9.38915405 -65.99652113
v 266.53990012 8.67098807 -66.6217359
v 268.01542563 7.45817649 -65.54856234
v 266.85654446 7.71678076 -66.9448575
v 265.52545249 7.93479473 -68.31400638
v 267.03462073 6.94879634 -67.08609494
v 265.78311302 7.07183418 -68.48655462
v 264.57986505 7.14874257 -69.9280259
v 265.92017496 6.56053088 -68.56478089
v 264.73786487 6.60215254 -69.99646359
v 263.59366381 6.57377824 -71.50704195
v 264.86319314 6.15822111 -70.04999895
v 263.73677502 6.11385808 -71.55462955
v 262.46119917 6.06195197 -73.1065734
v 263.88616046 5.64475702 -71.60522944
v 262.61703991 5.58771555 -73.19651413
v 260.95483198 5.55601586 -74.54959746
v 260.83796445 6.05898049 -74.43863655
v 258.93048808 5.54984279 -75.39398788
v 258.85840986 6.03961837 -75.2262763
v 256.74245998 5.52442351 -75.42467592
v 256.73262751 6.00355765 -75.24410862
v 254.73297726 5.50833396 -74.72056275
v 254.79087194 5.99502969 -74.56733102
v 253.02713777 5.51131641 -73.69570928
v 253.12406601 5.99557975 -73.58687179
v 251.48943508 5.47442409 -72.72277255
v 251.57475311 5.95175408 -72.63059318
v 249.91693605 5.39742929 -71.89995101
v 249.98135461 5.87271714 -71.81961779
v 248.35410076 5.24810318 -71.03666931
v 248.37608801 5.75992704 -71.06466879
v 248.51113489 6.27090764 -70.93185918
v 247.10093602 5.69742202 -70.151292
v 247.26452147 6.19291526 -70.09560579
v 247.41488631 6.68438559 -70.03211177
v 246.39435375 6.13997351 -69.14493476
v 246.56008457 6.64615619 -69.11572817
v 246.72396357 7.20810292 -69.08221987
v 246.15424846 6.64870244 -68.18835712
v 246.34939162 7.23792336 -68.21680653
v 246.16983116 6.6364849 -67.36330792
v 246.37031579 7.23664629 -67.46270251
v 246.65658896 7.89610957 -67.55145258
v 246.65039703 7.18969791 -66.82241257
v 247.17160686 8.65531586 -67.6201701
v 246.49837789 6.61589474 -66.66567199
v 247.12313451 6.5942422 -66.04669853
v 247.20688605 7.15323391 -66.21042664
v 248.1412213 7.19183951 -65.64702965
v 248.07608807 6.64774223 -65.49016013
v 249.3305244 6.72072031 -64.96804907
v 249.40935147 7.28050008 -65.11249908
v 247.06891329 6.08678588 -65.91657199
v 248.02023588 6.15538577 -65.3585055
v 249.25713207 6.24076725 -64.84449581
v 250.79300626 6.30282235 -64.29673639
v 250.8664562 6.78605723 -64.41983699
v 247.95161987 5.65151169 -65.21901563
v 249.17592369 5.73616616 -64.71223488
v 250.71283216 5.81290651 -64.16895823
v 252.55995848 5.88992532 -63.55485437
v 252.63175688 6.35707717 -63.69153497
v 249.1220989 5.27396347 -64.70749422
v 250.65294301 5.32975839 -64.08691586
v 252.48974853 5.42921025 -63.43422286
v 254.45620049 5.50165336 -62.85614302
v 254.51064118 5.96323741 -63.00955582
v 250.74654621 5.18031499 -64.48973968
v 252.56767576 5.18912999 -63.70366643
v 254.50424624 5.19494264 -63.01814551
v 256.47605338 5.19678485 -62.57578332
v 256.43043831 5.54116463 -62.48356006
v 252.70401617 5.17292967 -64.1811912
v 254.63858943 5.17934862 -63.47248552
v 256.58014199 5.18101628 -62.99170704
v 258.39919201 5.18056396 -62.67498862
v 258.30620334 5.19736029 -62.30029047
v 254.77785709 5.17182818 -63.93985136
v 256.69652393 5.17345504 -63.44896332
v 258.5032285 5.17454487 -63.10367753
v 260.20683758 5.17456476 -62.76999097
v 260.10744573 5.17812573 -62.36586402
v 256.82482608 5.17046915 -63.90376972
v 258.61182457 5.17208058 -63.52199901
v 260.3101498 5.17330483 -63.17981604
v 258.7562005 5.17107099 -64.08341524
v 260.42577181 5.17276198 -63.64377453
v 258.95167562 5.17086386 -64.85314311
v 257.0078076 5.16933543 -64.54526677
v 257.25205274 5.16911938 -65.36390732
v 257.58305073 5.16934537 -66.46985119
v 259.20051052 5.17105282 -65.90668466
v 258.21603491 5.17000654 -67.97512376
v 259.68075953 5.17155212 -67.33486125
v 259.41539269 5.17127812 -69.54978324
v 260.70743463 5.17264161 -68.65063389
v 260.53122664 5.17250375 -70.68361137
v 261.75354422 5.17381477 -69.56658403
v 261.26433517 5.17347733 -71.4949489
v 262.48495182 5.17493238 -70.23756201
v 263.69048507 5.17619401 -68.93342153
v 262.96500055 5.17648413 -70.68189947
v 264.11706154 5.17777355 -69.30266573
v 265.31017527 5.17890795 -67.93865804
v 264.45164245 5.18140654 -69.59506087
v 265.63058086 5.18224671 -68.22178312
v 264.80545484 5.19788943 -69.9026656
v 265.9591372 5.19600023 -68.51645531
v 267.15304652 5.19098421 -67.07402109
v 266.22622691 5.34585514 -68.75958387
v 267.43943903 5.27537325 -67.31949528
v 268.46799065 5.22928425 -65.72263319
v 267.3836129 5.63176583 -67.28716941
v 268.51240958 5.59021379 -65.76763373
v 267.26637502 6.03757863 -67.21810896
v 268.3938521 5.98025767 -65.73304178
v 268.9526456 5.91637751 -64.24394724
v 268.27857851 6.37444002 -65.69702324
v 268.88748357 6.30091052 -64.24415026
v 268.15898402 6.83082115 -65.65230253
v 268.77641567 6.73829749 -64.21680371
v 268.65977036 7.28710112 -64.16077457
v 267.153266 6.46008315 -67.15490025
v 266.03249387 6.12302458 -68.63148747
v 266.13656876 5.70308413 -68.69895399
v 264.97941321 5.72265681 -70.10493346
v 265.07722759 5.3608192 -70.14707809
v 263.94392071 5.25544803 -71.58822564
v 263.65722642 5.1900703 -71.32459265
v 262.37513766 5.18384236 -72.81460075
v 262.63884197 5.21891853 -73.15266857
v 260.78560877 5.1802831 -74.10256046
v 260.97257376 5.19514051 -74.48883041
v 258.92519326 5.17450474 -74.88445546
v 258.95876465 5.17224107 -75.32499601
v 256.88714866 5.16894792 -74.93416648
v 256.78073636 5.1685875 -75.37807596
v 254.9726052 5.16762867 -74.26770419
v 254.78237827 5.16815027 -74.66085466
v 253.32424612 5.16742017 -73.19382008
v 253.09709532 5.17556474 -73.55817547
v 251.80575021 5.16494388 -72.10227374
v 251.58278863 5.17293138 -72.51562137
v 250.27545205 5.16329713 -71.11721652
v 250.0552147 5.17546597 -71.57740005
v 248.83843062 5.16144703 -70.14698481
v 248.57570023 5.16602376 -70.6243148
v 247.78408113 5.16122378 -69.1584544
v 247.44709285 5.16744966 -69.62169412
v 247.13963763 5.23200128 -70.03281408
v 246.74947613 5.16780356 -68.66056787
v 246.31203429 5.2236002 -69.04888716
v 246.24898333 5.67049385 -69.16818262
v 245.78544047 5.6268592 -68.12058334
v 245.95100805 6.11256181 -68.16022596
v 245.83305001 5.64739963 -67.12558941
v 246.02351151 6.08995214 -67.25199585
v 246.27606239 5.61633608 -66.37769378
v 246.41371828 6.07058865 -66.53244812
v 246.98889145 5.58477116 -65.76630317
v 246.98265014 5.25551113 -65.73794978
v 247.9337999 5.26934901 -65.24336634
v 247.25805794 5.18767391 -66.2073732
v 248.12871399 5.18209308 -65.73344781
v 249.24140396 5.17781641 -65.18415207
v 248.31933735 5.16586464 -66.33386468
v 249.3951158 5.16596889 -65.73593062
v 250.86921884 5.16773978 -64.99637228
v 249.53300213 5.16265345 -66.3352172
v 251.00912297 5.16443874 -65.51975355
v 252.8432317 5.16779876 -64.659229
v 251.20778596 5.16305537 -66.12270535
v 253.01952199 5.16573673 -65.19879103
v 254.94673188 5.16870375 -64.45320812
v 253.24276066 5.16497166 -65.94603647
v 255.16319153 5.16732758 -65.13557684
v 253.58177222 5.16512632 -66.91961242
v 255.45778141 5.16719178 -66.00648254
v 254.25207258 5.1658036 -68.19470817
v 255.8936252 5.16755494 -67.13104061
v 255.57026218 5.1672055 -69.60828422
v 256.76727159 5.16847331 -68.63237909
v 258.16588494 5.16995853 -70.20241314
v 259.28865704 5.17117456 -71.52035858
v 259.92706224 5.17198696 -72.50088914
v 258.76700963 5.1711046 -73.81587167
v 260.31433628 5.17311142 -73.20155656
v 261.77285799 5.17511344 -72.08026043
v 260.5506721 5.1749821 -73.65346041
v 262.07318714 5.17782944 -72.44944976
v 263.31691722 5.18018434 -71.00865337
v 258.85415205 5.17214676 -74.34747774
v 257.12982181 5.16906314 -73.92902732
v 257.0011054 5.16912727 -74.46144546
v 255.40185652 5.16713554 -73.39978609
v 255.18633513 5.1670841 -73.83618954
v 253.80967747 5.16548228 -72.3808749
v 253.57389857 5.16559579 -72.77884833
v 252.28205964 5.16380055 -71.20816682
v 252.03619314 5.1638273 -71.67428166
v 250.77537421 5.16214832 -70.07067347
v 250.50392793 5.16212672 -70.64754071
v 249.53712963 5.1608469 -68.96800525
v 249.1363867 5.16068984 -69.63604776
v 248.86429571 5.16030816 -67.87505702
v 248.18744541 5.16004342 -68.5738397
v 248.52780811 5.1615554 -67.05439456
v 247.79044727 5.16037023 -67.70910399
v 247.22763875 5.16183077 -68.23495983
v 247.51118906 5.1654082 -66.89421371
v 249.77195382 5.16150018 -67.0621091
v 250.26897754 5.16159415 -68.01402839
v 251.48693855 5.16290105 -66.96685709
v 251.25575764 5.16261025 -69.18291486
v 252.10003832 5.16350872 -68.10233677
v 252.6944169 5.16416063 -70.43831001
v 253.24583879 5.16473229 -69.45815256
v 254.23124992 5.16580772 -71.66799371
v 254.78151409 5.16637081 -70.75644953
v 291.03647572 6.99744907 -87.62790695
v 291.63734252 6.61109305 -93.14384879
v 289.11675266 6.81041584 -86.95545848
v 296.37980073 5.26560697 -83.59475797
v 296.27660923 5.40553819 -83.66165934
v 295.51864246 5.89296093 -84.33181429
v 292.23522995 5.39495746 -82.92119018
v 291.82516895 5.20363966 -91.37453173
v 288.91528588 5.20129437 -86.64652044
v 292.35240199 6.82516213 -85.83530911
v 293.04483911 6.65902289 -86.31663354
v 292.47325024 6.74950201 -87.91939675
v 292.642136 6.77907382 -90.05827076
v 291.56128357 6.97877143 -90.19811454
v 290.13964732 6.8683767 -86.1288949
v 291.75109625 6.75777826 -85.13611217
v 290.2785309 6.95001682 -90.55675811
v 289.24952387 6.94348093 -88.26764271
v 291.15943092 6.52985278 -93.44656473
v 290.53978258 6.66080887 -92.49526271
v 291.26704484 6.7872664 -92.30624015
v 292.15362926 6.76189273 -92.1313298
v 292.17768369 6.50283442 -93.40290573
v 291.70217534 6.37849173 -94.01353366
v 291.44798525 5.25264493 -95.92108136
v 291.64725729 5.5154031 -95.81970052
v 291.90865712 5.31847396 -95.83055354
v 291.65879068 5.24593003 -95.75319421
v 288.43003835 6.58973096 -86.628946
v 289.68649247 6.56863362 -85.29731632
v 288.2939421 6.6785047 -88.59684924
v 296.04956816 5.26144004 -83.34727283
v 295.91830036 5.22781754 -83.59106531
v 296.27150644 5.2275504 -83.84612232
v 296.27404137 5.44928464 -83.8822259
v 296.03131884 5.48602333 -83.49446353
v 295.96790163 5.61358476 -83.78381894
v 295.12223278 6.07289862 -84.52795332
v 294.92355333 6.19061523 -84.17121369
v 295.52157244 5.89158613 -84.05628029
v 295.78476099 5.72771365 -84.43131313
v 295.38955842 5.84937497 -84.81606871
v 295.91430043 5.67658839 -84.1002301
v 290.84735439 5.47919835 -83.30222566
v 290.86488493 5.21783385 -83.41578734
v 292.35548013 5.21731534 -83.33984362
v 292.38337536 5.78508501 -83.19440323
v 290.98837785 5.85125594 -83.60666996
v 293.49198585 5.26119278 -83.09053136
v 293.56784727 5.63754968 -82.96374632
v 293.53563387 5.21730505 -83.55611945
v 291.66628574 5.20328988 -90.12744369
v 290.62919108 5.20229264 -90.38544715
v 291.26616146 5.20309509 -91.88256623
v 291.85638922 5.20408856 -92.58437492
v 292.41200583 5.20474561 -91.77692758
v 292.47759584 5.20440062 -90.05862192
v 288.91670698 5.20111811 -88.26709951
v 290.01036027 5.20172543 -87.92507566
v 289.76523998 5.2017683 -86.17998312
v 288.34532112 5.20247405 -86.20189766
v 288.04161755 5.20274702 -88.53847995
v 289.62164867 5.2027165 -85.31385922
v 289.37561756 5.20545479 -84.80051344
v 287.92278298 5.2059078 -86.10643715
v 291.37325413 5.20308721 -85.98592909
v 291.21505678 5.20345105 -85.0808649
v 291.09296302 5.20508408 -84.37994509
v 290.97294329 5.20919717 -83.87521917
v 289.14312803 5.21097321 -84.36058742
v 292.52465121 5.20473155 -85.15070175
v 292.48407034 5.20589717 -84.42533794
v 292.43900121 5.2091135 -83.8685636
v 293.52079739 5.20660806 -84.64685373
v 293.55107392 5.20899553 -84.06762713
v 294.29899424 5.20899828 -84.88841305
v 294.42328275 5.20939367 -84.30902733
v 294.46295828 5.21320773 -83.80552499
v 294.47221463 5.23173174 -83.31732003
v 295.00965873 5.21241316 -84.58507161
v 295.14317615 5.21226982 -84.09280088
v 295.24057901 5.21788254 -83.63345684
v 295.35819549 5.26328877 -83.17899062
v 294.53323407 5.39998994 -82.90049921
v 295.64775941 5.21976694 -84.37872152
v 295.78337281 5.21796587 -83.95707225
v 296.08161146 5.24045003 -84.61852503
v 296.22306289 5.232015 -84.1863355
v 296.05914274 5.47993188 -84.60254179
v 296.22691467 5.45785924 -84.19798412
v 295.80981402 5.30716175 -85.1237338
v 295.70139902 5.57611014 -85.03794663
v 295.45292625 5.38024854 -85.64240184
v 295.20644521 5.7187097 -85.45980988
v 294.85314036 6.0371774 -85.21360319
v 294.63024737 5.89794541 -85.99000583
v 294.23945624 6.24096135 -85.76276175
v 293.78361831 6.52328912 -85.42840306
v 294.48872461 6.31440032 -84.88433082
v 293.32034019 6.65920121 -84.98345107
v 294.18580566 6.45851288 -84.48395414
v 292.94924692 6.62920931 -84.47706263
v 293.92995305 6.44002626 -84.0472105
v 294.74379259 6.15040336 -83.79087505
v 295.44781798 5.85295447 -83.68831454
v 293.74231318 6.27423097 -83.60408015
v 294.64623061 6.01183493 -83.40501662
v 295.43990043 5.71361343 -83.35675414
v 294.60079935 5.74763577 -83.05504779
v 295.45592757 5.48441842 -83.06280622
v 293.64972779 5.99893291 -83.23241625
v 292.67190774 6.46636802 -83.95053191
v 292.50732368 6.15740323 -83.51683348
v 291.36834887 6.54759834 -84.48320244
v 291.13631475 6.20068158 -83.97595256
v 289.37797691 6.21212752 -84.76140305
v 289.19407359 5.88863625 -84.39427678
v 287.87535451 6.26336869 -86.34863843
v 287.53147609 5.95172116 -86.15277923
v 287.22021162 5.62227389 -85.9551752
v 289.02690522 5.52366667 -84.03648368
v 287.00242141 5.35033105 -85.83888655
v 288.93255854 5.21515523 -84.0247747
v 287.43903336 5.21734311 -85.99036797
v 286.56830598 5.26592555 -88.91870337
v 287.02570767 5.21334902 -88.78036299
v 287.49734778 5.20679496 -88.67437867
v 288.10714171 5.21622448 -91.37663869
v 288.55299355 5.20662589 -91.14595434
v 289.03779116 5.2027309 -90.94125031
v 289.60315244 5.20743075 -92.76414663
v 290.05206595 5.20351244 -92.5175778
v 290.60426973 5.20271273 -92.22751458
v 289.73149575 5.20173195 -90.71053853
v 290.691681 5.20449664 -93.39831871
v 291.24197535 5.20383205 -93.0354283
v 291.21466172 5.20524629 -93.99560807
v 291.77394905 5.20549971 -93.57035393
v 292.42441163 5.20581589 -92.98787911
v 293.01931421 5.20685154 -91.93953637
v 292.22298326 5.20881241 -93.97348502
v 292.92194427 5.21029386 -93.32409786
v 293.61331145 5.21199068 -92.05260972
v 293.65446295 5.21230926 -90.01519337
v 293.1169969 5.20670202 -90.04717632
v 293.35485807 5.220317 -93.59519847
v 294.13952942 5.22649384 -92.13545593
v 294.16966878 5.24445887 -89.96453861
v 293.99128525 5.2308679 -88.09433453
v 293.50925851 5.20848971 -88.00603987
v 294.65620574 5.30846866 -92.23962409
v 294.52194759 5.49696071 -89.9255215
v 294.32008027 5.41848446 -88.16394641
v 294.53657009 5.27135275 -86.9633486
v 294.16417094 5.21608731 -86.76370345
v 294.26731307 5.86939038 -89.971688
v 294.0656323 5.7918805 -88.15886557
v 294.45597899 5.67256892 -86.95328568
v 294.95612337 5.5524374 -86.17111634
v 294.88463498 5.26764602 -86.12138338
v 293.66266582 6.15169483 -88.11179374
v 294.06073801 6.05185168 -86.80144213
v 293.19227672 6.45709247 -88.04797599
v 293.60428555 6.39386113 -86.61489962
v 293.86285965 6.24104537 -89.9893173
v 293.36884958 6.52347087 -90.01838124
v 294.02008033 6.16389488 -92.18530411
v 293.51978232 6.44901683 -92.13535716
v 292.87777499 6.64371899 -92.09660891
v 293.06962329 6.17935995 -93.6080103
v 292.63100864 6.39687925 -93.47656143
v 292.47698679 6.04449962 -94.4075346
v 292.1197314 6.22773183 -94.24983656
v 291.99590379 5.95259632 -94.94404045
v 291.62727961 6.15043593 -94.71503509
v 291.16104955 6.25122762 -94.29342972
v 290.58573509 6.33633339 -93.61375505
v 291.17949639 5.97033604 -95.02222831
v 290.70048194 6.03000263 -94.49322849
v 290.15024246 6.07081772 -93.78854468
v 289.49214215 6.10134151 -92.83224413
v 289.91654034 6.40119295 -92.66228294
v 290.33253813 5.73026024 -94.70969637
v 289.77686665 5.74861484 -93.99108689
v 289.14266165 5.76108306 -93.03178502
v 288.0451895 5.73880809 -91.39115145
v 288.41051059 6.08474888 -91.22825735
v 289.47782143 5.39429389 -94.17502313
v 288.87914389 5.40079857 -93.19735672
v 287.81117462 5.36887632 -91.52449329
v 286.81376098 5.7463227 -88.89181223
v 289.15999466 5.22349012 -93.01757404
v 289.78065259 5.21908245 -93.96960581
v 290.22681717 5.20832819 -93.68330658
v 290.33846394 5.20641911 -94.65048759
v 290.74520539 5.20617665 -94.33168964
v 290.84130238 5.20420515 -95.16968786
v 291.21687842 5.2061866 -94.82150225
v 291.66398675 5.20716772 -94.43900727
v 291.60284659 5.21154624 -95.16336699
v 292.01957413 5.21368132 -94.76928374
v 292.59579941 5.21493781 -94.29766558
v 292.35151861 5.23861124 -95.08891569
v 292.92606491 5.25360616 -94.63975527
v 293.79194189 5.25537225 -93.87520426
v 293.01151737 5.48178472 -94.75920985
v 293.76948414 5.55022859 -93.89475397
v 294.46817081 5.80033336 -92.25368693
v 293.43930644 5.89590909 -93.74632873
v 292.78567244 5.7838268 -94.58010206
v 292.52487617 5.43549854 -95.28101639
v 292.28937984 5.73081613 -95.11500574
v 292.1562465 5.40569491 -95.6536789
v 291.92249499 5.63455728 -95.52127532
v 291.60602897 5.82627904 -95.33657091
v 291.25917119 5.61430868 -95.63226366
v 290.81493249 5.67038069 -95.26670664
v 291.04017936 5.28741143 -95.82710231
v 290.57610564 5.30720359 -95.44409156
v 290.03940226 5.38953266 -94.91858688
v 291.2675661 5.20953633 -95.53365917
v 291.93496664 5.23830192 -95.45120803
v 287.24539085 6.08380617 -88.84527263
v 287.70196951 6.37242223 -88.79081547
v 288.83416256 6.40623676 -91.08165924
v 289.44439544 6.71689425 -90.87596208
v 295.17961992 5.24151242 -85.43379665
v 294.78103745 5.21506504 -85.1548169
v 294.46355635 5.21537161 -85.85685055
v 294.05800007 5.2083618 -85.60927214
v 293.73491688 5.20743692 -86.55280475
v 293.43655203 5.20582001 -85.34691759
v 293.24215234 5.20525589 -86.33539313
v 293.0277585 5.20542735 -87.89241234
v 292.49030891 5.20416675 -86.1020312
v 292.37344413 5.20400488 -87.74526006
v 291.44886315 5.20300867 -87.67770026
v 295.45678352 5.22538858 -84.87120074
v 278.57788591 9.54440684 -98.67557636
v 281.70196529 5.20081461 -98.46152819
v 279.83999151 8.93643686 -95.82084728
v 256.17708498 5.36470767 -89.23438477
v 259.47084023 8.75789318 -90.92009844
v 280.11100981 5.19431576 -97.93962289
v 259.71588919 7.99440971 -87.57234693
v 258.98406185 5.17171913 -89.40370948
v 279.01642924 9.87197914 -98.78678966
v 279.390244 8.98810943 -98.96105804
v 278.67712139 8.86151421 -98.7570289
v 277.48703641 8.91251309 -98.33472121
v 277.60046641 9.81851721 -98.28866993
v 277.7817909 10.51006106 -98.24094517
v 256.44462735 5.77791436 -88.89314554
v 256.39956646 5.89916692 -89.10060947
v 256.37626922 5.77368707 -89.36535628
v 281.35592505 5.21480132 -98.73409928
v 281.49941759 5.33881961 -99.00816828
v 281.78922842 5.435479 -98.50925845
v 281.77026581 5.42728642 -98.09207549
v 281.58708675 5.20929902 -98.15680406
v 281.19643829 5.20080673 -98.3665176
v 280.15114076 9.31152088 -96.22922381
v 279.29466277 10.00538823 -95.35545122
v 279.23745121 9.22321816 -95.16002
v 279.99669094 8.31317353 -95.93622512
v 280.50546616 8.54315367 -96.55000251
v 279.22946782 8.28723471 -95.04934989
v 256.57867425 5.71505476 -89.76230916
v 256.55456496 5.29436158 -89.65402584
v 256.97770117 5.19144682 -89.24509513
v 256.76436355 5.25371316 -88.77887605
v 259.31056061 8.05889 -90.96300025
v 258.6078219 8.20642002 -90.65227898
v 259.0689382 9.06892155 -90.70136449
v 260.24075465 8.90206455 -91.13200673
v 260.31345015 7.97939867 -91.30239589
v 260.05407498 9.631263 -90.92978276
v 279.66258464 5.19282711 -97.67146873
v 279.52252138 5.1936275 -98.09074218
v 280.18875323 5.19643266 -98.26660724
v 280.39616229 5.19507055 -97.78663807
v 279.9128571 5.1932544 -97.32281675
v 280.62881093 5.19754341 -98.17797239
v 259.27323346 8.4186486 -87.76227483
v 258.78178576 7.70178035 -87.87129888
v 259.51194509 7.40260481 -87.58319447
v 260.61755975 7.35188936 -87.21987609
v 260.55036209 8.1255652 -87.30963574
v 260.31563941 8.92192564 -87.45097743
v 258.72998425 5.17203463 -89.68661783
v 259.6117073 5.17228908 -89.97892518
v 259.72363939 5.17207338 -89.49672834
v 259.68282259 5.17245368 -88.91084069
v 258.75731159 5.17186796 -89.07133703
v 258.26245655 5.17226507 -89.34992173
v 258.68218541 5.1732095 -88.71016401
v 258.04893786 5.17324654 -88.98850729
v 257.62209254 5.17543545 -89.32022132
v 257.97933696 5.1741481 -89.71489714
v 258.58487582 5.17366834 -90.07564767
v 259.45484052 5.1734739 -90.40733426
v 257.74037018 5.18611427 -90.11579507
v 258.39446782 5.1823225 -90.50256432
v 259.26657514 5.17845186 -90.84982813
v 260.3983649 5.17893059 -91.16031896
v 260.56129742 5.17439535 -90.68725775
v 258.18894076 5.25715582 -90.91985702
v 259.08139887 5.23424987 -91.28078312
v 260.24835122 5.22044251 -91.62536385
v 261.71814844 5.219805 -91.87720007
v 261.84219553 5.18037775 -91.38908839
v 259.03955602 5.5898664 -91.38131899
v 260.1884895 5.53898291 -91.78454335
v 261.63560127 5.51607456 -92.12195823
v 263.27658326 5.49846651 -92.39999973
v 263.39631493 5.21292207 -92.12601303
v 260.20608314 6.00755963 -91.63215111
v 261.62435868 5.97725773 -91.96843021
v 263.25559874 5.97265596 -92.29075621
v 264.80929016 5.92943214 -92.85876765
v 264.8000585 5.46067229 -92.88675067
v 261.60593378 6.4836393 -91.84148057
v 263.24584858 6.48455801 -92.18011354
v 264.84313315 6.44849489 -92.78109556
v 266.22323108 6.37986653 -93.9179689
v 266.14462348 5.84939829 -93.95302998
v 263.23759358 7.16761327 -92.08280395
v 264.86095724 7.11500417 -92.71992797
v 266.28581428 6.98693006 -93.88416431
v 267.73404538 6.87042879 -95.36521236
v 267.66099323 6.2817058 -95.42201241
v 264.87218337 7.97434766 -92.66992066
v 266.33016737 7.81272377 -93.83187996
v 267.79390435 7.67976652 -95.30264562
v 269.735734 7.65134678 -96.63194338
v 269.69278006 6.83609712 -96.7048419
v 266.3744409 8.75489649 -93.73608475
v 267.82265005 8.67601832 -95.21466919
v 269.76350029 8.66392613 -96.57134642
v 272.0649337 8.79789073 -97.2254084
v 272.03140346 7.73707805 -97.29452097
v 267.87870388 9.82530356 -95.04141039
v 269.80321972 9.84898351 -96.44226239
v 272.11606307 9.96028486 -97.08695828
v 274.28479112 10.04922509 -97.35782296
v 274.22632856 8.94798912 -97.49745823
v 269.9606928 11.00321177 -96.04911192
v 272.2153397 11.04908309 -96.70909422
v 274.38436679 11.03231874 -97.0288359
v 276.23381405 10.85866382 -97.54490866
v 276.13873213 9.99956037 -97.77908814
v 272.39424448 11.89650881 -96.06753681
v 274.52918167 11.82598671 -96.47577069
v 276.43106692 11.52932382 -97.13982425
v 278.00748768 11.07377223 -98.02976663
v 274.75026948 12.40201472 -95.82918183
v 276.69948994 11.97886291 -96.66557239
v 278.28450862 11.41744712 -97.66984462
v 279.69545097 10.54582002 -98.6520377
v 279.32766079 10.25698923 -98.78595017
v 277.01546763 12.27287411 -96.18338104
v 278.58032208 11.56912307 -97.27057629
v 280.02340649 10.67670743 -98.32200814
v 280.81428898 9.37551541 -98.76413439
v 280.39843934 9.28495896 -98.96842142
v 278.90759723 11.60819856 -96.83510012
v 280.26576689 10.62921577 -97.86623056
v 281.02044703 9.36321043 -98.33381039
v 281.0834637 9.23705158 -97.86669695
v 281.31482842 8.25250284 -97.96888984
v 281.27746834 8.32317797 -98.44175901
v 281.01566248 8.32381205 -98.81367531
v 280.36318073 10.42836958 -97.41852417
v 279.17466499 11.43992904 -96.38521544
v 279.32730963 11.08003116 -95.95634546
v 280.38956707 10.15932672 -96.97683686
v 281.00451866 9.04643148 -97.42236497
v 280.79859105 8.78104673 -96.97215108
v 280.94602317 7.9796749 -97.05149666
v 281.19125869 8.13479994 -97.5035322
v 280.32798248 9.73531011 -96.5659254
v 279.35469458 10.6147253 -95.62288112
v 277.77481709 11.65841694 -94.65122831
v 277.9853372 11.09663506 -94.25801199
v 278.15372366 10.33191349 -94.04392542
v 276.40539935 11.2324496 -92.86540676
v 276.67287863 10.35500709 -92.54796956
v 276.85008249 9.36130923 -92.41332733
v 278.22642465 9.43047702 -93.97154267
v 276.93433881 8.34240584 -92.37360241
v 278.25913735 8.39155085 -93.90386765
v 276.97392107 7.38849122 -92.32520276
v 278.29031373 7.44834368 -93.8521265
v 279.27527219 7.46174775 -95.02657939
v 280.07279378 7.5776621 -95.94661724
v 278.33049954 6.71373107 -93.81184192
v 279.33669766 6.80690081 -95.02779748
v 280.1144391 6.94443256 -95.91372896
v 280.66725741 7.09263044 -96.56547548
v 280.60257822 7.79328877 -96.58799907
v 279.37860086 6.32717718 -94.99057457
v 280.1641556 6.42246074 -95.8792879
v 280.73883359 6.51085519 -96.54355544
v 281.13043677 6.60337097 -97.11185769
v 281.03787332 7.2321162 -97.08526833
v 280.21381724 5.97111003 -95.83121746
v 280.79513981 6.03831935 -96.50344645
v 281.21003475 6.08824984 -97.10600869
v 281.46213433 6.13546776 -97.62759574
v 281.37066278 6.68517021 -97.61110222
v 280.8583156 5.58018448 -96.46706852
v 281.28743798 5.65944673 -97.07728494
v 281.54864028 5.69990483 -97.62177967
v 281.67944719 5.73222796 -98.09970772
v 281.58912787 6.18431562 -98.09222364
v 281.34885248 5.31396821 -97.06243199
v 281.63841639 5.3599948 -97.61100895
v 281.04609265 5.20588825 -97.26946794
v 281.38321673 5.20891803 -97.75223541
v 280.68912806 5.19684178 -97.53400626
v 280.99638163 5.19808215 -97.97336713
v 280.75528321 5.20390543 -98.57081012
v 280.17916218 5.2025855 -98.64241373
v 280.17249564 5.22391947 -99.03806622
v 280.84978901 5.22850512 -98.9471653
v 280.2014224 5.34869185 -99.42605356
v 280.94161173 5.35291331 -99.28996279
v 280.18946652 5.73746724 -99.42408377
v 280.92141457 5.76244003 -99.33665055
v 281.44888904 5.7666584 -99.02016257
v 281.6813621 5.7595097 -98.55397641
v 280.83576458 6.23657975 -99.24126136
v 281.32353059 6.2485905 -98.97266277
v 281.57974533 6.23116318 -98.55107935
v 281.22072865 6.82690867 -98.92724797
v 281.48678134 6.80102815 -98.51894277
v 281.50685779 6.75381229 -98.05915978
v 281.39622609 7.50719135 -98.47828508
v 281.42563021 7.44673294 -98.01575866
v 281.28243944 7.35583853 -97.56038711
v 281.1216084 7.50922458 -98.86868664
v 280.7308063 6.81229337 -99.14779259
v 280.65140585 7.48696093 -99.09723659
v 280.57787634 8.27799894 -99.04569297
v 280.06126039 7.44427448 -99.12389179
v 280.04528812 8.22036986 -99.08007916
v 279.92955912 9.14759722 -99.02968229
v 279.42240801 8.13454343 -99.00474448
v 279.39200528 7.3785281 -99.05256252
v 278.5170201 7.29731561 -98.82114294
v 278.57744147 8.04578667 -98.77672675
v 277.42308697 7.22009344 -98.42245621
v 277.41964671 8.01483405 -98.36740099
v 276.00704184 7.13034202 -97.95370219
v 276.03452007 8.00215373 -97.92210881
v 276.08317761 9.00007509 -97.8830094
v 274.1913004 7.88575894 -97.56253796
v 274.17574513 6.99186275 -97.61048769
v 272.0086988 6.86424166 -97.37022328
v 274.1664833 6.39103025 -97.67667577
v 271.98906679 6.26999614 -97.45663594
v 269.64907442 6.25382428 -96.78185556
v 271.96146511 5.75669048 -97.56771208
v 269.5967352 5.73004145 -96.87224621
v 267.57246538 5.76072092 -95.49053789
v 269.58635679 5.25180921 -96.88394969
v 267.54229035 5.27512874 -95.47421446
v 266.07768096 5.37519239 -93.94693956
v 267.83430141 5.18195282 -95.039276
v 266.36069081 5.19551602 -93.58964576
v 264.96338059 5.20190753 -92.602306
v 266.7072331 5.1829288 -93.14411216
v 265.21582585 5.1818424 -92.11701457
v 263.56895645 5.18056225 -91.61845589
v 265.47472641 5.17902764 -91.63493295
v 263.7391426 5.17737506 -91.10722255
v 261.97355661 5.17568888 -90.89158868
v 263.94159153 5.17645567 -90.49018047
v 262.13534512 5.17453218 -90.2826507
v 260.72420798 5.17318652 -90.15671064
v 262.28384443 5.17438335 -89.52852473
v 260.82337762 5.17296431 -89.52177589
v 262.31674094 5.17447662 -88.7633976
v 260.80198432 5.17316801 -88.83016728
v 262.26160615 5.17468307 -88.03290905
v 260.70906149 5.17385764 -88.26272648
v 259.5747368 5.17368309 -88.47230285
v 260.59849838 5.17555445 -87.78589579
v 259.45065679 5.17681986 -88.05406093
v 258.56333438 5.17729687 -88.31014947
v 259.3147224 5.18811732 -87.61969311
v 258.42470046 5.18870887 -87.91163832
v 257.7053091 5.18269972 -88.18254689
v 257.87801921 5.17685278 -88.58952427
v 257.17799376 5.21537744 -88.48963586
v 257.37875273 5.17721937 -88.90470637
v 257.2917173 5.18690163 -89.70090563
v 256.96948733 5.2801163 -90.1011177
v 257.48771093 5.26677773 -90.52127454
v 256.95551502 5.67256103 -90.17776375
v 257.47947789 5.67009571 -90.58719376
v 258.15584947 5.65017633 -90.98487639
v 257.59381048 6.18625729 -90.48345357
v 258.2314969 6.14048379 -90.85773471
v 259.09642466 6.07202518 -91.24719252
v 258.30257103 6.67734663 -90.7626089
v 259.13711801 6.5614225 -91.13181469
v 260.22473849 6.49015256 -91.51088586
v 259.21286695 7.243807 -91.04188494
v 260.27010116 7.15929896 -91.40407302
v 261.58039516 7.12685614 -91.72528519
v 261.57471077 7.99463415 -91.5959323
v 263.22800528 8.0380243 -91.99092088
v 261.57353109 8.98292657 -91.43542498
v 263.21562691 8.98429143 -91.85012787
v 264.88433952 8.89146153 -92.57792785
v 263.23613682 9.97494783 -91.63198102
v 264.94164985 9.91794236 -92.36986586
v 266.45651894 9.8581425 -93.52434107
v 265.06365857 10.86530537 -92.03593513
v 266.63766786 10.92739655 -93.15229308
v 268.07936135 10.97452347 -94.67298923
v 266.93589005 11.81141625 -92.61195191
v 268.49019051 11.89611033 -94.07943642
v 270.28511478 11.89652853 -95.36428508
v 269.00148421 12.50745378 -93.32771919
v 270.72516151 12.50445247 -94.48633699
v 272.66811596 12.46751728 -95.20875984
v 271.21354479 12.82877929 -93.51741664
v 273.03143708 12.77880713 -94.33048253
v 275.06094686 12.72931782 -95.15223962
v 273.485821 12.85459928 -93.49534846
v 275.41855341 12.78721421 -94.49018328
v 277.35854496 12.37034127 -95.64158585
v 275.79442575 12.55040635 -93.85861198
v 277.59381633 12.12277812 -95.1042021
v 276.1160604 11.96259247 -93.30619421
v 273.96622363 12.67713635 -92.74379584
v 274.37006801 12.06963764 -92.14459705
v 274.67037521 11.24679432 -91.69518972
v 272.61321986 12.10724583 -91.03462581
v 272.8948525 11.25900003 -90.55884312
v 273.12127356 10.30823418 -90.1786197
v 274.92285888 10.31355483 -91.32744893
v 273.26189647 9.26941647 -89.93904663
v 275.08794773 9.28374354 -91.10625137
v 273.32291592 8.26050818 -89.83396215
v 275.1623277 8.27420511 -91.01278259
v 273.36982863 7.33902711 -89.76236403
v 275.20679876 7.33523192 -90.94867404
v 273.42004443 6.57791191 -89.69187425
v 275.24908055 6.58615044 -90.8713586
v 277.01935782 6.63160296 -92.25705038
v 275.28976019 6.04331583 -90.78390891
v 277.06808668 6.10832697 -92.18678557
v 278.38293753 6.21878926 -93.76704165
v 277.14234594 5.59964057 -92.08281492
v 278.45377298 5.74078062 -93.71514138
v 279.44725254 5.87925268 -94.94709115
v 278.50471854 5.34563875 -93.68773448
v 279.51441728 5.44127621 -94.91406021
v 280.27025515 5.51444221 -95.77977808
v 279.32088451 5.19272389 -95.11055589
v 280.17213351 5.19701839 -95.89141936
v 280.82161943 5.2188208 -96.5091473
v 279.86084709 5.19505237 -96.178591
v 280.52859879 5.20002622 -96.75752679
v 279.53309458 5.1927112 -96.48768816
v 280.20081885 5.19477495 -97.03516226
v 279.22798637 5.19194372 -96.83280661
v 278.64293821 5.19131925 -95.77781927
v 278.29547138 5.19076096 -96.158328
v 278.00893622 5.19048936 -96.58829536
v 278.99287412 5.19169578 -97.23312842
v 277.76433169 5.19062242 -97.1172403
v 278.77789318 5.19208364 -97.7007686
v 277.59418943 5.19171053 -97.60657007
v 278.65089965 5.1934533 -98.14115003
v 279.4629779 5.19644432 -98.47297928
v 278.52298432 5.20094287 -98.60350636
v 279.40007097 5.21267893 -98.92665539
v 278.39787827 5.29356393 -99.01897192
v 279.34228329 5.33869684 -99.30846451
v 278.39112942 5.69564977 -99.05405495
v 279.34321606 5.72545408 -99.32488122
v 278.43628085 6.16509616 -98.95902242
v 279.36793988 6.19027848 -99.22500378
v 280.16400197 6.21148487 -99.30708731
v 279.38694639 6.71903996 -99.1258945
v 280.11889993 6.76503122 -99.1974213
v 278.48007153 6.67328051 -98.88088943
v 277.31238395 6.11684053 -98.54102741
v 277.35711289 6.61079779 -98.462653
v 275.92898018 6.03360613 -98.09168044
v 275.97572829 6.52583777 -98.01288903
v 274.1608428 5.89068594 -97.77725004
v 275.88321971 5.54836751 -98.17431814
v 274.16634064 5.42460197 -97.87667207
v 271.96086704 5.30845254 -97.6342568
v 274.21719292 5.20891357 -97.54094165
v 272.0930923 5.18968862 -97.19842399
v 269.8095159 5.18231736 -96.40243323
v 272.25117168 5.18602271 -96.63842886
v 270.05684191 5.18253752 -95.88054439
v 268.17287676 5.181554 -94.56240142
v 270.31428571 5.18269184 -95.33768475
v 268.52493609 5.18137602 -94.0517058
v 267.03476613 5.18073817 -92.67245011
v 269.01264175 5.18146758 -93.31262482
v 267.47608856 5.18004888 -92.00528001
v 265.78860263 5.17830783 -91.00177594
v 267.99032321 5.18025464 -91.1260425
v 266.15077974 5.17837436 -90.12425034
v 264.1784102 5.17634662 -89.63339522
v 266.44955611 5.1786319 -89.18596317
v 264.32565027 5.17647899 -88.74464349
v 266.66902804 5.17890521 -88.29530749
v 264.38447772 5.17676259 -87.89851922
v 266.80420524 5.1792646 -87.63868864
v 264.40459257 5.17759831 -87.32031867
v 262.20593915 5.17541591 -87.49859795
v 264.44231204 5.18073611 -86.79688803
v 262.14603628 5.17684901 -87.00243704
v 260.46928266 5.18246996 -87.31521589
v 262.10658296 5.17651911 -86.59349536
v 260.36859865 5.28935687 -86.91014245
v 259.24293772 5.40265965 -87.34093283
v 260.43727502 5.70473087 -86.96620177
v 259.30698318 5.82597863 -87.39821572
v 258.44737219 5.9319122 -87.7608647
v 258.38036383 5.47589423 -87.71477502
v 257.77699228 6.01607079 -88.04383341
v 257.68008049 5.51981694 -88.00281908
v 257.26843378 6.09824314 -88.26922841
v 257.14289427 5.58901457 -88.28358206
v 256.87256731 6.18772811 -88.47644543
v 256.74450109 5.66789445 -88.52701788
v 256.59457245 6.25831048 -88.77155657
v 256.7543171 6.92303001 -88.71881132
v 256.63412728 6.97670974 -89.0743987
v 256.48616842 6.29956143 -89.08852739
v 257.05612221 6.83190995 -88.47526027
v 257.26060677 7.60635619 -88.45842656
v 256.95213785 7.73499098 -88.7060324
v 257.43744849 6.71711166 -88.28231459
v 257.63943652 7.44003416 -88.27791412
v 257.95581476 8.28220239 -88.23513302
v 257.58167353 8.52046548 -88.41118464
v 257.91036978 6.57012364 -88.07881767
v 258.07063842 7.2483172 -88.09282015
v 258.33829602 7.99235368 -88.06228574
v 258.96258077 8.85702218 -87.91786592
v 258.65633403 9.26407415 -88.0967268
v 258.60819775 7.0363561 -87.86779825
v 258.50590883 6.42192645 -87.82609258
v 259.37397233 6.28810931 -87.47606888
v 259.43354325 6.79577413 -87.53601838
v 260.58174971 6.67236352 -87.14072803
v 260.51232987 6.16339214 -87.06768137
v 262.1775693 6.0895931 -86.63877847
v 262.2031573 6.63872628 -86.72760536
v 262.12967993 5.58729306 -86.51436925
v 264.47341709 5.54663743 -86.15347606
v 264.48422073 6.05539723 -86.29827997
v 264.46013338 5.19246497 -86.31736329
v 267.01788853 5.1811147 -86.6149929
v 267.07598073 5.49863901 -86.37126078
v 266.90406622 5.18007803 -87.11996573
v 269.2579486 5.18216064 -87.94357189
v 269.42281249 5.18189453 -87.44939173
v 269.0788408 5.18139351 -88.48295834
v 271.04822823 5.18346068 -89.56702059
v 271.31663205 5.18518699 -89.04394659
v 268.81946562 5.18105092 -89.18998504
v 270.69808108 5.18296618 -90.27839838
v 272.39581098 5.18468631 -91.35826866
v 272.79116444 5.18515818 -90.7277618
v 268.46309362 5.18068296 -90.11902684
v 270.2217497 5.18247133 -91.24008154
v 271.8367157 5.18410882 -92.27840527
v 273.52376817 5.18582072 -93.15787871
v 274.10752143 5.18646131 -92.33743847
v 269.6036706 5.18188424 -92.35084289
v 271.22761312 5.18350664 -93.40383301
v 272.9743188 5.18527375 -94.20886064
v 274.80236728 5.18711939 -94.87578932
v 275.29062711 5.18762076 -94.04186236
v 270.72594064 5.18304437 -94.4410429
v 272.62848706 5.18502513 -95.22960993
v 274.53149164 5.18700623 -95.75575109
v 276.2832178 5.18887828 -96.37957494
v 276.52899103 5.18886079 -95.70485491
v 272.40057633 5.18510434 -96.08401936
v 274.38639693 5.18773049 -96.48245918
v 276.14163469 5.18971468 -96.96347086
v 274.29160033 5.19105896 -97.0077389
v 276.0299111 5.19275029 -97.4548143
v 277.44688352 5.19546732 -98.06886604
v 275.9225002 5.21603861 -97.93594669
v 277.30385736 5.22458269 -98.49264421
v 277.26914195 5.62116486 -98.63441388
v 276.94119191 5.18929048 -95.11021022
v 277.39470341 5.18999588 -94.66032005
v 275.85543971 5.18838617 -93.39523509
v 277.79740652 5.19136006 -94.29491666
v 276.28156077 5.18945268 -92.93618734
v 274.51458111 5.18698085 -91.79242249
v 276.65986927 5.19239262 -92.54649908
v 274.85794925 5.18766739 -91.32283447
v 273.09870607 5.18597367 -90.2353155
v 275.16761704 5.18812452 -90.89001943
v 273.38390793 5.18581318 -89.78010855
v 271.57058894 5.21389633 -88.56404875
v 273.52913432 5.51105716 -89.54736663
v 271.73646516 5.51883582 -88.22792328
v 269.52224275 5.50034885 -87.16393199
v 271.66539377 6.04496052 -88.31653069
v 269.46525615 6.02574894 -87.25431715
v 267.02917776 6.02228879 -86.49647657
v 269.42032419 6.60996516 -87.35750317
v 266.99303577 6.58796008 -86.60902868
v 264.48689009 6.60823885 -86.40260177
v 266.96664119 7.34218103 -86.70317783
v 264.48351018 7.3469889 -86.49152193
v 262.21806238 7.3675115 -86.81249816
v 264.4606903 8.27977085 -86.56714742
v 262.17507826 8.250805 -86.89454877
v 264.37222829 9.235104 -86.64593334
v 262.05001062 9.15692044 -86.98851137
v 264.24641168 10.19903364 -86.79644908
v 261.89505326 9.96192226 -87.12858559
v 260.10115778 9.54136823 -87.60209672
v 261.757503 10.68920403 -87.43707371
v 259.90802281 10.10438135 -87.83325843
v 261.65650898 11.27003241 -87.90989898
v 259.77587436 10.62595559 -88.22398371
v 258.33766778 9.65604495 -88.33407221
v 259.68343437 10.95556069 -88.6967157
v 258.13778121 9.89814348 -88.68127566
v 257.28293832 8.6922411 -88.66272456
v 258.03052394 10.02302195 -89.11838143
v 257.12459831 8.78535735 -89.06840156
v 256.82997825 7.79234349 -89.07976486
v 257.22286535 8.75714302 -89.4795709
v 256.89401273 7.78914276 -89.47450104
v 256.70031809 6.98102208 -89.44864692
v 257.13676818 7.73203836 -89.81962497
v 256.9404179 6.93411828 -89.78030608
v 256.7596421 6.26901879 -89.76211163
v 256.54050212 6.30540838 -89.4179479
v 257.28043631 6.86999258 -90.09378176
v 257.11279057 6.22479978 -90.11064291
v 257.73278185 6.78234228 -90.42715831
v 257.47014473 7.63448581 -90.11214631
v 257.90575258 7.5209387 -90.41760568
v 258.42450019 7.39530076 -90.69446201
v 258.16497413 8.34959364 -90.42405275
v 258.74640918 9.30272784 -90.50943388
v 257.78950233 8.50447126 -90.16240052
v 258.44871922 9.54469704 -90.28234343
v 259.69557681 10.55807794 -90.53444302
v 259.86953793 10.13240063 -90.74231846
v 257.43960209 8.66505368 -89.86307547
v 258.18202456 9.81046043 -89.98435718
v 259.57453104 10.91416403 -90.21261084
v 261.42587127 11.67908734 -90.36946939
v 261.44317959 11.23645424 -90.77476231
v 258.0416513 10.00205612 -89.58513822
v 259.55346421 11.09744794 -89.75298148
v 261.46033154 11.86446439 -89.79643747
v 263.61391035 12.31708196 -89.81229452
v 263.50746239 12.03486428 -90.46860062
v 259.60342214 11.0973517 -89.20696141
v 261.5162921 11.85512069 -89.17281115
v 263.72240217 12.36041038 -89.08935042
v 265.99455218 12.6941062 -89.43063903
v 265.75409847 12.59696739 -90.20237235
v 261.5800248 11.69445279 -88.5124722
v 263.83606811 12.21012904 -88.32148533
v 266.23791942 12.49813657 -88.64341079
v 268.50379794 12.66498791 -89.49041844
v 268.14892659 12.84686692 -90.33285004
v 263.97260605 11.74097028 -87.64949777
v 266.47336637 11.96227697 -87.94829608
v 268.80762771 12.07024085 -88.7785633
v 270.81811452 12.11494613 -89.86565978
v 270.46322397 12.71330457 -90.58999755
v 266.66030667 11.21615643 -87.3949236
v 269.03039451 11.22842043 -88.23308093
v 271.06765174 11.24634251 -89.35978163
v 269.18310773 10.2679209 -87.82045208
v 271.2828741 10.28271978 -88.93466466
v 269.27124327 9.22979503 -87.58136734
v 271.42560397 9.24903696 -88.65304573
v 269.31892689 8.26394982 -87.49263373
v 271.48591012 8.26855467 -88.54174463
v 269.36836356 7.36404483 -87.43237147
v 271.53065552 7.37229262 -88.47696668
v 271.59220171 6.62044061 -88.4018405
v 273.48226002 6.02247774 -89.60653701
v 275.32261555 5.52383024 -90.69466502
v 277.01185178 5.20315099 -92.19894995
v 278.1867985 5.19657155 -93.96091461
v 278.98563694 5.19233878 -95.4402727
v 266.93325909 8.25665777 -86.77292688
v 266.88352613 9.2452896 -86.84529865
v 266.80035072 10.28499262 -87.01638465
v 264.10711111 11.05703009 -87.12515081
v 272.21612432 12.70221493 -91.70038579
v 271.7214284 12.88625525 -92.56170867
v 270.02375062 12.8853945 -91.49030462
v 269.52978719 12.8268774 -92.44083848
v 267.75518353 12.78804033 -91.1804832
v 267.31878831 12.46524846 -91.94787092
v 265.49621572 12.2578118 -90.92075686
v 265.25211324 11.64934123 -91.55610313
v 263.40508294 11.50364202 -90.99377609
v 263.30703263 10.79264071 -91.36869371
v 261.48149713 10.63896945 -91.02827751
v 261.51854994 9.94141432 -91.22809823
v 209.04449057 14.05571184 -114.09493992
v 238.00075047 10.86549938 -103.81876241
v 239.92608385 5.1573456 -99.8497988
v 236.62973537 10.30128286 -99.667558
v 208.19559955 14.12194861 -107.3078172
v 208.41914823 5.11885317 -104.13867967
v 207.6100754 5.11477745 -112.63472002
v 236.29682589 5.14632317 -102.54318656
v 208.63284112 13.13284705 -114.30875764
v 207.90288069 13.36108683 -113.51476959
v 208.73219868 14.37917396 -113.48191423
v 209.77286118 14.80422336 -113.5383686
v 209.82990539 14.0930143 -114.3036768
v 209.68913159 12.96109097 -114.71609715
v 238.24894546 10.00957647 -103.79204137
v 237.3527844 10.08006694 -104.84357747
v 237.32402636 11.25788405 -104.49127672
v 238.2636098 11.38362478 -103.19071367
v 238.80158888 10.26602744 -102.8399273
v 237.34157611 12.25141806 -103.9679997
v 239.67050421 5.15589672 -99.68738205
v 239.617117 5.15349725 -100.09180256
v 239.97422562 5.1577091 -100.16225393
v 240.15268185 5.17184739 -99.67631504
v 239.83271246 5.16276216 -99.32456298
v 240.32451132 5.16867769 -100.10557459
v 235.83362047 10.61442905 -99.84572206
v 235.77190144 9.36622692 -99.7843734
v 236.84518748 9.42546785 -99.55489616
v 237.59565028 9.51736164 -99.46298566
v 237.16016108 10.64427776 -99.68577989
v 236.24360602 11.48102524 -99.93137205
v 208.75528193 14.50993526 -107.06424969
v 208.63740619 14.90896285 -108.21801161
v 207.9583872 14.13608038 -108.10699035
v 207.91206433 13.28368445 -106.48399157
v 208.63014021 13.58442837 -105.67617661
v 207.49076622 12.91721215 -107.41520616
v 208.28469392 5.11618003 -104.85986798
v 209.16934834 5.11651679 -105.10840659
v 209.24224137 5.118323 -104.34566076
v 209.2245229 5.12335754 -103.81002183
v 208.14302988 5.12310035 -103.70971093
v 207.75677091 5.11872628 -104.61765024
v 208.14398459 5.11485496 -112.78398475
v 208.12412625 5.11462862 -111.76444257
v 207.47239757 5.11413378 -111.77303501
v 207.38198772 5.11717179 -112.98364087
v 208.08994718 5.11688544 -113.35741722
v 207.01072161 5.11436731 -111.87387265
v 236.8689319 5.1470464 -102.8153187
v 237.19800606 5.14735538 -101.92979324
v 236.33159685 5.1463554 -101.89109437
v 235.52206107 5.14545041 -102.95224895
v 235.98315405 5.14604711 -103.61002553
v 235.17128704 5.14505879 -102.17576949
v 236.22204675 5.14630431 -101.21684621
v 234.95397967 5.1448983 -101.48769443
v 233.57176588 5.14333968 -101.94270933
v 233.88279305 5.14362191 -102.67864084
v 234.31917386 5.14410682 -103.53856458
v 234.83656072 5.14475324 -104.32538678
v 232.54621215 5.14212949 -103.33638999
v 233.02954751 5.14266617 -104.2128676
v 233.58080686 5.14330745 -105.0614006
v 234.06027947 5.14399742 -105.73319064
v 235.31862656 5.1455502 -104.94188567
v 231.732732 5.14122004 -105.08101066
v 232.30528554 5.14188086 -105.94923054
v 232.81072989 5.14257598 -106.64506403
v 233.18527166 5.1434772 -107.15096414
v 234.40672505 5.14489692 -106.21694575
v 231.02784861 5.14045428 -106.97542829
v 231.56560786 5.14115454 -107.68871002
v 231.99956863 5.14218127 -108.23973412
v 232.23578854 5.14338941 -108.54136914
v 233.38639551 5.14432869 -107.42769427
v 230.26071739 5.13969949 -108.76116206
v 230.73034519 5.1406909 -109.36708775
v 230.96233679 5.14177044 -109.69507071
v 231.17981013 5.14392815 -109.99009954
v 232.45980531 5.14553443 -108.81427493
v 229.28230545 5.13894882 -110.48538805
v 229.51352786 5.13989016 -110.85655813
v 229.7255392 5.14146557 -111.18047532
v 229.92659943 5.14389317 -111.48401429
v 231.40115446 5.14822265 -110.28370179
v 227.89957041 5.13755824 -111.99058928
v 228.07438507 5.13832229 -112.36489237
v 228.23133622 5.14005133 -112.69981073
v 228.41364354 5.14875179 -113.04707453
v 230.13462199 5.14867497 -111.78294977
v 226.08297576 5.13527913 -113.12986587
v 226.1833597 5.13612651 -113.50911811
v 226.28299777 5.14498609 -113.89515761
v 226.36321453 5.32355274 -114.18601094
v 228.53533625 5.32873372 -113.28762976
v 224.06823594 5.13365365 -113.68159778
v 224.11262915 5.132904 -114.06287467
v 224.15258794 5.34422108 -114.30142719
v 224.18707187 5.70767698 -114.24329383
v 226.36784116 5.67759249 -114.12718624
v 222.15627885 5.13906473 -113.99468938
v 222.19114892 5.36029692 -114.16921015
v 222.22564005 5.72682443 -114.10872293
v 222.2459298 6.10854885 -114.05770056
v 224.21642473 6.09859979 -114.185358
v 220.405207 5.39851569 -114.11788051
v 220.43077374 5.75665035 -114.0510395
v 220.45632059 6.12983926 -113.98865931
v 220.48313697 6.52901912 -113.96028123
v 222.26962141 6.52302986 -114.02720455
v 218.75605987 5.78421569 -114.15891679
v 218.7693566 6.15660763 -114.10454194
v 218.78609018 6.5652465 -114.06865234
v 218.81789137 7.33477651 -114.03242805
v 220.51798338 7.263153 -113.91925044
v 217.12592747 6.20226728 -114.42974854
v 217.14268917 6.64610543 -114.39998229
v 217.17224829 7.41135019 -114.36685807
v 217.21431267 8.46114936 -114.34149778
v 218.86078975 8.3932012 -114.00520221
v 215.48480077 6.74041062 -114.77037873
v 215.51837217 7.4761885 -114.7362175
v 215.56704616 8.52957402 -114.71305743
v 215.63589743 9.88219766 -114.69106607
v 217.27421005 9.82522803 -114.31344891
v 213.81558748 7.52533608 -114.97891259
v 213.8781556 8.59115467 -114.96266049
v 213.9620155 9.93879233 -114.94565121
v 214.0674676 11.45876057 -114.93049099
v 215.72673114 11.42274083 -114.64599694
v 212.17516516 8.65954966 -115.02671418
v 212.27693831 10.00654343 -115.0238226
v 212.40548188 11.49354679 -115.01022066
v 212.51313559 12.8574648 -114.92989841
v 214.15026716 12.8562901 -114.82025984
v 210.66182964 10.0953266 -114.96342317
v 210.84822263 11.54604873 -114.96471258
v 211.0156969 12.89123115 -114.88625587
v 211.09635384 14.07971448 -114.44840389
v 212.5468565 14.04212327 -114.44634083
v 209.45273953 11.62843721 -114.77322093
v 209.23804528 10.20788712 -114.74823922
v 208.03827599 10.32785432 -114.27566086
v 208.27800406 11.80746511 -114.3233966
v 207.16684766 10.47436319 -113.44566798
v 207.42810072 12.00922843 -113.52511782
v 206.76912937 10.60819654 -112.28953574
v 207.01171336 12.12563883 -112.39605777
v 207.54083251 13.52611704 -112.43667705
v 206.88919848 12.21074751 -111.12616631
v 207.42031485 13.62960003 -111.26334896
v 208.29531924 14.8446945 -111.38019179
v 208.44373488 14.63953197 -112.47912894
v 209.52156679 15.52392953 -111.4740227
v 209.62782134 15.25947352 -112.58343428
v 210.86083145 15.79134536 -111.54685538
v 210.93574776 15.52740443 -112.66695537
v 211.04457976 14.91316065 -113.60839748
v 212.37652769 15.59191695 -112.68855168
v 212.48201133 14.91375838 -113.6007433
v 213.89812917 15.64372875 -112.67325429
v 214.02472353 14.94258192 -113.52086549
v 214.13917409 14.06084823 -114.34853743
v 215.61853698 14.94649371 -113.28846376
v 215.76543893 14.06519006 -114.05500102
v 215.80667753 12.85553702 -114.52303625
v 217.35881754 14.00957551 -113.62418869
v 217.40665548 12.81215528 -114.09676156
v 217.3487025 11.36956134 -114.25732924
v 218.99881121 12.74795105 -113.75296545
v 218.97511343 11.30169291 -113.94658053
v 218.91425722 9.76703861 -113.98504346
v 220.65192191 11.22026069 -113.83804481
v 220.6027637 9.68732678 -113.87971208
v 220.558091 8.31009162 -113.88874346
v 222.37315619 9.57800224 -113.94192766
v 222.33660268 8.21921745 -113.96555411
v 222.29991714 7.21965552 -113.99303783
v 224.29235182 8.12186208 -114.06502552
v 224.2702514 7.17705034 -114.09960925
v 224.24284931 6.53473541 -114.14005843
v 226.37353687 7.11665125 -113.93647372
v 226.36892597 6.49339118 -113.99257145
v 226.3674182 6.05961868 -114.05417799
v 228.37708583 6.45744294 -113.05662168
v 228.42006095 6.03203037 -113.12989879
v 228.47532776 5.66018163 -113.21237738
v 230.09091978 6.08107268 -111.80945683
v 230.15465386 5.70875721 -111.87502489
v 230.2287828 5.36213433 -111.9373118
v 231.62192164 5.75871444 -110.62599998
v 231.70033136 5.39919263 -110.69444316
v 231.61864906 5.16527789 -110.57041254
v 232.99735126 5.43143346 -109.45215065
v 232.9318463 5.17404316 -109.35038572
v 232.69940376 5.15146333 -109.09059904
v 234.03044326 5.20156186 -108.22378928
v 233.81613036 5.15117321 -107.97311079
v 233.59986412 5.14609478 -107.70246011
v 234.97843053 5.15419648 -107.04321304
v 234.79241682 5.14768425 -106.77685858
v 234.5986584 5.14567057 -106.49606267
v 236.11235262 5.15092836 -105.97110119
v 235.90211303 5.14802993 -105.69172639
v 235.68125771 5.14660334 -105.40128457
v 237.0983817 5.14942668 -104.76165855
v 236.8371458 5.14803884 -104.51080448
v 236.44531697 5.14685745 -104.11561289
v 237.70995818 5.14876139 -103.44353204
v 237.34924263 5.14782828 -103.16495283
v 238.2895956 5.14938244 -102.4603623
v 237.84173558 5.14828232 -102.19946178
v 238.57827888 5.14964581 -101.58894907
v 238.02764572 5.14846545 -101.35871465
v 237.25590554 5.14745518 -101.17823513
v 238.04481412 5.14861908 -100.65048083
v 237.17690151 5.14765648 -100.57217776
v 236.10684998 5.14642673 -100.68132251
v 237.11598083 5.14817053 -100.17703555
v 236.01683107 5.14682144 -100.31009207
v 234.68572126 5.14523094 -100.5623014
v 234.7941637 5.14495522 -100.93570464
v 233.22702946 5.14342473 -101.00690222
v 233.3604728 5.14329442 -101.38348785
v 231.75336673 5.14185206 -101.65350755
v 231.91724505 5.14165727 -101.99956424
v 232.1861612 5.1417725 -102.58443134
v 230.55629903 5.14002699 -102.83515921
v 230.83651881 5.14023446 -103.40211168
v 231.22114956 5.1406494 -104.17353774
v 229.54145567 5.13877701 -104.2844383
v 229.92666425 5.13920361 -105.0851752
v 230.42583128 5.13976259 -106.04352784
v 228.60955007 5.13773245 -105.95343348
v 229.09500371 5.13827633 -106.97598795
v 229.70736961 5.13897968 -107.98819968
v 227.7227232 5.13674138 -107.86135977
v 228.30475958 5.13741009 -108.96564661
v 228.86198436 5.13812613 -109.82468148
v 226.87314971 5.13580313 -109.90500921
v 227.36309379 5.1364396 -110.84836624
v 227.6987197 5.13705859 -111.5347733
v 225.60828684 5.13442044 -111.47790192
v 225.8393424 5.13476577 -112.26137714
v 225.98321903 5.13500788 -112.75697291
v 223.8545475 5.13279907 -112.43753849
v 223.94989039 5.13325722 -112.9187038
v 224.01422459 5.13362759 -113.30111099
v 222.03784963 5.1321938 -112.89318986
v 222.08613475 5.13410597 -113.26385516
v 222.1249317 5.13752463 -113.63455886
v 220.29724809 5.13334021 -113.26507873
v 220.33712595 5.13961273 -113.63529411
v 220.37313695 5.16791536 -113.98032476
v 218.66571037 5.13866179 -113.75918207
v 218.71525472 5.17567722 -114.10914542
v 218.74468422 5.42283348 -114.21695687
v 217.07974863 5.16163564 -114.37506643
v 217.10820215 5.43649955 -114.50732735
v 217.11539063 5.81826958 -114.46904548
v 215.43134086 5.46364 -114.82319531
v 215.44252721 5.8625678 -114.80208733
v 215.46131012 6.26709598 -114.79256213
v 213.71468126 5.90746203 -114.9870167
v 213.7407425 6.32281752 -114.98866824
v 213.77154852 6.78449588 -114.98715936
v 212.01738893 6.34400986 -115.03475793
v 212.05116882 6.81302073 -115.03389649
v 212.10151769 7.58371103 -115.02994594
v 210.40213623 6.84334527 -114.95938483
v 210.45010242 7.65678238 -114.95827649
v 210.53324766 8.74615814 -114.9565152
v 209.05628733 7.74946928 -114.72370744
v 209.13519259 8.84004684 -114.72820118
v 207.90950608 7.84498089 -114.18786001
v 207.98668298 8.92782934 -114.21537665
v 207.0414851 7.95615201 -113.28863385
v 207.09528932 9.03883277 -113.35994117
v 206.64576265 8.06621342 -112.0812817
v 206.69834879 9.1871553 -112.17543085
v 206.53555893 8.17894779 -110.63896545
v 206.58156494 9.32514675 -110.77841966
v 206.65799014 10.71394078 -110.95352205
v 206.64351715 9.52719445 -109.11884543
v 206.70713738 10.87244798 -109.43364893
v 206.94463092 12.30724367 -109.76227934
v 206.91404987 11.23750069 -107.93570133
v 207.1665939 12.53061094 -108.49625612
v 207.65997846 13.9037462 -109.00073513
v 207.47431111 13.7284312 -110.06100084
v 208.44321637 14.99977462 -109.19340097
v 208.29223974 14.97110745 -110.25958152
v 209.49439582 15.56294492 -109.16913256
v 209.47716157 15.62468247 -110.31872446
v 210.71467366 15.80192027 -109.10725168
v 210.79700273 15.83871897 -110.34189001
v 212.0967784 15.85701802 -109.0597409
v 212.20969401 15.87533284 -110.36196097
v 212.29562658 15.83140464 -111.60022064
v 213.68407414 15.88377952 -110.37622683
v 213.79150974 15.8412371 -111.61668673
v 215.18151695 15.88103678 -110.35197488
v 215.32406438 15.84165685 -111.50887528
v 215.48019455 15.63329753 -112.49428915
v 216.90392815 15.84048574 -111.3019765
v 217.07252723 15.57439807 -112.20447833
v 217.21771041 14.89215761 -112.9305664
v 218.71625539 15.51854451 -111.9742878
v 218.84763773 14.84314205 -112.66520506
v 218.95328804 13.94010012 -113.31232066
v 220.5521501 14.8092874 -112.54596995
v 220.63467532 13.88839943 -113.19585642
v 220.6708324 12.68966921 -113.63951351
v 222.42236755 13.82895574 -113.25186087
v 222.43138693 12.60350413 -113.71456836
v 222.41118772 11.1244924 -113.8920685
v 224.37231279 12.43468353 -113.84560023
v 224.35260053 10.96011843 -114.0193693
v 224.31273056 9.44727377 -114.04152527
v 226.45129267 10.76684294 -113.83265122
v 226.39964269 9.28886973 -113.86505666
v 226.37945445 8.02061567 -113.89523991
v 228.33653609 9.19749016 -112.89406228
v 228.32725634 7.92101943 -112.93931795
v 228.34567909 7.06748858 -112.98905092
v 229.96418001 7.93976068 -111.65722919
v 229.99845407 7.10095641 -111.7012613
v 230.04221424 6.49999737 -111.75437966
v 231.44802979 7.16473061 -110.45893037
v 231.5071741 6.53695999 -110.51045205
v 231.56243645 6.12758553 -110.56293942
v 232.76694058 6.58647896 -109.31243855
v 232.83369174 6.16632281 -109.35484655
v 232.91013066 5.79685228 -109.40309805
v 233.94021174 6.1706835 -108.19625618
v 233.99817843 5.80953449 -108.2424995
v 234.0586437 5.47904678 -108.28103377
v 235.16787764 5.77668359 -107.29484076
v 235.20231047 5.46029884 -107.35909197
v 235.16349843 5.20243976 -107.31295291
v 236.57046349 5.40700387 -106.59660402
v 236.50559294 5.17037759 -106.52546131
v 236.30465222 5.15576812 -106.2334722
v 237.83571648 5.17535281 -105.47293208
v 237.59059962 5.15916689 -105.23348521
v 237.3409122 5.15235632 -104.98940193
v 238.55118747 5.16109141 -104.06026686
v 238.25780264 5.15352777 -103.85315409
v 237.98455461 5.15027028 -103.65643345
v 238.8893472 5.15410286 -102.81113771
v 238.58783289 5.15080422 -102.637215
v 239.29581704 5.15438749 -101.90903094
v 238.9503447 5.15116121 -101.75612842
v 239.50887346 5.15410766 -101.14506702
v 239.13319865 5.15110703 -101.0127622
v 238.67792724 5.14965918 -100.85403262
v 239.19184777 5.151106 -100.41119308
v 238.68415072 5.14997159 -100.28193347
v 237.98374598 5.14915816 -100.16058592
v 238.67861447 5.1513337 -99.81637281
v 237.94980628 5.15038551 -99.74947693
v 237.05361778 5.14933717 -99.78746799
v 237.92803988 5.15312482 -99.34220874
v 236.99009701 5.15176442 -99.40645447
v 235.85298773 5.15130901 -99.58473923
v 235.93272563 5.14788075 -99.95125097
v 234.49286201 5.14763796 -99.86752687
v 234.58937188 5.14575939 -100.22095243
v 232.97435306 5.14378961 -100.30965861
v 233.0978302 5.14384447 -100.65893061
v 231.42607546 5.14424879 -100.95588533
v 231.59077406 5.14271932 -101.31113802
v 230.02428075 5.14527277 -101.81631386
v 230.20723862 5.14097724 -102.14797302
v 230.38650176 5.14005614 -102.48776372
v 228.92993406 5.13840356 -103.02927359
v 229.10743866 5.13836858 -103.37967588
v 229.28933687 5.1385109 -103.75596522
v 227.86203492 5.13690222 -104.17499725
v 228.02486901 5.13708054 -104.55564864
v 228.26261521 5.13734425 -105.12234872
v 226.75723969 5.13565944 -105.21204802
v 226.98268018 5.13591115 -105.85371516
v 227.28386618 5.13624859 -106.71564709
v 225.68986986 5.1344609 -106.44083736
v 225.94061539 5.13474211 -107.36705891
v 226.31695779 5.13516597 -108.63695036
v 224.60123979 5.13323733 -107.8087078
v 224.92312376 5.13360049 -109.11323236
v 225.3005619 5.13403396 -110.44858763
v 223.36678561 5.13185053 -109.29855678
v 223.57556638 5.13210018 -110.61618398
v 223.72837734 5.132356 -111.63287299
v 221.74137295 5.13003712 -110.5390935
v 221.86111833 5.13029774 -111.56780423
v 221.95690429 5.13098017 -112.40400276
v 220.08515874 5.12827275 -111.55743954
v 220.19114374 5.12901965 -112.4306799
v 220.25142178 5.13040028 -112.88959048
v 218.49615521 5.12707592 -112.53946253
v 218.56259568 5.12835539 -113.00884205
v 218.61597741 5.13125794 -113.3885058
v 216.90121627 5.12603582 -113.22025652
v 216.96050392 5.12837494 -113.62053992
v 217.02021887 5.13458984 -114.00628861
v 215.28918299 5.1254453 -113.88163797
v 215.34623955 5.13143352 -114.28321627
v 215.40149504 5.15716556 -114.66460291
v 213.6247131 5.12540929 -114.48217556
v 213.66904698 5.13221677 -114.88597056
v 213.6940136 5.50100419 -114.9943252
v 211.92943445 5.18164659 -114.93660336
v 211.95960262 5.53254133 -115.03904317
v 211.98837712 5.93937365 -115.02940823
v 210.33767103 5.54559562 -114.96402124
v 210.35849781 5.94641879 -114.95795276
v 210.37843708 6.33773528 -114.96028468
v 208.93819349 5.88124887 -114.71175704
v 208.94671323 6.2896885 -114.7131123
v 208.98541073 6.90704677 -114.71289831
v 207.76444017 6.29475425 -114.17902067
v 207.83958145 6.9925078 -114.16442561
v 206.88433574 6.35480218 -113.2492985
v 206.95675141 7.09237187 -113.2704394
v 206.46636268 6.43680718 -111.98065805
v 206.5676379 7.17488475 -112.02064085
v 206.40385492 6.55560745 -110.47924824
v 206.47922938 7.25897167 -110.54137055
v 206.51961272 6.73327975 -108.74943662
v 206.57614803 7.46656865 -108.77383672
v 206.61361784 8.36101609 -108.88735451
v 206.73662929 7.74741411 -107.01003945
v 206.77583981 8.72871145 -107.11076186
v 206.81176918 9.95665187 -107.41949689
v 207.02420558 9.14421354 -105.70207462
v 207.13656976 10.44709509 -106.05540142
v 207.27062215 11.71641732 -106.68150232
v 207.60634845 10.82673286 -105.0212916
v 207.73851336 12.13401265 -105.62931328
v 208.35637572 11.09990206 -104.13852056
v 208.50076537 12.42242861 -104.7173905
v 209.56113533 11.05475921 -103.85387287
v 209.66923484 12.40270829 -104.35227243
v 209.63798987 13.72689659 -105.3131216
v 210.99308552 12.48547271 -104.41791182
v 210.75440269 13.92024795 -105.25635996
v 210.60059895 14.97415781 -106.53904679
v 209.56704194 14.73383372 -106.70301083
v 210.62592359 15.57238885 -107.8823635
v 209.52635271 15.31094856 -108.04842353
v 211.96487275 15.13306467 -106.57084318
v 211.97811805 15.70704342 -107.79319643
v 213.47129344 15.1713174 -106.64219989
v 213.50754654 15.71683645 -107.76395691
v 213.58018717 15.87027292 -109.03393616
v 215.07124601 15.71315854 -107.73223733
v 215.10129072 15.86594583 -109.01555516
v 216.67749407 15.70409869 -107.72334312
v 216.66865747 15.8649095 -108.99372291
v 216.74919988 15.875434 -110.26902991
v 218.32325512 15.85793089 -109.01679519
v 218.4095361 15.86712071 -110.19069391
v 218.5570176 15.82306083 -111.12985349
v 220.1722991 15.85547038 -110.13944108
v 220.31373201 15.80922535 -111.04696888
v 220.44267818 15.48301876 -111.86589474
v 222.14136452 15.8073725 -111.0177568
v 222.27609454 15.45426312 -111.85890996
v 222.3723966 14.75740599 -112.55969261
v 224.14798721 15.3849537 -111.8599799
v 224.25541697 14.64804004 -112.6275871
v 224.3299324 13.67680184 -113.35542
v 226.15868235 14.52182152 -112.52214049
v 226.33100212 13.53376985 -113.20067937
v 226.4605942 12.27872036 -113.6677983
v 228.22438796 13.46767505 -112.4012703
v 228.36005468 12.22047195 -112.72112172
v 228.37494801 10.716023 -112.84341301
v 229.92973861 12.31683883 -111.34964092
v 229.9661594 10.80060078 -111.53116294
v 229.94952219 9.22690345 -111.60226725
v 231.33507578 10.831589 -110.2011409
v 231.34736464 9.2734464 -110.35065254
v 231.39088887 8.00847118 -110.41462941
v 232.59024391 9.27484761 -109.11479063
v 232.63986371 8.07618803 -109.20450639
v 232.70170104 7.19114165 -109.26442847
v 233.80353594 8.07837472 -108.04386943
v 233.83963404 7.17426953 -108.09537465
v 233.89364332 6.56820084 -108.15236125
v 235.05960323 7.12091695 -107.09794454
v 235.09758744 6.49793465 -107.17201725
v 235.12510271 6.1240976 -107.22202455
v 236.44670995 6.45496082 -106.3339477
v 236.48214345 6.06283776 -106.39861592
v 236.50576509 5.71914693 -106.46288908
v 237.76454839 6.07538931 -105.36961986
v 237.79623642 5.72003409 -105.4114682
v 237.90195326 5.4132006 -105.52912857
v 238.79617882 5.7985491 -104.23294405
v 238.87356834 5.47382019 -104.29463289
v 238.81105098 5.20126351 -104.24864198
v 239.58598314 5.49279447 -103.2034048
v 239.49008505 5.20980313 -103.15022608
v 239.1972153 5.16192336 -102.98679975
v 239.96999661 5.19434251 -102.20746163
v 239.63133759 5.16274982 -102.05605702
v 240.23441559 5.17424137 -101.3598614
v 239.86799576 5.16118229 -101.25948466
v 240.33998428 5.16778539 -100.65830511
v 239.98635982 5.15919261 -100.63263754
v 239.59270044 5.15344203 -100.52590152
v 239.21879378 5.15183575 -99.95248003
v 239.27031546 5.15481135 -99.50004944
v 238.69241806 5.15526367 -99.36447993
v 239.39583988 5.16886287 -99.07807645
v 238.70157289 5.16523983 -98.94198569
v 237.88898916 5.15773619 -98.95010626
v 238.70902132 5.39005597 -98.74726776
v 237.8668572 5.41666179 -98.7981365
v 236.90790786 5.44643181 -98.9526357
v 236.92756319 5.15998992 -99.05718795
v 235.77390758 5.46735769 -99.19845831
v 235.78396226 5.16970648 -99.25568085
v 234.41090605 5.47834823 -99.53182389
v 234.41053431 5.17784625 -99.5542542
v 232.86509171 5.48617902 -99.98580177
v 232.8623277 5.19138783 -99.98802944
v 231.2853411 5.49638871 -100.6251754
v 231.27392019 5.18171174 -100.63297224
v 229.8653768 5.48865737 -101.48160949
v 229.86614942 5.16006365 -101.53247823
v 228.61298279 5.51671275 -102.36721725
v 228.59760482 5.17716553 -102.40071457
v 228.75661388 5.13941623 -102.69697795
v 227.40594948 5.1883001 -103.15604216
v 227.5445633 5.1366073 -103.46267023
v 227.70379796 5.1367407 -103.81554711
v 226.34426936 5.13520437 -104.08488094
v 226.48245773 5.13535423 -104.45362584
v 226.61922809 5.13550581 -104.82637614
v 225.25895448 5.1339832 -104.97459837
v 225.37633742 5.13411283 -105.3569891
v 225.49412742 5.13424314 -105.76092675
v 224.11850936 5.13271025 -105.76027382
v 224.21702382 5.13281587 -106.16759138
v 224.37869813 5.13298905 -106.86842341
v 222.86537616 5.13131144 -106.40759792
v 222.97943132 5.13141809 -107.11175499
v 223.14657638 5.13160156 -108.05236859
v 221.4470238 5.12970139 -107.17185813
v 221.51496562 5.12976277 -108.09647751
v 221.61378375 5.12987388 -109.29281752
v 219.82625955 5.1278554 -108.00308006
v 219.83627171 5.127865 -109.23299421
v 219.94609066 5.12800526 -110.49751951
v 218.10975907 5.12590928 -109.1865369
v 218.20806726 5.12603788 -110.5348741
v 218.36989006 5.12633897 -111.63900182
v 216.54884556 5.12414456 -110.64228501
v 216.70828157 5.1243757 -111.8073389
v 216.83440269 5.12490758 -112.7278157
v 215.05456182 5.12248307 -111.98035079
v 215.16376282 5.1228308 -112.91199884
v 215.23138434 5.1235417 -113.46388987
v 213.47029072 5.12078249 -113.01859221
v 213.53445277 5.12121183 -113.63250129
v 213.58163845 5.12220564 -114.06748913
v 211.82910297 5.11927943 -113.6744868
v 211.87063033 5.11974273 -114.12133724
v 211.90150081 5.12006508 -114.55608365
v 210.28689556 5.11920021 -114.08409239
v 210.30447549 5.11963367 -114.52280032
v 210.31632849 5.18130263 -114.89709243
v 208.95735912 5.12760884 -114.39073143
v 208.92430349 5.18113974 -114.72023425
v 208.93598914 5.51414421 -114.72505172
v 207.68000004 5.29050808 -114.30059318
v 207.7575761 5.47202393 -114.18181897
v 207.75788474 5.81484886 -114.15726524
v 206.83561236 5.5242884 -113.29509189
v 206.89506394 5.85975613 -113.24042075
v 206.35902722 5.6138663 -111.96786816
v 206.40661481 5.97261035 -111.96537164
v 206.24320769 5.72023745 -110.41389417
v 206.32808952 6.10517923 -110.43005848
v 206.37422995 5.8336719 -108.71501751
v 206.45987446 6.25060555 -108.72212849
v 206.53876052 5.96166851 -107.0411829
v 206.61612671 6.40340588 -107.0039161
v 206.67775383 6.9436692 -106.99209191
v 206.80167609 6.53557627 -105.5458306
v 206.89400086 7.17732229 -105.54062905
v 206.94690249 8.04198856 -105.57581632
v 207.22875598 7.38421318 -104.37831859
v 207.33061144 8.28268027 -104.45014168
v 207.44858456 9.44634778 -104.63462112
v 208.09890587 8.39302596 -103.61046997
v 208.19435677 9.63213344 -103.76610495
v 209.2294844 8.37474046 -103.39280047
v 209.33810653 9.6216675 -103.54070446
v 210.47748463 8.28052478 -103.66378585
v 210.64825651 9.47504109 -103.78744337
v 210.90262903 10.91100274 -104.04155664
v 212.12744862 9.44901783 -104.14900596
v 212.3137401 10.98653053 -104.32384497
v 212.26236519 12.70041901 -104.68929226
v 213.75874766 11.2135704 -104.58242455
v 213.65657945 12.85993509 -104.94422856
v 213.53415236 14.17083625 -105.66093409
v 212.09708978 14.10389373 -105.49235559
v 215.20191163 12.94185024 -105.13277377
v 215.10388327 14.20076128 -105.73381066
v 215.05555083 15.16304663 -106.61442537
v 216.72491775 14.19548154 -105.78396062
v 216.70123437 15.15450564 -106.60370952
v 218.33026528 14.11161478 -105.90441381
v 218.3426121 15.07557534 -106.70622614
v 218.32515289 15.67243707 -107.79581366
v 219.92287299 14.98284352 -106.82975197
v 219.97971007 15.58876886 -107.89347441
v 220.05071493 15.83341557 -109.06786695
v 221.60652428 15.58448019 -107.85846271
v 221.79326534 15.83111417 -109.0302435
v 221.97876225 15.85133945 -110.07881121
v 223.46233151 15.82413591 -108.83415934
v 223.74612907 15.85152498 -109.93590027
v 223.98021939 15.7868211 -110.95069082
v 225.34423051 15.7945034 -109.6090915
v 225.70704204 15.65891537 -110.69648428
v 225.97490068 15.2759763 -111.70466316
v 227.21939975 15.55395332 -110.10741973
v 227.62524691 15.14654796 -111.09044132
v 227.96480077 14.43080538 -111.85508561
v 229.14877157 15.12092704 -109.96983654
v 229.55064686 14.46706191 -110.61569016
v 229.79465417 13.5180678 -111.04114731
v 230.90783985 14.40966413 -109.16780474
v 231.11170268 13.48620522 -109.54591571
v 231.27259888 12.31696503 -109.91018332
v 232.36732725 13.39085479 -108.25808769
v 232.49971507 12.21900679 -108.62367215
v 232.55777195 10.76234403 -108.93044288
v 233.74075589 12.09329478 -107.46606393
v 233.77594934 10.65340848 -107.77477153
v 233.78865693 9.23237069 -107.96666372
v 235.01214527 10.51792746 -106.72056332
v 235.01456703 9.10938728 -106.93646056
v 235.02563267 8.00546574 -107.03032439
v 236.24543932 8.97655426 -106.01021158
v 236.31800862 7.88428383 -106.13159205
v 236.38643808 7.03524741 -106.23812506
v 237.51759068 7.824418 -105.08434668
v 237.62019304 7.02035365 -105.191165
v 237.69875606 6.47171874 -105.29134422
v 238.579272 7.09086469 -104.00339
v 238.66077118 6.52818546 -104.10351983
v 238.73000858 6.14760608 -104.17411935
v 239.34351712 6.59566329 -103.02286493
v 239.43365949 6.1832011 -103.09207627
v 239.51530818 5.83476276 -103.15303536
v 239.88898028 6.19510452 -102.13869473
v 239.98660536 5.8224324 -102.19748651
v 240.08198083 5.46378437 -102.25189977
v 240.2309767 5.77820997 -101.35765019
v 240.37458995 5.44376554 -101.39471398
v 240.31334006 5.74528705 -100.6563847
v 240.46648537 5.41459015 -100.6576796
v 240.26386086 5.71480065 -100.09123192
v 240.41816939 5.3928793 -100.07147371
v 240.10409976 5.71784963 -99.6478382
v 240.25504621 5.36002086 -99.59108754
v 239.82006249 5.72952122 -99.26078364
v 239.93015236 5.35768825 -99.18294146
v 239.35931381 5.7323161 -98.96817451
v 239.45156039 5.37054158 -98.86012713
v 238.68251426 5.76275826 -98.84958137
v 239.23702526 6.23305992 -99.07838921
v 238.62395156 6.23646349 -98.97548302
v 237.85469899 6.23878889 -99.02161111
v 237.86387851 5.80240431 -98.91246086
v 236.94247924 6.24577265 -99.17429415
v 236.92364694 5.83715435 -99.07094901
v 235.82724678 6.22163283 -99.40575215
v 235.79937556 5.84893191 -99.30654411
v 234.48980445 6.22947974 -99.74644269
v 234.45061313 5.85646675 -99.6452484
v 232.95152427 6.21943569 -100.18768007
v 232.90881244 5.85443661 -100.0896133
v 231.40766463 6.2402292 -100.78517244
v 231.34875008 5.86018204 -100.71016149
v 230.01722087 6.27841642 -101.61570852
v 229.94535732 5.88190146 -101.55389348
v 228.75907457 6.32218276 -102.48347847
v 228.68713677 5.91067974 -102.42611328
v 227.5490101 6.34698065 -103.25454788
v 227.48660617 5.92605428 -103.19108129
v 227.4212199 5.5312598 -103.12666548
v 226.28192878 5.92890985 -103.80158303
v 226.22746691 5.52969673 -103.72496991
v 226.21937395 5.1761292 -103.75470873
v 225.03167267 5.52178227 -104.22104852
v 225.02728078 5.17284977 -104.25170913
v 225.14185273 5.13385255 -104.60267658
v 223.84581241 5.17396532 -104.63937274
v 223.93399082 5.13251307 -104.99609042
v 224.02274124 5.13261217 -105.37098609
v 222.67921019 5.13123737 -105.21929617
v 222.73416151 5.13124629 -105.6163094
v 222.79258601 5.13126103 -105.99104047
v 221.37009655 5.13006592 -105.64256955
v 221.38557844 5.12978232 -106.02296306
v 221.41253678 5.12972539 -106.45041194
v 219.89629392 5.12828166 -105.8252493
v 219.87927503 5.12805259 -106.28016543
v 219.85048612 5.12790615 -107.04959976
v 218.2991472 5.12627724 -106.05535752
v 218.2327904 5.12607526 -106.84827015
v 218.15619305 5.12596518 -107.87097825
v 216.60377596 5.12424024 -106.70834956
v 216.51189562 5.12410101 -107.78769859
v 216.44958676 5.12402523 -109.1921774
v 214.88424261 5.12225777 -107.7721927
v 214.83168117 5.12218781 -109.23643447
v 214.9177029 5.12228897 -110.76215659
v 213.21852583 5.12035451 -109.24193231
v 213.28269885 5.12042756 -110.82008144
v 213.38833064 5.12056541 -112.08985768
v 211.67225402 5.11859734 -110.76121285
v 211.72856025 5.11868136 -112.0664946
v 211.77286121 5.11886757 -113.03490466
v 210.23086917 5.11698592 -111.92055491
v 210.24503763 5.11721774 -112.94726843
v 210.25983845 5.11789502 -113.62943962
v 209.0660855 5.11588271 -112.8328453
v 209.02870622 5.11694099 -113.51085745
v 208.99910595 5.12074065 -113.98034122
v 207.96338985 5.12477487 -113.75295448
v 207.786186 5.14250808 -114.07996626
v 207.1159652 5.12263945 -113.17466065
v 206.82473328 5.13271677 -113.34206496
v 206.68058094 5.31863136 -113.43279031
v 206.35041558 5.11280458 -112.0038675
v 206.19783267 5.33628536 -112.01703049
v 206.25442559 5.11966214 -110.41985291
v 206.12833464 5.36639145 -110.41265414
v 206.3097771 5.13882742 -108.70288056
v 206.25152578 5.43205485 -108.70246355
v 206.3957371 5.18694553 -107.00204508
v 206.4281247 5.54079598 -107.02714201
v 206.52023137 5.33029987 -105.5025063
v 206.63475051 5.65621188 -105.54905139
v 206.72244985 6.04650301 -105.56042566
v 207.08198366 5.68699115 -104.32616043
v 207.13736124 6.07330739 -104.3394167
v 207.15905494 6.62617027 -104.36691688
v 207.97926336 6.12398649 -103.46754806
v 208.00891988 6.67919947 -103.49500983
v 208.05905749 7.44934949 -103.58903827
v 209.1888953 6.68642053 -103.24237253
v 209.20176063 7.43660315 -103.32588264
v 210.48717169 6.65720468 -103.51615073
v 210.4613066 7.3520303 -103.58902729
v 211.89813325 6.63890118 -103.93189612
v 211.86480464 7.27607835 -103.99448481
v 211.96832399 8.22842218 -104.07232699
v 213.53483822 7.30146162 -104.30910176
v 213.6426579 8.27709412 -104.36292793
v 213.72765221 9.55343993 -104.42185139
v 215.26745088 8.36052433 -104.53094677
v 215.32406575 9.68528832 -104.60159018
v 215.29109791 11.36413389 -104.77130995
v 216.83117435 9.74036948 -104.74004578
v 216.81657929 11.3953912 -104.91945535
v 216.76820981 12.9481063 -105.26409095
v 218.30974234 11.38115818 -105.07463492
v 218.31472441 12.89741725 -105.39375111
v 219.7820258 11.3531917 -105.27256816
v 219.82351063 12.81555851 -105.55312813
v 219.87022787 14.01822625 -106.0414538
v 221.27958383 12.76775401 -105.63926097
v 221.35486227 13.97542045 -106.08245716
v 221.45738643 14.95529121 -106.82005668
v 222.78429879 13.96476221 -105.98218466
v 222.93931066 14.92875741 -106.69302474
v 223.16867508 15.55607605 -107.6921009
v 224.33530473 14.91907515 -106.38507982
v 224.61111187 15.56763448 -107.35128965
v 224.966321 15.81120576 -108.46291243
v 225.97505466 15.48906392 -106.86708462
v 226.33305228 15.75364579 -107.91543833
v 226.75138955 15.72131442 -109.03350818
v 227.71123305 15.69254506 -107.15534814
v 228.1459327 15.665299 -108.16524441
v 228.64270378 15.51664194 -109.12107309
v 229.58236077 15.58257522 -107.07377489
v 230.07339027 15.46078255 -107.89446204
v 230.55983978 15.10725891 -108.62541697
v 231.48173459 15.30000157 -106.671818
v 231.91293271 14.94141561 -107.35243092
v 232.19406126 14.25962816 -107.87399603
v 233.24805376 14.6998004 -106.23414708
v 233.50304287 14.05059019 -106.72433829
v 233.64612527 13.23883823 -107.09890474
v 234.8193642 13.82901781 -105.62993878
v 234.95036246 13.05340836 -106.00251899
v 235.01369873 11.93353008 -106.38874504
v 236.2109091 12.76465736 -104.9573312
v 236.24093666 11.6754979 -105.41546264
v 236.22599318 10.31332581 -105.78619926
v 237.41590395 8.87689561 -104.99703965
v 238.40603309 8.91651816 -103.81480638
v 238.48908368 7.90348958 -103.89673079
v 239.06020549 9.08846954 -102.75621417
v 239.17049837 8.0630559 -102.81712388
v 239.2599686 7.22034241 -102.92425495
v 239.49590799 8.2000201 -101.9960307
v 239.61863 7.31566335 -102.0351356
v 239.76476996 6.662791 -102.06525301
v 239.75732154 7.40661846 -101.34774091
v 239.92633076 6.70937038 -101.32538193
v 240.09014803 6.18496273 -101.32629824
v 239.96483073 6.77820381 -100.73413361
v 240.14611681 6.19142009 -100.67061764
v 239.9328711 6.82729961 -100.20377305
v 240.09143333 6.20928704 -100.14368088
v 239.80043871 6.85476755 -99.74812716
v 239.94383112 6.22412456 -99.70182349
v 239.50528642 6.86166969 -99.38867153
v 239.66422449 6.21798338 -99.33686453
v 239.07429576 6.84636785 -99.16927916
v 239.38411308 7.61680181 -99.43607257
v 238.9466685 7.59765024 -99.25951068
v 238.4219306 7.55693083 -99.20402748
v 238.51889795 6.81166719 -99.09298427
v 237.82564808 7.49588464 -99.24303911
v 237.85368666 6.77014155 -99.13387789
v 236.98223365 7.39627948 -99.38969209
v 236.98374253 6.7230728 -99.2784733
v 235.8907216 7.32712953 -99.63574515
v 235.8616515 6.67831883 -99.51488593
v 234.56308773 7.2534241 -99.96846327
v 234.52816588 6.64465862 -99.85207037
v 233.05092366 7.21794088 -100.38773124
v 232.99832656 6.61672155 -100.28005696
v 231.53260504 7.28164169 -100.95363023
v 231.46438237 6.62540314 -100.86193371
v 230.14858229 7.40314115 -101.73057608
v 230.0784063 6.68866123 -101.66771853
v 228.87693367 7.51039637 -102.56816278
v 228.81921851 6.76022781 -102.52764226
v 227.64427647 7.53267854 -103.33398126
v 227.59864469 6.8060987 -103.29901345
v 226.41621569 7.56492948 -103.979994
v 226.37312467 6.81311812 -103.92366033
v 226.33204424 6.34558116 -103.87124978
v 225.14541937 6.81331976 -104.44926378
v 225.11462141 6.32293446 -104.38677385
v 225.07716412 5.91521052 -104.30981505
v 223.88825984 6.2845161 -104.80129019
v 223.86502536 5.88921957 -104.711333
v 223.83842126 5.5126775 -104.60979304
v 222.61469493 5.86867914 -104.94201186
v 222.61798945 5.50349591 -104.8335365
v 222.6345735 5.17379934 -104.86571698
v 221.32811173 5.4887431 -104.84953072
v 221.35278858 5.17221878 -104.88082232
v 221.35974764 5.13039651 -105.2369145
v 219.9791264 5.16172206 -104.70766229
v 219.94759544 5.13095137 -105.0625309
v 219.91933327 5.12885127 -105.44637565
v 218.41169038 5.12776144 -104.79657697
v 218.37335501 5.12702243 -105.18526662
v 218.33982203 5.1266092 -105.55883996
v 216.74214308 5.12544632 -104.98853501
v 216.7139399 5.12484757 -105.37373501
v 216.67276988 5.12449915 -105.88319061
v 215.05750827 5.12338532 -105.30025489
v 215.02321672 5.12278828 -105.8126295
v 214.96106698 5.12240454 -106.65930794
v 213.3714503 5.12096938 -105.78377955
v 213.31859531 5.12055375 -106.6193416
v 213.25827132 5.12041109 -107.74427003
v 211.68273119 5.11869508 -106.47667209
v 211.63527117 5.11856716 -107.62706507
v 211.62125497 5.1185411 -109.15155264
v 210.13448137 5.11686795 -107.45760867
v 210.11108675 5.11682954 -109.01671837
v 210.1661502 5.11688921 -110.61790686
v 208.93766813 5.11551235 -108.91524974
v 208.98907733 5.11555693 -110.51871528
v 209.0647083 5.1156557 -111.80823326
v 208.06275153 5.11453946 -110.47294383
v 208.01818445 5.11454083 -108.83048313
v 207.49072919 5.11437143 -108.82000322
v 207.44242281 5.11404427 -110.44930641
v 207.07781227 5.11515399 -108.7788572
v 207.01331552 5.11413789 -110.44092248
v 206.67125189 5.11984663 -108.72754402
v 206.62700443 5.11544274 -110.42876358
v 206.69459577 5.11413343 -111.93869449
v 207.14082345 5.11813542 -107.09297893
v 206.72632495 5.13214853 -107.03698545
v 207.21319934 5.12268574 -105.65021824
v 206.79715217 5.14776004 -105.55837906
v 207.37677656 5.12244809 -104.43054259
v 207.04843284 5.13920396 -104.25338812
v 206.96476635 5.38997881 -104.24267775
v 207.88767109 5.12756906 -103.23125065
v 207.90455006 5.47727452 -103.29594081
v 207.96227876 5.73656808 -103.42101943
v 209.19534237 5.50645128 -102.95379076
v 209.18765939 5.79822057 -103.10280858
v 209.17786258 6.16194944 -103.18918284
v 210.53351789 5.82436755 -103.35942386
v 210.50516862 6.2040121 -103.44725214
v 211.93157296 5.83152482 -103.77447242
v 211.90979284 6.21965105 -103.86106067
v 213.51956278 5.82087927 -104.05634924
v 213.5029266 6.2069973 -104.166745
v 213.49612151 6.64410376 -104.23784382
v 215.15462855 6.16289695 -104.30640222
v 215.17186966 6.64486197 -104.40013437
v 215.20794856 7.39024942 -104.47384494
v 216.78007859 6.67195646 -104.54305079
v 216.78419237 7.4465385 -104.62850326
v 216.80483945 8.40611917 -104.67898792
v 218.31641985 7.48896741 -104.81543533
v 218.30736241 8.45242884 -104.85807926
v 218.30792413 9.77642111 -104.91204808
v 219.77258496 8.51102909 -105.07254991
v 219.76130876 9.81925352 -105.13299873
v 221.19390434 8.57147585 -105.25622827
v 221.19135089 9.85619616 -105.29846069
v 221.22251012 11.34567924 -105.40888937
v 222.59064222 9.88394124 -105.28430457
v 222.62203636 11.3624892 -105.3672221
v 222.68579512 12.75896422 -105.57226083
v 223.96639591 11.3879426 -105.12165737
v 224.03335352 12.77618647 -105.31969486
v 224.15156361 13.94954679 -105.71929241
v 225.34791665 12.78695084 -104.94623126
v 225.48447002 13.9111641 -105.35303307
v 225.68861577 14.84679768 -105.99293344
v 226.78803636 13.88487618 -104.80413787
v 227.00442664 14.80970852 -105.37913958
v 227.32454338 15.45774625 -106.18001365
v 228.34005711 14.70712091 -104.60377944
v 228.68875865 15.33679239 -105.30384879
v 229.12736199 15.57301058 -106.18326188
v 230.07883427 15.15231398 -104.28194726
v 230.52883383 15.37393813 -105.10024213
v 231.00384219 15.3954494 -105.91967828
v 231.91209699 15.11901349 -104.08914973
v 232.36729913 15.15101633 -104.86945902
v 232.84271352 15.055574 -105.59472955
v 233.73576422 14.93735362 -103.93089751
v 234.19606434 14.83293751 -104.60244064
v 234.58445976 14.46762122 -105.17997728
v 235.62197349 14.56796196 -103.56477534
v 235.9502061 14.14734971 -104.09334718
v 236.12763217 13.51609939 -104.54601919
v 237.29648572 13.50026429 -103.0056197
v 237.35738103 12.93606845 -103.50321818
v 238.42485785 12.33636504 -102.07508548
v 238.40384589 11.92446234 -102.60814009
v 239.22812831 10.85524434 -101.50916454
v 239.09301833 10.58242213 -102.08851733
v 239.54149563 9.41638469 -101.34021293
v 239.37999793 9.26685522 -101.95269543
v 239.63704941 8.29260566 -101.35277786
v 239.63186981 9.5513941 -100.79581148
v 239.70681904 8.38039348 -100.78028913
v 239.80960178 7.49521078 -100.77847298
v 239.70829364 8.4612248 -100.26854003
v 239.80020963 7.56020615 -100.24703151
v 239.61137362 8.51008347 -99.79491367
v 239.69940766 7.60024879 -99.77874936
v 239.30589642 8.54068527 -99.47984131
v 239.18502211 9.75107937 -99.64816193
v 238.69116979 9.72081347 -99.55221309
v 238.84654278 8.53521486 -99.3701753
v 239.55471486 9.75233586 -99.86232532
v 239.06359363 11.37265928 -100.0775806
v 238.65359984 11.25089867 -99.9699557
v 239.64036485 9.67383097 -100.30483565
v 239.21927525 11.25705699 -100.52134193
v 238.22142471 12.82947012 -101.11276035
v 237.99158809 12.88396054 -100.7007954
v 239.27224272 11.08401977 -101.01233422
v 238.36041597 12.62895668 -101.58230447
v 237.09126112 13.84871669 -102.47725637
v 236.84775808 14.02370763 -101.98160573
v 236.5459948 14.00765717 -101.51200125
v 235.24465331 14.70960543 -102.98566946
v 234.88729641 14.66710725 -102.40058289
v 234.56248692 14.39619833 -101.8223988
v 236.19198421 13.77884453 -101.1193391
v 233.34111171 14.89869418 -103.22962653
v 232.97700459 14.67657792 -102.49543984
v 232.67015018 14.09015496 -101.95157062
v 234.26206655 13.81313711 -101.36897509
v 231.50864081 14.89780702 -103.31961664
v 231.15480888 14.31552939 -102.72031908
v 230.87179594 13.53344612 -102.31875724
v 232.39359837 13.33645559 -101.56313336
v 229.71227401 14.55795186 -103.64574504
v 229.43821272 13.72229928 -103.21395056
v 229.22270831 12.73338016 -102.89396196
v 230.61324277 12.58099135 -102.00372877
v 228.10048996 13.83429892 -104.10136349
v 227.92372419 12.79670666 -103.73924674
v 227.79450736 11.42383674 -103.51260072
v 229.06012472 11.38801805 -102.70292023
v 226.63991718 12.80112702 -104.41736862
v 226.54033604 11.42323473 -104.1890985
v 226.48461167 9.95310757 -104.0846889
v 227.72595895 9.93234783 -103.41224593
v 225.27148614 11.40905753 -104.73629825
v 225.22832079 9.9375057 -104.63691463
v 225.20359268 8.63455784 -104.57978537
v 226.45399873 8.63956015 -104.03267889
v 223.93074637 9.91140785 -105.03260004
v 223.91799283 8.62563791 -104.98965982
v 223.91209891 7.61954353 -104.94663729
v 225.17653042 7.59876751 -104.51687295
v 222.58583812 8.60772295 -105.24851922
v 222.59452178 7.60817011 -105.20612769
v 222.60518104 6.77193232 -105.13941836
v 223.90359667 6.78094965 -104.87720099
v 221.21378806 7.57733272 -105.2017766
v 221.24044738 6.75238536 -105.12800568
v 221.26717802 6.25078181 -105.04208683
v 222.61065694 6.25431227 -105.04497841
v 219.79757421 7.5367882 -105.03030104
v 219.82970873 6.74372023 -104.97310045
v 219.86548722 6.22185505 -104.89703053
v 219.90639661 5.83242021 -104.795935
v 221.29639559 5.86038197 -104.95008304
v 218.33557931 6.69602701 -104.73787847
v 218.36505956 6.18779464 -104.6398501
v 218.39999924 5.80023974 -104.51356986
v 218.44131329 5.41698277 -104.3631913
v 219.95768098 5.45144098 -104.66172075
v 216.78336865 6.16717534 -104.42907759
v 216.78998376 5.77747644 -104.30414712
v 216.80174211 5.40717568 -104.14828718
v 216.79582659 5.12727036 -104.23799745
v 218.44770755 5.12691337 -104.4401885
v 215.14483724 5.78916073 -104.19240708
v 215.13889222 5.42031192 -104.05236028
v 215.12565378 5.14334345 -104.14413911
v 215.10489285 5.12877205 -104.5040282
v 216.77026945 5.12662394 -104.59962039
v 213.52507845 5.44514 -103.94020324
v 213.51194838 5.14620177 -104.05313393
v 213.47806698 5.12950009 -104.40471591
v 213.44070141 5.12372242 -104.79608315
v 215.0814022 5.12480676 -104.89333787
v 211.95480298 5.15654554 -103.77951485
v 211.91106442 5.12756597 -104.16159832
v 211.86267848 5.12229343 -104.57532455
v 211.80425432 5.12030959 -105.0159035
v 213.40579808 5.121849 -105.23221774
v 210.48811406 5.1326012 -103.74520547
v 210.42578737 5.1219193 -104.19747145
v 210.36583375 5.11905515 -104.68153383
v 210.29546605 5.11753152 -105.38648649
v 211.74321567 5.11919095 -105.63250115
v 210.21193399 5.11705107 -106.25194099
v 209.04780601 5.1158594 -106.05317375
v 208.98097322 5.11560494 -107.3187635
v 208.18697694 5.11545371 -105.92221321
v 208.06907926 5.11495063 -107.21801365
v 207.66422529 5.1166862 -105.76772498
v 207.57764939 5.11536798 -107.15506283
v 209.22325269 5.13803525 -103.38824088
v 210.55229669 5.18680801 -103.36712742
v 209.22242966 5.16070013 -103.01153455
v 208.01508849 5.12536333 -103.49573958
v 210.56885194 5.47158155 -103.26036396
v 211.97339386 5.45892198 -103.68930527
v 227.68581626 8.60704018 -103.36877897
v 228.92236681 8.51261154 -102.59682617
v 228.97160201 9.87577155 -102.64019437
v 230.20640324 8.39426891 -101.77492642
v 230.2714305 9.78115383 -101.8031783
v 230.39495737 11.28245219 -101.83129301
v 231.66301038 9.65220971 -101.03191136
v 231.83821153 11.14762199 -101.06921657
v 232.10696376 12.40148181 -101.2586726
v 233.31972596 11.00102251 -100.5226917
v 233.62109144 12.22407305 -100.69937979
v 233.94585429 13.10927513 -100.99292169
v 235.03104684 11.94696861 -100.27065796
v 235.43226849 12.71980497 -100.50912268
v 235.81407419 13.314045 -100.80317485
v 236.71518509 12.00311504 -100.08854884
v 237.18136028 12.39842442 -100.26627395
v 237.60380308 12.68355392 -100.46814676
v 238.17283782 11.11440685 -99.85754626
v 237.66936908 10.9045483 -99.75378412
v 238.1956433 9.6469647 -99.48915253
v 237.76451478 8.41152991 -99.33063694
v 238.35781862 8.49059686 -99.31509265
v 236.95613262 8.29485391 -99.47422825
v 235.86953544 8.18832999 -99.72316191
v 234.54496461 9.39846604 -100.07950649
v 234.5706404 8.13344109 -100.04672246
v 233.14517089 9.50896785 -100.47279962
v 233.09515604 8.15135228 -100.45907148
v 231.59095513 8.26361477 -101.01559891
v 234.67186075 10.82848622 -100.12384586
g Group7851
f 1 15 16 17
f 1 17 18 19
f 1 19 20 21
f 1 21 22 23
f 1 23 24 15
f 2 25 26 27
f 2 28 29 30
f 2 27 31 28
f 3 32 33 34
f 3 35 36 32
f 3 34 37 35
f 4 38 39 40
f 4 41 42 38
f 4 40 43 41
f 5 44 45 46
f 5 47 48 44
f 5 46 49 47
f 6 50 51 52
f 6 53 54 50
f 6 52 55 53
f 7 56 57 58
f 7 59 60 56
f 7 58 61 59
f 8 62 14 63
f 8 64 65 62
f 8 63 66 67
f 8 68 37 64
f 8 67 69 68
f 9 70 71 72
f 9 73 74 70
f 9 72 75 73
f 10 76 77 78
f 10 79 80 76
f 10 78 81 79
f 11 82 83 84
f 11 84 85 86
f 11 86 87 82
f 12 88 89 90
f 12 91 92 88
f 12 90 20 91
f 13 93 94 95
f 13 95 96 97
f 13 97 98 93
f 14 62 99 100
f 14 100 101 63
f 101 100 102 103
f 101 103 104 105
f 101 105 66 63
f 105 104 106 107
f 105 107 108 66
f 108 107 109 29
f 108 29 28 110
f 108 110 67 66
f 110 28 31 111
f 110 111 69 67
f 111 31 112 113
f 111 113 114 69
f 114 115 68 69
f 114 113 116 117
f 114 117 118 115
f 118 36 35 115
f 118 117 119 120
f 118 120 121 36
f 121 122 32 36
f 121 120 123 124
f 121 124 125 122
f 125 126 127 122
f 125 124 128 129
f 125 129 130 126
f 130 131 132 126
f 130 129 133 134
f 130 134 135 131
f 135 136 137 131
f 135 134 138 139
f 135 139 140 136
f 140 141 142 136
f 140 139 143 144
f 140 144 145 141
f 145 146 147 141
f 145 144 148 149
f 145 149 150 146
f 150 149 42 41
f 150 41 43 151
f 150 151 152 146
f 152 151 153 154
f 152 154 155 156
f 152 156 147 146
f 156 155 157 158
f 156 158 159 147
f 159 142 141 147
f 159 158 160 161
f 159 161 162 142
f 162 161 163 164
f 162 164 165 137
f 162 137 136 142
f 165 164 49 166
f 165 166 167 132
f 165 132 131 137
f 167 166 168 169
f 167 169 33 127
f 167 127 126 132
f 169 168 170 171
f 169 171 34 33
f 171 170 65 64
f 171 64 37 34
f 170 45 172 65
f 170 168 46 45
f 172 45 44 173
f 172 173 174 99
f 172 99 62 65
f 174 173 175 176
f 174 176 177 102
f 174 102 100 99
f 177 176 178 179
f 177 179 180 181
f 177 181 103 102
f 181 180 182 183
f 181 183 104 103
f 183 182 184 185
f 183 185 106 104
f 185 184 186 187
f 185 187 188 106
f 188 187 189 190
f 188 190 191 109
f 188 109 107 106
f 191 190 192 193
f 191 193 194 30
f 191 30 29 109
f 194 193 195 196
f 194 196 197 198
f 194 198 2 30
f 198 197 199 200
f 198 200 25 2
f 200 199 201 202
f 200 202 203 25
f 203 204 26 25
f 203 202 205 206
f 203 206 207 204
f 207 208 60 204
f 207 206 209 210
f 207 210 211 208
f 211 212 213 208
f 211 210 214 215
f 211 215 216 212
f 216 217 218 212
f 216 215 219 220
f 216 220 221 217
f 221 222 223 217
f 221 220 224 225
f 221 225 226 222
f 226 227 228 222
f 226 225 229 230
f 226 230 231 227
f 231 232 233 227
f 231 230 234 235
f 231 235 236 232
f 236 237 238 232
f 236 235 239 240
f 236 240 241 237
f 241 242 243 237
f 241 240 244 245
f 241 245 246 242
f 246 247 248 242
f 246 245 249 80
f 246 80 79 247
f 249 245 244 250
f 249 250 251 252
f 249 252 76 80
f 252 251 253 254
f 252 254 77 76
f 254 253 255 256
f 254 256 257 77
f 257 258 78 77
f 257 256 259 260
f 257 260 261 258
f 261 262 263 258
f 261 260 264 265
f 261 265 266 262
f 266 39 267 262
f 266 265 268 269
f 266 269 40 39
f 269 268 270 271
f 269 271 43 40
f 271 270 272 153
f 271 153 151 43
f 272 270 273 274
f 272 274 275 276
f 272 276 154 153
f 276 275 277 278
f 276 278 155 154
f 278 277 279 280
f 278 280 157 155
f 280 279 281 282
f 280 282 283 157
f 283 160 158 157
f 283 282 178 284
f 283 284 285 160
f 285 163 161 160
f 285 284 175 48
f 285 48 47 163
f 284 178 176 175
f 282 281 179 178
f 281 279 286 287
f 281 287 180 179
f 287 286 288 289
f 287 289 182 180
f 289 288 290 291
f 289 291 184 182
f 291 290 292 293
f 291 293 186 184
f 293 292 294 295
f 293 295 296 186
f 296 295 297 298
f 296 298 299 189
f 296 189 187 186
f 299 298 300 301
f 299 301 302 192
f 299 192 190 189
f 302 301 303 304
f 302 304 305 195
f 302 195 193 192
f 305 304 306 307
f 305 307 308 309
f 305 309 196 195
f 309 308 310 311
f 309 311 197 196
f 311 310 312 313
f 311 313 199 197
f 313 312 314 315
f 313 315 201 199
f 315 314 316 317
f 315 317 318 201
f 318 205 202 201
f 318 317 319 320
f 318 320 321 205
f 321 209 206 205
f 321 320 322 323
f 321 323 324 209
f 324 214 210 209
f 324 323 325 326
f 324 326 327 214
f 327 219 215 214
f 327 326 328 329
f 327 329 330 219
f 330 224 220 219
f 330 329 331 332
f 330 332 333 224
f 333 229 225 224
f 333 332 334 335
f 333 335 336 229
f 336 234 230 229
f 336 335 337 338
f 336 338 339 234
f 339 239 235 234
f 339 338 340 341
f 339 341 342 239
f 342 244 240 239
f 342 341 343 344
f 342 344 250 244
f 344 343 345 346
f 344 346 251 250
f 346 345 18 347
f 346 347 253 251
f 347 18 17 348
f 347 348 255 253
f 348 17 16 349
f 348 349 350 255
f 350 259 256 255
f 350 349 351 352
f 350 352 353 259
f 353 264 260 259
f 353 352 354 355
f 353 355 356 264
f 356 268 265 264
f 356 355 357 273
f 356 273 270 268
f 357 355 354 358
f 357 358 359 360
f 357 360 274 273
f 360 359 361 362
f 360 362 275 274
f 362 361 363 364
f 362 364 277 275
f 364 363 288 286
f 364 286 279 277
f 363 361 365 366
f 363 366 290 288
f 366 365 367 368
f 366 368 292 290
f 368 367 369 370
f 368 370 294 292
f 370 369 371 372
f 370 372 373 294
f 373 372 374 375
f 373 375 376 297
f 373 297 295 294
f 376 375 377 378
f 376 378 379 300
f 376 300 298 297
f 379 378 380 381
f 379 381 382 303
f 379 303 301 300
f 382 381 383 384
f 382 384 385 306
f 382 306 304 303
f 385 384 98 97
f 385 97 96 386
f 385 386 307 306
f 386 96 387 388
f 386 388 308 307
f 388 387 389 390
f 388 390 310 308
f 390 389 54 391
f 390 391 312 310
f 391 54 53 392
f 391 392 314 312
f 392 53 55 393
f 392 393 316 314
f 393 55 394 395
f 393 395 396 316
f 396 319 317 316
f 396 395 397 398
f 396 398 399 319
f 399 322 320 319
f 399 398 400 401
f 399 401 402 322
f 402 325 323 322
f 402 401 403 404
f 402 404 405 325
f 405 328 326 325
f 405 404 406 407
f 405 407 408 328
f 408 331 329 328
f 408 407 409 410
f 408 410 411 331
f 411 334 332 331
f 411 410 412 413
f 411 413 414 334
f 414 337 335 334
f 414 413 415 416
f 414 416 417 337
f 417 340 338 337
f 417 416 88 92
f 417 92 418 340
f 418 343 341 340
f 418 92 91 419
f 418 419 345 343
f 419 91 20 19
f 419 19 18 345
f 416 415 89 88
f 415 413 412 420
f 415 420 421 89
f 421 420 422 423
f 421 423 424 425
f 421 425 90 89
f 425 424 22 21
f 425 21 20 90
f 424 423 426 427
f 424 427 428 22
f 428 427 429 430
f 428 430 431 432
f 428 432 23 22
f 432 431 433 434
f 432 434 24 23
f 434 433 435 436
f 434 436 437 24
f 437 438 15 24
f 437 436 439 440
f 437 440 441 438
f 441 442 443 438
f 441 440 444 445
f 441 445 446 442
f 446 447 448 442
f 446 445 449 450
f 446 450 451 447
f 451 359 358 447
f 451 450 367 365
f 451 365 361 359
f 450 449 369 367
f 449 445 444 452
f 449 452 371 369
f 452 444 453 454
f 452 454 455 371
f 455 454 456 457
f 455 457 458 374
f 455 374 372 371
f 458 457 459 460
f 458 460 461 377
f 458 377 375 374
f 461 460 462 463
f 461 463 464 380
f 461 380 378 377
f 464 463 465 466
f 464 466 467 383
f 464 383 381 380
f 467 466 468 469
f 467 469 93 98
f 467 98 384 383
f 469 468 470 471
f 469 471 94 93
f 471 472 473 94
f 471 470 474 472
f 474 475 476 472
f 474 470 477 478
f 474 478 479 475
f 479 480 481 475
f 479 478 482 483
f 479 483 484 480
f 484 485 486 480
f 484 483 487 488
f 484 488 489 485
f 489 490 491 485
f 489 488 492 493
f 489 493 494 490
f 494 495 496 490
f 494 493 497 498
f 494 498 499 495
f 499 500 501 495
f 499 498 502 503
f 499 503 504 500
f 504 505 506 500
f 504 503 507 508
f 504 508 509 505
f 509 426 510 505
f 509 508 511 429
f 509 429 427 426
f 511 508 507 512
f 511 512 74 513
f 511 513 430 429
f 513 74 73 514
f 513 514 431 430
f 514 73 75 515
f 514 515 433 431
f 515 75 516 517
f 515 517 435 433
f 517 516 518 519
f 517 519 520 435
f 520 439 436 435
f 520 519 521 522
f 520 522 453 439
f 522 521 523 456
f 522 456 454 453
f 523 521 524 525
f 523 525 526 459
f 523 459 457 456
f 526 525 527 528
f 526 528 529 462
f 526 462 460 459
f 529 528 530 531
f 529 531 532 465
f 529 465 463 462
f 532 531 533 477
f 532 477 470 468
f 532 468 466 465
f 533 531 530 534
f 533 534 535 482
f 533 482 478 477
f 535 487 483 482
f 535 534 536 537
f 535 537 538 487
f 538 492 488 487
f 538 537 85 84
f 538 84 83 492
f 537 536 539 85
f 539 540 541 542
f 539 542 86 85
f 539 536 543 540
f 543 527 544 540
f 543 536 534 530
f 543 530 528 527
f 544 524 518 545
f 544 545 541 540
f 544 527 525 524
f 545 518 516 546
f 545 546 547 541
f 547 546 72 71
f 547 71 548 549
f 547 549 542 541
f 549 548 550 87
f 549 87 86 542
f 550 551 502 552
f 550 552 82 87
f 550 548 553 551
f 553 512 507 551
f 553 548 71 70
f 553 70 74 512
f 552 502 498 497
f 552 497 83 82
f 551 507 503 502
f 546 516 75 72
f 524 521 519 518
f 510 422 554 555
f 510 555 506 505
f 510 426 423 422
f 555 554 409 556
f 555 556 557 506
f 557 556 406 558
f 557 558 559 501
f 557 501 500 506
f 559 558 403 560
f 559 560 561 496
f 559 496 495 501
f 561 560 400 562
f 561 562 563 491
f 561 491 490 496
f 563 562 397 564
f 563 564 565 486
f 563 486 485 491
f 565 564 394 566
f 565 566 567 481
f 565 481 480 486
f 567 566 52 51
f 567 51 568 476
f 567 476 475 481
f 568 51 50 569
f 568 569 570 473
f 568 473 472 476
f 570 387 96 95
f 570 95 94 473
f 570 569 389 387
f 569 50 54 389
f 566 394 55 52
f 564 397 395 394
f 562 400 398 397
f 560 403 401 400
f 558 406 404 403
f 556 409 407 406
f 554 412 410 409
f 554 422 420 412
f 497 493 492 83
f 453 444 440 439
f 448 354 352 351
f 448 351 443 442
f 448 447 358 354
f 443 351 349 16
f 443 16 15 438
f 267 571 572 573
f 267 573 263 262
f 267 39 38 571
f 573 572 574 575
f 573 575 81 263
f 575 574 248 247
f 575 247 79 81
f 574 572 576 577
f 574 577 578 248
f 578 577 579 580
f 578 580 581 243
f 578 243 242 248
f 581 580 582 583
f 581 583 584 238
f 581 238 237 243
f 584 583 585 586
f 584 586 587 233
f 584 233 232 238
f 587 586 588 589
f 587 589 590 228
f 587 228 227 233
f 590 589 591 592
f 590 592 593 223
f 590 223 222 228
f 593 592 594 595
f 593 595 596 218
f 593 218 217 223
f 596 595 597 57
f 596 57 56 213
f 596 213 212 218
f 597 598 116 599
f 597 599 58 57
f 597 595 594 598
f 599 116 113 112
f 599 112 61 58
f 598 119 117 116
f 598 594 600 119
f 600 123 120 119
f 600 594 592 591
f 600 591 601 123
f 601 128 124 123
f 601 591 589 588
f 601 588 602 128
f 602 133 129 128
f 602 588 586 585
f 602 585 603 133
f 603 138 134 133
f 603 585 583 582
f 603 582 604 138
f 604 143 139 138
f 604 582 580 579
f 604 579 605 143
f 605 148 144 143
f 605 579 577 576
f 605 576 606 148
f 606 42 149 148
f 606 576 572 571
f 606 571 38 42
f 263 81 78 258
f 213 56 60 208
f 204 60 59 26
f 175 173 44 48
f 168 166 49 46
f 164 163 47 49
f 127 33 32 122
f 115 35 37 68
f 112 31 27 61
f 61 27 26 59
f 607 616 617 618
f 607 619 620 616
f 607 618 621 619
f 608 622 620 619
f 608 619 621 623
f 608 623 624 622
f 609 625 626 627
f 609 627 628 629
f 609 629 630 625
f 610 631 632 633
f 610 633 634 635
f 610 635 636 631
f 637 638 639 640
f 611 641 642 643
f 611 644 645 641
f 611 643 646 644
f 646 647 648 644
f 646 643 649 650
f 646 650 651 647
f 651 652 653 647
f 651 650 654 655
f 651 655 656 652
f 656 657 658 652
f 656 655 659 660
f 656 660 661 657
f 661 662 663 657
f 661 660 664 665
f 661 665 666 662
f 666 667 668 662
f 666 665 669 670
f 666 670 671 667
f 671 635 634 667
f 671 670 672 673
f 671 673 636 635
f 673 672 674 675
f 673 675 676 636
f 676 677 631 636
f 676 675 678 679
f 676 679 680 677
f 680 624 681 677
f 680 679 682 683
f 680 683 622 624
f 683 682 684 685
f 683 685 620 622
f 685 684 686 687
f 685 687 616 620
f 687 686 688 689
f 687 689 617 616
f 689 688 690 630
f 689 630 629 617
f 690 688 691 692
f 690 692 693 694
f 690 694 625 630
f 694 693 695 696
f 694 696 626 625
f 696 695 697 698
f 696 698 699 626
f 699 700 627 626
f 699 698 701 702
f 699 702 703 700
f 703 704 705 700
f 703 702 633 632
f 703 632 681 704
f 705 621 618 628
f 705 628 627 700
f 705 704 623 621
f 704 681 624 623
f 702 701 634 633
f 701 698 697 668
f 701 668 667 634
f 697 695 706 663
f 697 663 662 668
f 706 695 693 707
f 706 707 708 658
f 706 658 657 663
f 708 707 709 710
f 708 710 711 653
f 708 653 652 658
f 711 710 712 713
f 711 713 714 648
f 711 648 647 653
f 714 713 715 716
f 714 716 717 645
f 714 645 644 648
f 717 716 718 719
f 717 719 720 721
f 717 721 641 645
f 721 720 722 723
f 721 723 642 641
f 723 722 615 724
f 723 724 725 642
f 725 649 643 642
f 725 724 726 727
f 725 727 728 649
f 728 654 650 649
f 728 727 729 730
f 728 730 731 654
f 731 659 655 654
f 731 730 638 732
f 731 732 733 659
f 733 664 660 659
f 733 732 734 735
f 733 735 736 664
f 736 669 665 664
f 736 735 737 738
f 736 738 739 669
f 739 672 670 669
f 739 738 740 741
f 739 741 674 672
f 741 740 742 743
f 741 743 744 674
f 744 678 675 674
f 744 743 745 746
f 744 746 747 678
f 747 682 679 678
f 747 746 748 749
f 747 749 684 682
f 749 748 750 751
f 749 751 686 684
f 751 750 752 691
f 751 691 688 686
f 752 750 753 712
f 752 712 710 709
f 752 709 692 691
f 753 750 748 754
f 753 754 755 715
f 753 715 713 712
f 755 754 745 756
f 755 756 757 718
f 755 718 716 715
f 757 756 742 758
f 757 758 759 760
f 757 760 719 718
f 760 759 761 762
f 760 762 720 719
f 762 761 763 764
f 762 764 722 720
f 764 763 613 612
f 764 612 615 722
f 763 761 765 766
f 763 766 767 613
f 767 729 727 726
f 767 726 614 613
f 767 766 639 729
f 766 765 640 639
f 765 768 769 640
f 765 761 759 768
f 769 737 735 734
f 769 734 637 640
f 769 768 770 737
f 770 740 738 737
f 770 768 759 758
f 770 758 742 740
f 756 745 743 742
f 754 748 746 745
f 734 732 638 637
f 730 729 639 638
f 726 724 615 614
f 709 707 693 692
f 681 632 631 677
f 629 628 618 617
f 612 613 614 615
f 771 780 781 782
f 771 782 783 784
f 771 784 785 780
f 772 786 787 788
f 772 789 790 786
f 772 788 791 789
f 792 793 779 794
f 773 795 796 797
f 773 797 798 799
f 773 799 800 795
f 774 801 802 803
f 774 803 804 805
f 774 805 806 801
f 775 807 808 809
f 775 809 810 811
f 775 811 812 807
f 776 813 814 815
f 776 816 817 813
f 776 815 818 816
f 777 819 820 821
f 777 821 822 823
f 777 823 824 819
f 778 825 826 827
f 778 827 828 829
f 778 829 830 825
f 779 831 832 833
f 779 833 834 794
f 834 833 835 836
f 834 836 837 838
f 834 838 839 794
f 839 838 840 841
f 839 841 842 843
f 839 843 792 794
f 843 842 844 845
f 843 845 793 792
f 845 844 846 847
f 845 847 848 793
f 848 849 779 793
f 848 847 850 851
f 848 851 852 849
f 852 853 854 849
f 852 851 855 856
f 852 856 857 853
f 857 858 859 853
f 857 856 860 861
f 857 861 862 858
f 862 863 864 858
f 862 861 865 866
f 862 866 867 863
f 867 868 869 863
f 867 866 870 871
f 867 871 872 868
f 872 873 874 868
f 872 871 875 876
f 872 876 877 873
f 877 830 829 873
f 877 876 878 879
f 877 879 880 830
f 880 881 825 830
f 880 879 882 883
f 880 883 884 881
f 884 885 886 881
f 884 883 887 888
f 884 888 889 885
f 889 890 891 885
f 889 888 892 893
f 889 893 894 890
f 894 895 896 890
f 894 893 897 898
f 894 898 899 895
f 899 900 901 895
f 899 898 902 903
f 899 903 818 900
f 903 902 821 820
f 903 820 816 818
f 902 898 897 904
f 902 904 822 821
f 904 897 905 906
f 904 906 907 822
f 907 906 908 909
f 907 909 910 911
f 907 911 823 822
f 911 910 912 913
f 911 913 824 823
f 913 912 914 915
f 913 915 916 824
f 916 817 819 824
f 916 915 917 918
f 916 918 813 817
f 918 917 919 920
f 918 920 814 813
f 920 919 921 922
f 920 922 923 814
f 923 922 924 925
f 923 925 926 927
f 923 927 815 814
f 927 926 901 900
f 927 900 818 815
f 926 925 928 929
f 926 929 930 901
f 930 929 810 931
f 930 931 932 896
f 930 896 895 901
f 932 931 933 934
f 932 934 935 891
f 932 891 890 896
f 935 934 936 937
f 935 937 826 886
f 935 886 885 891
f 937 936 938 939
f 937 939 827 826
f 939 938 940 941
f 939 941 828 827
f 941 940 942 943
f 941 943 874 828
f 943 942 944 869
f 943 869 868 874
f 944 942 945 946
f 944 946 947 864
f 944 864 863 869
f 947 946 948 949
f 947 949 950 859
f 947 859 858 864
f 950 949 951 952
f 950 952 831 854
f 950 854 853 859
f 952 951 953 954
f 952 954 832 831
f 954 953 955 956
f 954 956 957 832
f 957 956 958 959
f 957 959 960 835
f 957 835 833 832
f 960 959 961 962
f 960 962 963 964
f 960 964 836 835
f 964 963 965 966
f 964 966 837 836
f 966 965 967 968
f 966 968 969 837
f 969 968 970 971
f 969 971 972 840
f 969 840 838 837
f 972 971 973 974
f 972 974 975 976
f 972 976 841 840
f 976 975 977 978
f 976 978 842 841
f 978 977 979 980
f 978 980 844 842
f 980 979 981 982
f 980 982 846 844
f 982 981 983 984
f 982 984 985 846
f 985 850 847 846
f 985 984 986 987
f 985 987 988 850
f 988 855 851 850
f 988 987 989 990
f 988 990 991 855
f 991 860 856 855
f 991 990 992 993
f 991 993 994 860
f 994 865 861 860
f 994 993 995 996
f 994 996 997 865
f 997 870 866 865
f 997 996 998 999
f 997 999 1000 870
f 1000 875 871 870
f 1000 999 1001 1002
f 1000 1002 1003 875
f 1003 878 876 875
f 1003 1002 1004 1005
f 1003 1005 1006 878
f 1006 882 879 878
f 1006 1005 1007 1008
f 1006 1008 1009 882
f 1009 887 883 882
f 1009 1008 1010 1011
f 1009 1011 1012 887
f 1012 892 888 887
f 1012 1011 1013 1014
f 1012 1014 905 892
f 1014 1013 1015 908
f 1014 908 906 905
f 1015 1013 1016 1017
f 1015 1017 1018 1019
f 1015 1019 909 908
f 1019 1018 1020 1021
f 1019 1021 910 909
f 1021 1020 1022 1023
f 1021 1023 912 910
f 1023 1022 1024 1025
f 1023 1025 914 912
f 1025 1024 1026 1027
f 1025 1027 1028 914
f 1028 917 915 914
f 1028 1027 1029 1030
f 1028 1030 919 917
f 1030 1029 1031 1032
f 1030 1032 921 919
f 1032 1031 1033 1034
f 1032 1034 1035 921
f 1035 924 922 921
f 1035 1034 1036 1037
f 1035 1037 1038 924
f 1038 928 925 924
f 1038 1037 1039 812
f 1038 812 811 928
f 1039 1037 1036 1040
f 1039 1040 1041 1042
f 1039 1042 807 812
f 1042 1041 1043 1044
f 1042 1044 808 807
f 1044 1043 1045 1046
f 1044 1046 1047 808
f 1047 933 809 808
f 1047 1046 938 936
f 1047 936 934 933
f 1046 1045 940 938
f 1045 1043 1048 945
f 1045 945 942 940
f 1048 1043 1041 1049
f 1048 1049 1050 948
f 1048 948 946 945
f 1050 1049 1051 1052
f 1050 1052 953 951
f 1050 951 949 948
f 1052 1051 1053 1054
f 1052 1054 955 953
f 1054 1053 1033 1055
f 1054 1055 1056 955
f 1056 1055 1057 1058
f 1056 1058 1059 958
f 1056 958 956 955
f 1059 1058 1060 1061
f 1059 1061 1062 961
f 1059 961 959 958
f 1062 1061 1063 1064
f 1062 1064 1065 1066
f 1062 1066 962 961
f 1066 1065 1067 1068
f 1066 1068 963 962
f 1068 1067 1069 1070
f 1068 1070 965 963
f 1070 1069 1071 1072
f 1070 1072 967 965
f 1072 1071 1073 1074
f 1072 1074 1075 967
f 1075 1074 1076 1077
f 1075 1077 1078 970
f 1075 970 968 967
f 1078 1077 1079 1080
f 1078 1080 1081 973
f 1078 973 971 970
f 1081 1080 1082 1083
f 1081 1083 1084 1085
f 1081 1085 974 973
f 1085 1084 1086 1087
f 1085 1087 975 974
f 1087 1086 1088 1089
f 1087 1089 977 975
f 1089 1088 1090 1091
f 1089 1091 979 977
f 1091 1090 1092 1093
f 1091 1093 981 979
f 1093 1092 1094 1095
f 1093 1095 983 981
f 1095 1094 1096 1097
f 1095 1097 1098 983
f 1098 986 984 983
f 1098 1097 1099 1100
f 1098 1100 1101 986
f 1101 989 987 986
f 1101 1100 1102 1103
f 1101 1103 1104 989
f 1104 992 990 989
f 1104 1103 1105 1106
f 1104 1106 1107 992
f 1107 995 993 992
f 1107 1106 1108 1109
f 1107 1109 1110 995
f 1110 998 996 995
f 1110 1109 1111 1112
f 1110 1112 1113 998
f 1113 1001 999 998
f 1113 1112 1114 1115
f 1113 1115 1116 1001
f 1116 1004 1002 1001
f 1116 1115 1117 1118
f 1116 1118 1119 1004
f 1119 1007 1005 1004
f 1119 1118 1120 1121
f 1119 1121 1122 1007
f 1122 1010 1008 1007
f 1122 1121 1123 1124
f 1122 1124 1016 1010
f 1124 1123 1125 1126
f 1124 1126 1017 1016
f 1126 1125 1127 1128
f 1126 1128 1018 1017
f 1128 1127 1129 1130
f 1128 1130 1020 1018
f 1130 1129 1131 1132
f 1130 1132 1022 1020
f 1132 1131 1133 1134
f 1132 1134 1024 1022
f 1134 1133 1063 1135
f 1134 1135 1026 1024
f 1135 1063 1061 1060
f 1135 1060 1136 1026
f 1136 1029 1027 1026
f 1136 1060 1058 1057
f 1136 1057 1031 1029
f 1133 1131 1137 1138
f 1133 1138 1064 1063
f 1138 1137 1139 1140
f 1138 1140 1065 1064
f 1140 1139 1141 1142
f 1140 1142 1067 1065
f 1142 1141 1143 1144
f 1142 1144 1069 1067
f 1144 1143 1145 1146
f 1144 1146 1071 1069
f 1146 1145 1147 1148
f 1146 1148 1073 1071
f 1148 1147 1149 1150
f 1148 1150 1151 1073
f 1151 1150 1152 1153
f 1151 1153 1154 1076
f 1151 1076 1074 1073
f 1154 1153 1155 1156
f 1154 1156 1157 1079
f 1154 1079 1077 1076
f 1157 1156 1158 1159
f 1157 1159 1160 1082
f 1157 1082 1080 1079
f 1160 1159 1161 1162
f 1160 1162 1163 1164
f 1160 1164 1083 1082
f 1164 1163 1165 1166
f 1164 1166 1084 1083
f 1166 1165 1167 1168
f 1166 1168 1086 1084
f 1168 1167 1169 1170
f 1168 1170 1088 1086
f 1170 1169 1171 1172
f 1170 1172 1090 1088
f 1172 1171 1173 1174
f 1172 1174 1092 1090
f 1174 1173 1175 1176
f 1174 1176 1094 1092
f 1176 1175 1177 1178
f 1176 1178 1096 1094
f 1178 1177 1179 1180
f 1178 1180 1181 1096
f 1181 1099 1097 1096
f 1181 1180 1182 1183
f 1181 1183 1184 1099
f 1184 1102 1100 1099
f 1184 1183 1185 1186
f 1184 1186 1187 1102
f 1187 1105 1103 1102
f 1187 1186 1188 1189
f 1187 1189 1190 1105
f 1190 1108 1106 1105
f 1190 1189 1191 1192
f 1190 1192 1193 1108
f 1193 1111 1109 1108
f 1193 1192 1194 1195
f 1193 1195 1196 1111
f 1196 1114 1112 1111
f 1196 1195 1197 1198
f 1196 1198 1199 1114
f 1199 1117 1115 1114
f 1199 1198 1200 1201
f 1199 1201 1202 1117
f 1202 1120 1118 1117
f 1202 1201 1203 1204
f 1202 1204 1205 1120
f 1205 1123 1121 1120
f 1205 1204 1206 1207
f 1205 1207 1125 1123
f 1207 1206 1208 1209
f 1207 1209 1127 1125
f 1209 1208 1210 1211
f 1209 1211 1129 1127
f 1211 1210 1139 1137
f 1211 1137 1131 1129
f 1210 1208 1212 1213
f 1210 1213 1141 1139
f 1213 1212 1214 1215
f 1213 1215 1143 1141
f 1215 1214 1216 1217
f 1215 1217 1145 1143
f 1217 1216 1218 1219
f 1217 1219 1147 1145
f 1219 1218 1220 1221
f 1219 1221 1149 1147
f 1221 1220 1222 1223
f 1221 1223 1224 1149
f 1224 1223 1225 1226
f 1224 1226 1227 1152
f 1224 1152 1150 1149
f 1227 1226 1228 1229
f 1227 1229 1230 1155
f 1227 1155 1153 1152
f 1230 1229 1231 1232
f 1230 1232 1233 1158
f 1230 1158 1156 1155
f 1233 1232 1234 1235
f 1233 1235 1236 1161
f 1233 1161 1159 1158
f 1236 1235 1237 1238
f 1236 1238 1239 1240
f 1236 1240 1162 1161
f 1240 1239 1241 1242
f 1240 1242 1163 1162
f 1242 1241 1243 1244
f 1242 1244 1165 1163
f 1244 1243 1245 1246
f 1244 1246 1167 1165
f 1246 1245 1247 1248
f 1246 1248 1169 1167
f 1248 1247 1249 1250
f 1248 1250 1171 1169
f 1250 1249 1251 1252
f 1250 1252 1173 1171
f 1252 1251 1253 1254
f 1252 1254 1175 1173
f 1254 1253 1255 1256
f 1254 1256 1177 1175
f 1256 1255 1257 1258
f 1256 1258 1179 1177
f 1258 1257 1259 1260
f 1258 1260 1261 1179
f 1261 1182 1180 1179
f 1261 1260 1262 1263
f 1261 1263 1264 1182
f 1264 1185 1183 1182
f 1264 1263 1265 1266
f 1264 1266 1267 1185
f 1267 1188 1186 1185
f 1267 1266 1268 1269
f 1267 1269 1270 1188
f 1270 1191 1189 1188
f 1270 1269 1271 1272
f 1270 1272 1273 1191
f 1273 1194 1192 1191
f 1273 1272 1274 1275
f 1273 1275 1276 1194
f 1276 1197 1195 1194
f 1276 1275 1277 1278
f 1276 1278 1279 1197
f 1279 1200 1198 1197
f 1279 1278 1280 1281
f 1279 1281 1282 1200
f 1282 1203 1201 1200
f 1282 1281 1283 1284
f 1282 1284 1285 1203
f 1285 1206 1204 1203
f 1285 1284 1214 1212
f 1285 1212 1208 1206
f 1284 1283 1216 1214
f 1283 1281 1280 1286
f 1283 1286 1218 1216
f 1286 1280 1287 1288
f 1286 1288 1220 1218
f 1288 1287 1289 1290
f 1288 1290 1222 1220
f 1290 1289 1291 1292
f 1290 1292 1293 1222
f 1293 1292 1294 1295
f 1293 1295 1296 1225
f 1293 1225 1223 1222
f 1296 1295 1297 1298
f 1296 1298 1299 1228
f 1296 1228 1226 1225
f 1299 1298 1300 1301
f 1299 1301 1302 1231
f 1299 1231 1229 1228
f 1302 1301 1303 1304
f 1302 1304 1305 1234
f 1302 1234 1232 1231
f 1305 1304 1306 1307
f 1305 1307 1308 1237
f 1305 1237 1235 1234
f 1308 1307 1309 1310
f 1308 1310 1311 1312
f 1308 1312 1238 1237
f 1312 1311 1313 1314
f 1312 1314 1239 1238
f 1314 1313 1315 1316
f 1314 1316 1241 1239
f 1316 1315 1317 1318
f 1316 1318 1243 1241
f 1318 1317 1319 1320
f 1318 1320 1245 1243
f 1320 1319 1321 1322
f 1320 1322 1247 1245
f 1322 1321 1323 1324
f 1322 1324 1249 1247
f 1324 1323 1325 1326
f 1324 1326 1251 1249
f 1326 1325 1327 1328
f 1326 1328 1253 1251
f 1328 1327 1329 1330
f 1328 1330 1255 1253
f 1330 1329 1331 1332
f 1330 1332 1257 1255
f 1332 1331 1333 1334
f 1332 1334 1259 1257
f 1334 1333 1335 1336
f 1334 1336 1337 1259
f 1337 1262 1260 1259
f 1337 1336 1338 1339
f 1337 1339 1340 1262
f 1340 1265 1263 1262
f 1340 1339 1341 1342
f 1340 1342 1343 1265
f 1343 1268 1266 1265
f 1343 1342 1344 1345
f 1343 1345 1346 1268
f 1346 1271 1269 1268
f 1346 1345 1347 1348
f 1346 1348 1349 1271
f 1349 1274 1272 1271
f 1349 1348 1350 1351
f 1349 1351 1352 1274
f 1352 1277 1275 1274
f 1352 1351 1291 1289
f 1352 1289 1287 1277
f 1351 1350 1353 1291
f 1353 1350 1354 1355
f 1353 1355 1356 1294
f 1353 1294 1292 1291
f 1356 1355 1357 1358
f 1356 1358 1359 1297
f 1356 1297 1295 1294
f 1359 1358 1360 1361
f 1359 1361 1362 1300
f 1359 1300 1298 1297
f 1362 1361 1363 1364
f 1362 1364 1365 1303
f 1362 1303 1301 1300
f 1365 1364 1366 1367
f 1365 1367 1368 1306
f 1365 1306 1304 1303
f 1368 1367 1369 1370
f 1368 1370 1371 1309
f 1368 1309 1307 1306
f 1371 1370 1372 1373
f 1371 1373 1374 1375
f 1371 1375 1310 1309
f 1375 1374 1376 1377
f 1375 1377 1311 1310
f 1377 1376 1378 1379
f 1377 1379 1313 1311
f 1379 1378 1380 1381
f 1379 1381 1315 1313
f 1381 1380 1382 1383
f 1381 1383 1317 1315
f 1383 1382 1384 1385
f 1383 1385 1319 1317
f 1385 1384 1386 1387
f 1385 1387 1321 1319
f 1387 1386 1388 1389
f 1387 1389 1323 1321
f 1389 1388 1390 1391
f 1389 1391 1325 1323
f 1391 1390 1392 1393
f 1391 1393 1327 1325
f 1393 1392 1394 1395
f 1393 1395 1329 1327
f 1395 1394 783 1396
f 1395 1396 1331 1329
f 1396 783 782 1397
f 1396 1397 1333 1331
f 1397 782 781 1398
f 1397 1398 1335 1333
f 1398 781 1399 1400
f 1398 1400 1401 1335
f 1401 1338 1336 1335
f 1401 1400 1402 1403
f 1401 1403 1404 1338
f 1404 1341 1339 1338
f 1404 1403 1405 1406
f 1404 1406 1407 1341
f 1407 1344 1342 1341
f 1407 1406 1408 1409
f 1407 1409 1410 1344
f 1410 1347 1345 1344
f 1410 1409 1411 1412
f 1410 1412 1354 1347
f 1412 1411 1413 1357
f 1412 1357 1355 1354
f 1413 1411 1414 1415
f 1413 1415 1416 1360
f 1413 1360 1358 1357
f 1416 1415 1417 1418
f 1416 1418 1419 1363
f 1416 1363 1361 1360
f 1419 1418 1420 1421
f 1419 1421 1422 1366
f 1419 1366 1364 1363
f 1422 1421 1423 1424
f 1422 1424 1425 1369
f 1422 1369 1367 1366
f 1425 1424 1426 1427
f 1425 1427 1428 1372
f 1425 1372 1370 1369
f 1428 1427 1429 1430
f 1428 1430 1431 1432
f 1428 1432 1373 1372
f 1432 1431 1433 1434
f 1432 1434 1374 1373
f 1434 1433 1435 1436
f 1434 1436 1376 1374
f 1436 1435 796 1437
f 1436 1437 1378 1376
f 1437 796 795 1438
f 1437 1438 1380 1378
f 1438 795 800 1439
f 1438 1439 1382 1380
f 1439 800 1440 1441
f 1439 1441 1384 1382
f 1441 1440 1442 1443
f 1441 1443 1386 1384
f 1443 1442 1444 1445
f 1443 1445 1388 1386
f 1445 1444 1446 1447
f 1445 1447 1390 1388
f 1447 1446 1448 1449
f 1447 1449 1392 1390
f 1449 1448 1450 1451
f 1449 1451 1394 1392
f 1451 1450 785 784
f 1451 784 783 1394
f 1450 1448 1452 1453
f 1450 1453 1454 785
f 1454 1455 780 785
f 1454 1453 1456 1457
f 1454 1457 1458 1455
f 1458 1459 1399 1455
f 1458 1457 1460 1461
f 1458 1461 1462 1459
f 1462 1463 1402 1459
f 1462 1461 1464 1465
f 1462 1465 1466 1463
f 1466 1467 1405 1463
f 1466 1465 1468 1469
f 1466 1469 1470 1467
f 1470 1414 1408 1467
f 1470 1469 1471 1417
f 1470 1417 1415 1414
f 1471 1469 1468 1472
f 1471 1472 1473 1420
f 1471 1420 1418 1417
f 1473 1472 806 805
f 1473 805 804 1423
f 1473 1423 1421 1420
f 1472 1468 1474 806
f 1474 1468 1465 1464
f 1474 1464 1475 1476
f 1474 1476 801 806
f 1476 1475 1477 1478
f 1476 1478 802 801
f 1478 1477 1479 1480
f 1478 1480 1481 802
f 1481 1482 803 802
f 1481 1480 1483 1484
f 1481 1484 1429 1482
f 1484 1483 1485 1486
f 1484 1486 1430 1429
f 1486 1485 787 1487
f 1486 1487 1431 1430
f 1487 787 786 1488
f 1487 1488 1433 1431
f 1488 786 790 1489
f 1488 1489 1435 1433
f 1489 790 798 797
f 1489 797 796 1435
f 1485 1483 1490 1491
f 1485 1491 788 787
f 1491 1490 1492 1493
f 1491 1493 791 788
f 1493 1492 1494 1495
f 1493 1495 1496 791
f 1496 1495 1497 1498
f 1496 1498 1499 1500
f 1496 1500 789 791
f 1500 1499 799 798
f 1500 798 790 789
f 1499 1498 1442 1440
f 1499 1440 800 799
f 1498 1497 1444 1442
f 1497 1501 1446 1444
f 1497 1495 1494 1501
f 1501 1452 1448 1446
f 1501 1494 1502 1452
f 1502 1456 1453 1452
f 1502 1494 1492 1503
f 1502 1503 1504 1456
f 1504 1460 1457 1456
f 1504 1503 1479 1477
f 1504 1477 1475 1460
f 1503 1492 1490 1479
f 1490 1483 1480 1479
f 1482 1426 804 803
f 1482 1429 1427 1426
f 1475 1464 1461 1460
f 1467 1408 1406 1405
f 1463 1405 1403 1402
f 1459 1402 1400 1399
f 1455 1399 781 780
f 1426 1424 1423 804
f 1414 1411 1409 1408
f 1354 1350 1348 1347
f 1287 1280 1278 1277
f 1057 1055 1033 1031
f 1053 1036 1034 1033
f 1053 1051 1040 1036
f 1051 1049 1041 1040
f 1016 1013 1011 1010
f 933 931 810 809
f 929 928 811 810
f 905 897 893 892
f 886 826 825 881
f 874 873 829 828
f 854 831 779 849
f 820 819 817 816
f 1505 1511 1512 1513
f 1505 1514 1515 1511
f 1505 1513 1516 1514
f 1506 1517 1518 1519
f 1506 1520 1521 1517
f 1506 1519 1522 1520
f 1507 1527 1528 1529
f 1507 1529 1530 1531
f 1507 1531 1532 1527
f 1508 1533 1512 1511
f 1508 1511 1515 1534
f 1508 1534 1535 1533
f 1509 1536 1532 1531
f 1509 1537 1538 1536
f 1509 1531 1530 1537
f 1510 1539 1540 1541
f 1510 1542 1543 1539
f 1510 1541 1544 1542
f 1544 1545 1546 1542
f 1544 1541 1547 1548
f 1544 1548 1549 1545
f 1549 1550 1551 1545
f 1549 1548 1552 1553
f 1549 1553 1554 1550
f 1554 1555 1556 1550
f 1554 1553 1528 1557
f 1554 1557 1535 1555
f 1557 1528 1527 1558
f 1557 1558 1533 1535
f 1558 1527 1532 1559
f 1558 1559 1512 1533
f 1559 1532 1536 1560
f 1559 1560 1513 1512
f 1560 1536 1538 1561
f 1560 1561 1516 1513
f 1561 1538 1562 1563
f 1561 1563 1564 1516
f 1564 1563 1565 1566
f 1564 1566 1567 1568
f 1564 1568 1514 1516
f 1568 1567 1569 1570
f 1568 1570 1515 1514
f 1570 1569 1571 1572
f 1570 1572 1534 1515
f 1572 1571 1556 1555
f 1572 1555 1535 1534
f 1571 1569 1573 1574
f 1571 1574 1575 1556
f 1575 1574 1576 1577
f 1575 1577 1578 1551
f 1575 1551 1550 1556
f 1578 1577 1579 1580
f 1578 1580 1581 1546
f 1578 1546 1545 1551
f 1581 1580 1526 1582
f 1581 1582 1583 1543
f 1581 1543 1542 1546
f 1583 1582 1584 1585
f 1583 1585 1586 1587
f 1583 1587 1539 1543
f 1587 1586 1588 1589
f 1587 1589 1540 1539
f 1589 1588 1565 1590
f 1589 1590 1591 1540
f 1591 1547 1541 1540
f 1591 1590 1562 1592
f 1591 1592 1593 1547
f 1593 1552 1548 1547
f 1593 1592 1537 1530
f 1593 1530 1529 1552
f 1592 1562 1538 1537
f 1590 1565 1563 1562
f 1588 1586 1518 1594
f 1588 1594 1566 1565
f 1594 1518 1517 1595
f 1594 1595 1567 1566
f 1595 1517 1521 1573
f 1595 1573 1569 1567
f 1586 1585 1519 1518
f 1585 1584 1522 1519
f 1584 1582 1526 1525
f 1584 1525 1524 1522
f 1580 1579 1523 1526
f 1579 1596 1524 1523
f 1579 1577 1576 1596
f 1596 1520 1522 1524
f 1596 1576 1521 1520
f 1576 1574 1573 1521
f 1553 1552 1529 1528
f 1523 1524 1525 1526
f 1597 1631 1632 1633
f 1597 1633 1634 1635
f 1597 1636 1637 1631
f 1597 1638 1609 1636
f 1597 1635 1639 1638
f 1598 1640 1641 1642
f 1598 1642 1643 1644
f 1598 1644 1645 1640
f 1599 1603 1601 1646
f 1599 1647 1648 1649
f 1599 1649 1650 1603
f 1599 1646 1651 1652
f 1599 1652 1610 1647
f 1600 1653 1654 1655
f 1600 1656 1657 1658
f 1600 1658 1659 1653
f 1601 1660 1661 1662
f 1601 1662 1663 1664
f 1601 1664 1665 1646
f 1601 1603 1666 1660
f 1602 1667 1668 1669
f 1602 1670 1671 1667
f 1602 1669 1672 1670
f 1603 1673 1674 1666
f 1603 1650 1675 1673
f 1604 1676 1677 1678
f 1604 1678 1679 1680
f 1604 1680 1681 1676
f 1605 1682 1683 1684
f 1605 1685 1686 1682
f 1605 1684 1687 1688
f 1606 1689 1690 1691
f 1606 1692 1693 1689
f 1606 1694 1695 1692
f 1606 1696 1697 1694
f 1606 1691 1698 1696
f 1607 1699 1700 1701
f 1607 1702 1703 1699
f 1607 1701 1704 1702
f 1608 1700 1699 1705
f 1608 1706 1707 1700
f 1608 1705 1708 1706
f 1609 1709 1710 1636
f 1609 1638 1711 1709
f 1610 1712 1713 1647
f 1610 1714 1715 1712
f 1610 1716 1717 1714
f 1610 1652 1718 1716
f 1611 1719 1720 1721
f 1611 1721 1722 1623
f 1611 1630 1723 1719
f 1611 1623 1724 1725
f 1612 1726 1727 1728
f 1612 1729 1730 1726
f 1612 1728 1731 1729
f 1613 1732 1733 1734
f 1613 1735 1736 1737
f 1613 1738 1739 1735
f 1613 1737 1740 1732
f 1613 1734 1741 1738
f 1614 1742 1743 1744
f 1614 1744 1745 1746
f 1614 1746 1747 1742
f 1615 1748 1749 1750
f 1615 1751 1752 1748
f 1615 1750 1753 1751
f 1616 1754 1755 1756
f 1616 1756 1757 1758
f 1616 1758 1759 1754
f 1617 1760 1761 1762
f 1617 1763 1764 1760
f 1617 1762 1765 1763
f 1618 1766 1767 1768
f 1618 1768 1769 1770
f 1618 1770 1771 1766
f 1619 1772 1773 1774
f 1619 1775 1776 1772
f 1619 1774 1777 1775
f 1620 1778 1779 1780
f 1620 1781 1782 1778
f 1620 1780 1783 1781
f 1621 1784 1785 1786
f 1621 1787 1788 1784
f 1621 1786 1789 1787
f 1622 1790 1791 1792
f 1622 1793 1794 1790
f 1622 1792 1795 1793
f 1623 1722 1796 1797
f 1623 1797 1798 1724
f 1624 1625 1799 1800
f 1624 1800 1801 1802
f 1624 1802 1803 1625
f 1625 1803 1804 1805
f 1626 1806 1807 1808
f 1626 1809 1810 1806
f 1626 1808 1811 1812
f 1627 1813 1814 1815
f 1627 1815 1816 1817
f 1627 1817 1818 1813
f 1628 1819 1820 1821
f 1628 1821 1822 1823
f 1628 1823 1824 1819
f 1629 1825 1826 1827
f 1629 1828 1829 1825
f 1629 1827 1830 1828
f 1630 1831 1733 1723
f 1630 1611 1725 1832
f 1630 1832 1833 1834
f 1835 1836 1655 1654
f 1836 1835 1837 1838
f 1836 1838 1839 1840
f 1836 1840 1841 1655
f 1841 1840 1842 1843
f 1841 1843 1844 1845
f 1841 1845 1600 1655
f 1845 1844 1846 1847
f 1845 1847 1656 1600
f 1847 1846 1848 1849
f 1847 1849 1850 1656
f 1850 1851 1657 1656
f 1850 1849 1852 1853
f 1850 1853 1854 1851
f 1854 1855 1856 1851
f 1854 1853 1857 1858
f 1854 1858 1859 1855
f 1859 1860 1861 1855
f 1859 1858 1862 1863
f 1859 1863 1864 1860
f 1864 1865 1866 1860
f 1864 1863 1867 1868
f 1864 1868 1869 1865
f 1869 1870 1871 1865
f 1869 1868 1872 1873
f 1869 1873 1874 1870
f 1874 1875 1876 1870
f 1874 1873 1877 1878
f 1874 1878 1879 1875
f 1879 1880 1881 1875
f 1879 1878 1882 1883
f 1879 1883 1884 1880
f 1884 1885 1886 1880
f 1884 1883 1887 1888
f 1884 1888 1889 1885
f 1889 1890 1891 1885
f 1889 1888 1892 1893
f 1889 1893 1894 1890
f 1894 1666 1674 1890
f 1894 1893 1895 1896
f 1894 1896 1660 1666
f 1896 1895 1897 1898
f 1896 1898 1661 1660
f 1898 1897 1899 1900
f 1898 1900 1901 1661
f 1901 1902 1662 1661
f 1901 1900 1903 1904
f 1901 1904 1905 1902
f 1905 1906 1907 1902
f 1905 1904 1908 1801
f 1905 1801 1800 1906
f 1908 1904 1903 1909
f 1908 1909 1910 1911
f 1908 1911 1802 1801
f 1911 1910 1912 1913
f 1911 1913 1803 1802
f 1913 1912 1914 1915
f 1913 1915 1804 1803
f 1915 1914 1916 1917
f 1915 1917 1918 1804
f 1918 1919 1805 1804
f 1918 1917 1798 1797
f 1918 1797 1796 1919
f 1919 1796 1920 1921
f 1919 1921 1922 1805
f 1922 1921 1923 1924
f 1922 1924 1925 1926
f 1922 1926 1625 1805
f 1926 1925 1927 1928
f 1926 1928 1799 1625
f 1928 1927 1929 1930
f 1928 1930 1931 1799
f 1931 1906 1800 1799
f 1931 1930 1932 1933
f 1931 1933 1907 1906
f 1933 1932 1934 1935
f 1933 1935 1663 1907
f 1935 1934 1778 1782
f 1935 1782 1664 1663
f 1934 1932 1936 1937
f 1934 1937 1779 1778
f 1937 1936 1938 1939
f 1937 1939 1940 1779
f 1940 1939 1640 1645
f 1940 1645 1941 1942
f 1940 1942 1780 1779
f 1942 1941 1943 1944
f 1942 1944 1783 1780
f 1944 1943 1945 1946
f 1944 1946 1947 1783
f 1947 1946 1948 1651
f 1947 1651 1646 1665
f 1947 1665 1781 1783
f 1948 1946 1945 1949
f 1948 1949 1950 1718
f 1948 1718 1652 1651
f 1950 1949 1951 1952
f 1950 1952 1953 1954
f 1950 1954 1716 1718
f 1954 1953 1955 1956
f 1954 1956 1717 1716
f 1956 1955 1957 1958
f 1956 1958 1959 1717
f 1959 1958 1960 1961
f 1959 1961 1962 1963
f 1959 1963 1714 1717
f 1963 1962 1964 1965
f 1963 1965 1715 1714
f 1965 1964 1966 1967
f 1965 1967 1968 1715
f 1968 1969 1712 1715
f 1968 1967 1970 1971
f 1968 1971 1972 1969
f 1972 1973 1974 1969
f 1972 1971 1975 1976
f 1972 1976 1977 1973
f 1977 1978 1979 1973
f 1977 1976 1980 1981
f 1977 1981 1982 1978
f 1982 1983 1984 1978
f 1982 1981 1985 1986
f 1982 1986 1987 1983
f 1987 1988 1989 1983
f 1987 1986 1990 1991
f 1987 1991 1992 1988
f 1992 1993 1994 1988
f 1992 1991 1995 1996
f 1992 1996 1997 1993
f 1997 1998 1999 1993
f 1997 1996 2000 2001
f 1997 2001 2002 1998
f 2002 2003 2004 1998
f 2002 2001 2005 2006
f 2002 2006 2007 2003
f 2007 2008 2009 2003
f 2007 2006 2010 2011
f 2007 2011 2012 2008
f 2012 2013 2014 2008
f 2012 2011 2015 2016
f 2012 2016 2017 2013
f 2017 2018 2019 2013
f 2017 2016 2020 2021
f 2017 2021 2022 2018
f 2022 2023 2024 2018
f 2022 2021 2025 2026
f 2022 2026 2027 2023
f 2027 2028 2029 2023
f 2027 2026 2030 2031
f 2027 2031 2032 2028
f 2032 2033 2034 2028
f 2032 2031 2035 2036
f 2032 2036 2037 2033
f 2037 2038 2039 2033
f 2037 2036 2040 2041
f 2037 2041 2042 2038
f 2042 2043 2044 2038
f 2042 2041 2045 2046
f 2042 2046 2047 2043
f 2047 2048 2049 2043
f 2047 2046 2050 2051
f 2047 2051 2052 2048
f 2052 2053 2054 2048
f 2052 2051 2055 2056
f 2052 2056 2057 2053
f 2057 2058 2059 2053
f 2057 2056 2060 2061
f 2057 2061 2062 2058
f 2062 2063 2064 2058
f 2062 2061 2065 2066
f 2062 2066 2067 2063
f 2067 2068 2069 2063
f 2067 2066 2070 2071
f 2067 2071 2072 2068
f 2072 2073 2074 2068
f 2072 2071 2075 2076
f 2072 2076 2077 2073
f 2077 2078 2079 2073
f 2077 2076 2080 2081
f 2077 2081 2082 2078
f 2082 2083 2084 2078
f 2082 2081 2085 2086
f 2082 2086 2087 2083
f 2087 2088 2089 2083
f 2087 2086 2090 2091
f 2087 2091 2092 2088
f 2092 2093 2094 2088
f 2092 2091 2095 2096
f 2092 2096 2097 2093
f 2097 2098 2099 2093
f 2097 2096 2100 2101
f 2097 2101 2102 2098
f 2102 2103 2104 2098
f 2102 2101 2105 2106
f 2102 2106 2107 2103
f 2107 2108 2109 2103
f 2107 2106 2110 2111
f 2107 2111 2112 2108
f 2112 2113 2114 2108
f 2112 2111 2115 2116
f 2112 2116 2117 2113
f 2117 2118 2119 2113
f 2117 2116 2120 2121
f 2117 2121 2122 2118
f 2122 2123 2124 2118
f 2122 2121 2125 2126
f 2122 2126 2127 2123
f 2127 2128 2129 2123
f 2127 2126 2130 2131
f 2127 2131 2132 2128
f 2132 2133 2134 2128
f 2132 2131 2135 2136
f 2132 2136 2137 2133
f 2137 2138 2139 2133
f 2137 2136 2140 2141
f 2137 2141 2142 2138
f 2142 2143 2144 2138
f 2142 2141 2145 2146
f 2142 2146 2147 2143
f 2147 2148 2149 2143
f 2147 2146 2150 2151
f 2147 2151 2152 2148
f 2152 2153 2154 2148
f 2152 2151 2155 2156
f 2152 2156 2157 2153
f 2157 2158 2159 2153
f 2157 2156 2160 2161
f 2157 2161 2162 2158
f 2162 2163 2164 2158
f 2162 2161 2165 2166
f 2162 2166 2167 2163
f 2167 2168 2169 2163
f 2167 2166 2170 2171
f 2167 2171 2172 2168
f 2172 2173 2174 2168
f 2172 2171 2175 2176
f 2172 2176 2177 2173
f 2177 2178 2179 2173
f 2177 2176 2180 2181
f 2177 2181 2182 2178
f 2182 2183 2184 2178
f 2182 2181 2185 2186
f 2182 2186 2187 2183
f 2187 2188 2189 2183
f 2187 2186 2190 2191
f 2187 2191 2192 2188
f 2192 2193 2194 2188
f 2192 2191 2195 2196
f 2192 2196 2197 2193
f 2197 1825 1829 2193
f 2197 2196 2198 2199
f 2197 2199 1826 1825
f 2199 2198 2200 2201
f 2199 2201 2202 1826
f 2202 2203 1827 1826
f 2202 2201 2204 2205
f 2202 2205 2206 2203
f 2206 2207 2208 2209
f 2206 2209 2210 2203
f 2206 2205 2211 2207
f 2211 2205 2204 2212
f 2211 2212 2213 2214
f 2211 2214 2215 2207
f 2215 2216 2217 2218
f 2215 2218 2208 2207
f 2215 2214 2219 2216
f 2219 2214 2213 2220
f 2219 2220 2221 2222
f 2219 2222 2223 2216
f 2223 1763 1765 2224
f 2223 2224 2217 2216
f 2223 2222 1764 1763
f 2224 1765 2225 2226
f 2224 2226 2227 2217
f 2227 2226 2228 2229
f 2227 2229 2230 2231
f 2227 2231 2218 2217
f 2231 2230 2232 2233
f 2231 2233 2208 2218
f 2233 2232 2234 2235
f 2233 2235 2209 2208
f 2235 2234 2236 2237
f 2235 2237 2210 2209
f 2237 2236 2238 2239
f 2237 2239 1830 2210
f 2239 2238 2240 2241
f 2239 2241 1828 1830
f 2241 2240 2242 2243
f 2241 2243 1829 1828
f 2243 2242 2244 2194
f 2243 2194 2193 1829
f 2244 2242 2245 2246
f 2244 2246 2247 2189
f 2244 2189 2188 2194
f 2247 2246 2248 2249
f 2247 2249 2250 2184
f 2247 2184 2183 2189
f 2250 2249 2251 2252
f 2250 2252 2253 2179
f 2250 2179 2178 2184
f 2253 2252 2254 2255
f 2253 2255 2256 2174
f 2253 2174 2173 2179
f 2256 2255 2257 2258
f 2256 2258 2259 2169
f 2256 2169 2168 2174
f 2259 2258 2260 2261
f 2259 2261 2262 2164
f 2259 2164 2163 2169
f 2262 2261 2263 2264
f 2262 2264 2265 2159
f 2262 2159 2158 2164
f 2265 2264 2266 2267
f 2265 2267 2268 2154
f 2265 2154 2153 2159
f 2268 2267 2269 2270
f 2268 2270 2271 2149
f 2268 2149 2148 2154
f 2271 2270 2272 2273
f 2271 2273 2274 2144
f 2271 2144 2143 2149
f 2274 2273 2275 2276
f 2274 2276 2277 2139
f 2274 2139 2138 2144
f 2277 2276 2278 2279
f 2277 2279 2280 2134
f 2277 2134 2133 2139
f 2280 2279 2281 2282
f 2280 2282 2283 2129
f 2280 2129 2128 2134
f 2283 2282 2284 2285
f 2283 2285 2286 2124
f 2283 2124 2123 2129
f 2286 2285 2287 2288
f 2286 2288 2289 2119
f 2286 2119 2118 2124
f 2289 2288 2290 2291
f 2289 2291 2292 2114
f 2289 2114 2113 2119
f 2292 2291 2293 2294
f 2292 2294 2295 2109
f 2292 2109 2108 2114
f 2295 2294 2296 2297
f 2295 2297 2298 2104
f 2295 2104 2103 2109
f 2298 2297 2299 2300
f 2298 2300 2301 2099
f 2298 2099 2098 2104
f 2301 2300 2302 2303
f 2301 2303 2304 2094
f 2301 2094 2093 2099
f 2304 2303 2305 2306
f 2304 2306 2307 2089
f 2304 2089 2088 2094
f 2307 2306 2308 2309
f 2307 2309 2310 2084
f 2307 2084 2083 2089
f 2310 2309 2311 2312
f 2310 2312 2313 2079
f 2310 2079 2078 2084
f 2313 2312 2314 2315
f 2313 2315 2316 2074
f 2313 2074 2073 2079
f 2316 2315 2317 2318
f 2316 2318 2319 2069
f 2316 2069 2068 2074
f 2319 2318 2320 2321
f 2319 2321 2322 2064
f 2319 2064 2063 2069
f 2322 2321 2323 2324
f 2322 2324 2325 2059
f 2322 2059 2058 2064
f 2325 2324 2326 2327
f 2325 2327 2328 2054
f 2325 2054 2053 2059
f 2328 2327 2329 2330
f 2328 2330 2331 2049
f 2328 2049 2048 2054
f 2331 2330 2332 2333
f 2331 2333 2334 2044
f 2331 2044 2043 2049
f 2334 2333 2335 2336
f 2334 2336 2337 2039
f 2334 2039 2038 2044
f 2337 2336 2338 2339
f 2337 2339 2340 2034
f 2337 2034 2033 2039
f 2340 2339 2341 2342
f 2340 2342 2343 2029
f 2340 2029 2028 2034
f 2343 2342 2344 2345
f 2343 2345 2346 2024
f 2343 2024 2023 2029
f 2346 2345 2347 2348
f 2346 2348 2349 2019
f 2346 2019 2018 2024
f 2349 2348 2350 2351
f 2349 2351 2352 2014
f 2349 2014 2013 2019
f 2352 2351 2353 2354
f 2352 2354 2355 2009
f 2352 2009 2008 2014
f 2355 2354 2356 2357
f 2355 2357 2358 2004
f 2355 2004 2003 2009
f 2358 2357 2359 2360
f 2358 2360 2361 1999
f 2358 1999 1998 2004
f 2361 2360 2362 2363
f 2361 2363 2364 1994
f 2361 1994 1993 1999
f 2364 2363 2365 2366
f 2364 2366 2367 1989
f 2364 1989 1988 1994
f 2367 2366 2368 2369
f 2367 2369 2370 1984
f 2367 1984 1983 1989
f 2370 2369 2371 2372
f 2370 2372 2373 1979
f 2370 1979 1978 1984
f 2373 2372 2374 2375
f 2373 2375 1713 1974
f 2373 1974 1973 1979
f 2375 2374 2376 1648
f 2375 1648 1647 1713
f 2376 2377 2378 2379
f 2376 2379 1649 1648
f 2376 2374 2380 2377
f 2380 2381 2382 2377
f 2380 2374 2372 2371
f 2380 2371 2383 2381
f 2383 2384 2385 2381
f 2383 2371 2369 2368
f 2383 2368 2386 2384
f 2386 2387 2388 2384
f 2386 2368 2366 2365
f 2386 2365 2389 2387
f 2389 2390 2391 2387
f 2389 2365 2363 2362
f 2389 2362 2392 2390
f 2392 2393 2394 2390
f 2392 2362 2360 2359
f 2392 2359 2395 2393
f 2395 2396 2397 2393
f 2395 2359 2357 2356
f 2395 2356 2398 2396
f 2398 2399 2400 2396
f 2398 2356 2354 2353
f 2398 2353 2401 2399
f 2401 2402 2403 2399
f 2401 2353 2351 2350
f 2401 2350 2404 2402
f 2404 2405 2406 2402
f 2404 2350 2348 2347
f 2404 2347 2407 2405
f 2407 2408 2409 2405
f 2407 2347 2345 2344
f 2407 2344 2410 2408
f 2410 2411 2412 2408
f 2410 2344 2342 2341
f 2410 2341 2413 2411
f 2413 2414 2415 2411
f 2413 2341 2339 2338
f 2413 2338 2416 2414
f 2416 2417 2418 2414
f 2416 2338 2336 2335
f 2416 2335 2419 2417
f 2419 2420 2421 2417
f 2419 2335 2333 2332
f 2419 2332 2422 2420
f 2422 2423 2424 2420
f 2422 2332 2330 2329
f 2422 2329 2425 2423
f 2425 2426 2427 2423
f 2425 2329 2327 2326
f 2425 2326 2428 2426
f 2428 2429 2430 2426
f 2428 2326 2324 2323
f 2428 2323 2431 2429
f 2431 2432 2433 2429
f 2431 2323 2321 2320
f 2431 2320 2434 2432
f 2434 2435 2436 2432
f 2434 2320 2318 2317
f 2434 2317 2437 2435
f 2437 2438 2439 2435
f 2437 2317 2315 2314
f 2437 2314 2440 2438
f 2440 2441 2442 2438
f 2440 2314 2312 2311
f 2440 2311 2443 2441
f 2443 2444 2445 2441
f 2443 2311 2309 2308
f 2443 2308 2446 2444
f 2446 2447 2448 2444
f 2446 2308 2306 2305
f 2446 2305 2449 2447
f 2449 2450 2451 2447
f 2449 2305 2303 2302
f 2449 2302 2452 2450
f 2452 2453 2454 2450
f 2452 2302 2300 2299
f 2452 2299 2455 2453
f 2455 2456 2457 2453
f 2455 2299 2297 2296
f 2455 2296 2458 2456
f 2458 2459 2460 2456
f 2458 2296 2294 2293
f 2458 2293 2461 2459
f 2461 2462 2463 2459
f 2461 2293 2291 2290
f 2461 2290 2464 2462
f 2464 2465 2466 2462
f 2464 2290 2288 2287
f 2464 2287 2467 2465
f 2467 2468 2469 2465
f 2467 2287 2285 2284
f 2467 2284 2470 2468
f 2470 2471 2472 2468
f 2470 2284 2282 2281
f 2470 2281 2473 2471
f 2473 2474 2475 2471
f 2473 2281 2279 2278
f 2473 2278 2476 2474
f 2476 2477 2478 2474
f 2476 2278 2276 2275
f 2476 2275 2479 2477
f 2479 2480 2481 2477
f 2479 2275 2273 2272
f 2479 2272 2482 2480
f 2482 2483 2484 2480
f 2482 2272 2270 2269
f 2482 2269 2485 2483
f 2485 2486 2487 2483
f 2485 2269 2267 2266
f 2485 2266 2488 2486
f 2488 2489 2490 2486
f 2488 2266 2264 2263
f 2488 2263 2491 2489
f 2491 2492 2493 2489
f 2491 2263 2261 2260
f 2491 2260 2494 2492
f 2494 2495 2496 2492
f 2494 2260 2258 2257
f 2494 2257 2497 2495
f 2497 2498 2499 2495
f 2497 2257 2255 2254
f 2497 2254 2500 2498
f 2500 1821 1820 2498
f 2500 2254 2252 2251
f 2500 2251 1822 1821
f 2499 2501 2502 2503
f 2499 2503 2496 2495
f 2499 2498 1820 2501
f 2503 2502 2504 2505
f 2503 2505 2506 2496
f 2506 2505 2507 2508
f 2506 2508 2509 2493
f 2506 2493 2492 2496
f 2509 2508 2510 2511
f 2509 2511 2512 2490
f 2509 2490 2489 2493
f 2512 2511 2513 2514
f 2512 2514 2515 2487
f 2512 2487 2486 2490
f 2515 2514 2516 2517
f 2515 2517 2518 2484
f 2515 2484 2483 2487
f 2518 2517 2519 2520
f 2518 2520 2521 2481
f 2518 2481 2480 2484
f 2521 2520 2522 2523
f 2521 2523 2524 2478
f 2521 2478 2477 2481
f 2524 2523 2525 2526
f 2524 2526 2527 2475
f 2524 2475 2474 2478
f 2527 2526 2528 2529
f 2527 2529 2530 2472
f 2527 2472 2471 2475
f 2530 2529 2531 2532
f 2530 2532 2533 2469
f 2530 2469 2468 2472
f 2533 2532 2534 2535
f 2533 2535 2536 2466
f 2533 2466 2465 2469
f 2536 2535 2537 2538
f 2536 2538 2539 2463
f 2536 2463 2462 2466
f 2539 2538 2540 2541
f 2539 2541 2542 2460
f 2539 2460 2459 2463
f 2542 2541 2543 2544
f 2542 2544 2545 2457
f 2542 2457 2456 2460
f 2545 2544 2546 2547
f 2545 2547 2548 2454
f 2545 2454 2453 2457
f 2548 2547 2549 2550
f 2548 2550 2551 2451
f 2548 2451 2450 2454
f 2551 2550 2552 2553
f 2551 2553 2554 2448
f 2551 2448 2447 2451
f 2554 2553 2555 2556
f 2554 2556 2557 2445
f 2554 2445 2444 2448
f 2557 2556 2558 2559
f 2557 2559 2560 2442
f 2557 2442 2441 2445
f 2560 2559 2561 2562
f 2560 2562 2563 2439
f 2560 2439 2438 2442
f 2563 2562 2564 2565
f 2563 2565 2566 2436
f 2563 2436 2435 2439
f 2566 2565 2567 2568
f 2566 2568 2569 2433
f 2566 2433 2432 2436
f 2569 2568 2570 2571
f 2569 2571 2572 2430
f 2569 2430 2429 2433
f 2572 2571 2573 2574
f 2572 2574 2575 2427
f 2572 2427 2426 2430
f 2575 2574 2576 2577
f 2575 2577 2578 2424
f 2575 2424 2423 2427
f 2578 2577 2579 2580
f 2578 2580 2581 2421
f 2578 2421 2420 2424
f 2581 2580 2582 2583
f 2581 2583 2584 2418
f 2581 2418 2417 2421
f 2584 2583 2585 2586
f 2584 2586 2587 2415
f 2584 2415 2414 2418
f 2587 2586 2588 2589
f 2587 2589 2590 2412
f 2587 2412 2411 2415
f 2590 2589 2591 2592
f 2590 2592 2593 2409
f 2590 2409 2408 2412
f 2593 2592 2594 2595
f 2593 2595 2596 2406
f 2593 2406 2405 2409
f 2596 2595 2597 2598
f 2596 2598 2599 2403
f 2596 2403 2402 2406
f 2599 2598 2600 2601
f 2599 2601 2602 2400
f 2599 2400 2399 2403
f 2602 2601 2603 2604
f 2602 2604 2605 2397
f 2602 2397 2396 2400
f 2605 2604 2606 2607
f 2605 2607 2608 2394
f 2605 2394 2393 2397
f 2608 2607 2609 2610
f 2608 2610 2611 2391
f 2608 2391 2390 2394
f 2611 2610 2612 2613
f 2611 2613 2614 2388
f 2611 2388 2387 2391
f 2614 2613 2615 2616
f 2614 2616 2617 2385
f 2614 2385 2384 2388
f 2617 2616 2618 2619
f 2617 2619 2620 2382
f 2617 2382 2381 2385
f 2620 2619 2621 2622
f 2620 2622 2623 2378
f 2620 2378 2377 2382
f 2623 2622 2624 2625
f 2623 2625 2626 2627
f 2623 2627 2379 2378
f 2627 2626 1675 1650
f 2627 1650 1649 2379
f 2626 2625 2628 2629
f 2626 2629 2630 1675
f 2630 2629 2631 2632
f 2630 2632 2633 2634
f 2630 2634 1673 1675
f 2634 2633 2635 2636
f 2634 2636 1674 1673
f 2636 2635 2637 1891
f 2636 1891 1890 1674
f 2637 2635 2638 2639
f 2637 2639 2640 1886
f 2637 1886 1885 1891
f 2640 2639 2641 2642
f 2640 2642 2643 1881
f 2640 1881 1880 1886
f 2643 2642 2644 2645
f 2643 2645 2646 1876
f 2643 1876 1875 1881
f 2646 2645 2647 2648
f 2646 2648 2649 1871
f 2646 1871 1870 1876
f 2649 2648 2650 2651
f 2649 2651 2652 1866
f 2649 1866 1865 1871
f 2652 2651 2653 2654
f 2652 2654 2655 1861
f 2652 1861 1860 1866
f 2655 2654 2656 2657
f 2655 2657 2658 1856
f 2655 1856 1855 1861
f 2658 2657 2659 2660
f 2658 2660 1658 1657
f 2658 1657 1851 1856
f 2660 2659 2661 2662
f 2660 2662 1659 1658
f 2662 2661 2663 2664
f 2662 2664 1749 1659
f 2664 2663 2665 2666
f 2664 2666 1750 1749
f 2666 2665 2667 2668
f 2666 2668 1753 1750
f 2668 2667 2669 2670
f 2668 2670 2671 1753
f 2671 2670 2672 2673
f 2671 2673 2674 2675
f 2671 2675 1751 1753
f 2675 2674 1838 1837
f 2675 1837 1752 1751
f 2674 2673 2676 2677
f 2674 2677 1839 1838
f 2677 2676 2678 2679
f 2677 2679 2680 1839
f 2680 2679 2681 2682
f 2680 2682 2683 1842
f 2680 1842 1840 1839
f 2683 2682 2684 2685
f 2683 2685 2686 2687
f 2683 2687 1843 1842
f 2687 2686 2688 2689
f 2687 2689 1844 1843
f 2689 2688 2690 2691
f 2689 2691 1846 1844
f 2691 2690 2692 2693
f 2691 2693 1848 1846
f 2693 2692 2694 2695
f 2693 2695 2696 1848
f 2696 1852 1849 1848
f 2696 2695 2697 2698
f 2696 2698 2699 1852
f 2699 1857 1853 1852
f 2699 2698 2700 2701
f 2699 2701 2702 1857
f 2702 1862 1858 1857
f 2702 2701 2703 2704
f 2702 2704 2705 1862
f 2705 1867 1863 1862
f 2705 2704 2706 2707
f 2705 2707 2708 1867
f 2708 1872 1868 1867
f 2708 2707 2709 2710
f 2708 2710 2711 1872
f 2711 1877 1873 1872
f 2711 2710 2712 2713
f 2711 2713 2714 1877
f 2714 1882 1878 1877
f 2714 2713 2715 2716
f 2714 2716 2717 1882
f 2717 1887 1883 1882
f 2717 2716 2718 2719
f 2717 2719 2720 1887
f 2720 1892 1888 1887
f 2720 2719 2721 2722
f 2720 2722 2723 1892
f 2723 1895 1893 1892
f 2723 2722 2724 2725
f 2723 2725 1897 1895
f 2725 2724 2726 2727
f 2725 2727 1899 1897
f 2727 2726 2728 2729
f 2727 2729 2730 1899
f 2730 1903 1900 1899
f 2730 2729 2731 2732
f 2730 2732 1909 1903
f 2732 2731 2733 2734
f 2732 2734 1910 1909
f 2734 2733 2735 2736
f 2734 2736 1912 1910
f 2736 2735 2737 2738
f 2736 2738 1914 1912
f 2738 2737 2739 2740
f 2738 2740 1916 1914
f 2740 2739 2741 2742
f 2740 2742 2743 1916
f 2743 1798 1917 1916
f 2743 2742 2744 2745
f 2743 2745 1724 1798
f 2745 2744 2746 2747
f 2745 2747 1725 1724
f 2747 2746 2748 2749
f 2747 2749 1832 1725
f 2749 2748 2750 2751
f 2749 2751 1833 1832
f 2751 2750 2752 2753
f 2751 2753 2754 1833
f 2754 2755 1834 1833
f 2754 2753 2756 2757
f 2754 2757 2758 2755
f 2758 2759 2760 2755
f 2758 2757 2761 2762
f 2758 2762 2763 2759
f 2763 2764 2765 2759
f 2763 2762 2766 2767
f 2763 2767 2768 2764
f 2768 2769 2770 2764
f 2768 2767 2771 2772
f 2768 2772 2773 2769
f 2773 2774 2775 2769
f 2773 2772 2776 2777
f 2773 2777 2778 2774
f 2778 2779 2780 2774
f 2778 2777 2781 2782
f 2778 2782 2783 2779
f 2783 2784 2785 2779
f 2783 2782 2786 2787
f 2783 2787 2788 2784
f 2788 2789 2790 2784
f 2788 2787 2791 2792
f 2788 2792 2793 2789
f 2793 2794 2795 2789
f 2793 2792 2796 2797
f 2793 2797 2798 2794
f 2798 2799 2800 2794
f 2798 2797 2801 2802
f 2798 2802 2803 2799
f 2803 2804 2805 2799
f 2803 2802 2806 2807
f 2803 2807 2808 2804
f 2808 2809 2810 2804
f 2808 2807 2811 2812
f 2808 2812 2813 2809
f 2813 2814 2815 2809
f 2813 2812 2816 2817
f 2813 2817 2818 2814
f 2818 2819 2820 2814
f 2818 2817 2821 2822
f 2818 2822 2823 2819
f 2823 2824 2825 2819
f 2823 2822 2826 2827
f 2823 2827 2828 2824
f 2828 2829 2830 2824
f 2828 2827 2831 2832
f 2828 2832 2833 2829
f 2833 2834 2835 2829
f 2833 2832 2836 2837
f 2833 2837 2838 2834
f 2838 2839 2840 2834
f 2838 2837 2841 2842
f 2838 2842 2843 2839
f 2843 2844 2845 2839
f 2843 2842 2846 2847
f 2843 2847 2848 2844
f 2848 2849 2850 2844
f 2848 2847 2851 2852
f 2848 2852 2853 2849
f 2853 2854 2855 2849
f 2853 2852 2856 2857
f 2853 2857 2858 2854
f 2858 2859 2860 2854
f 2858 2857 2861 2862
f 2858 2862 2863 2859
f 2863 2864 2865 2859
f 2863 2862 2866 2867
f 2863 2867 2868 2864
f 2868 2869 2870 2864
f 2868 2867 2871 2872
f 2868 2872 2873 2869
f 2873 2874 2875 2869
f 2873 2872 2876 2877
f 2873 2877 2878 2874
f 2878 2879 2880 2874
f 2878 2877 2881 2882
f 2878 2882 2883 2879
f 2883 2884 2885 2879
f 2883 2882 2886 2887
f 2883 2887 2888 2884
f 2888 2889 2890 2884
f 2888 2887 2891 2892
f 2888 2892 2893 2889
f 2893 2894 2895 2889
f 2893 2892 2896 2897
f 2893 2897 2898 2894
f 2898 2899 2900 2894
f 2898 2897 2901 2902
f 2898 2902 2903 2899
f 2903 1626 1812 2899
f 2903 2902 2904 2905
f 2903 2905 1809 1626
f 2905 2904 2906 2907
f 2905 2907 2908 1809
f 2908 1814 1810 1809
f 2908 2907 2909 2910
f 2908 2910 1815 1814
f 2910 2909 2911 2912
f 2910 2912 1816 1815
f 2912 2911 2913 2914
f 2912 2914 2915 1816
f 2915 2916 1817 1816
f 2915 2914 2917 2918
f 2915 2918 2919 2916
f 2919 2920 2921 2916
f 2919 2918 2922 2923
f 2919 2923 2924 2920
f 2924 2925 2926 2920
f 2924 2923 2927 2928
f 2924 2928 2929 2925
f 2929 2930 2931 2925
f 2929 2928 2932 2933
f 2929 2933 2934 2930
f 2934 2935 2936 2930
f 2934 2933 2937 2938
f 2934 2938 2939 2935
f 2939 2940 2941 2935
f 2939 2938 2942 2943
f 2939 2943 2944 2940
f 2944 2945 2946 2940
f 2944 2943 2947 2948
f 2944 2948 2949 2945
f 2949 2950 2951 2945
f 2949 2948 2952 2953
f 2949 2953 2954 2950
f 2954 2955 2956 2950
f 2954 2953 2957 2958
f 2954 2958 2959 2955
f 2959 2960 2961 2955
f 2959 2958 2962 2963
f 2959 2963 2964 2960
f 2964 2965 2966 2960
f 2964 2963 2967 2968
f 2964 2968 2969 2965
f 2969 2970 2971 2965
f 2969 2968 2972 2973
f 2969 2973 2974 2970
f 2974 2975 2976 2970
f 2974 2973 2977 2978
f 2974 2978 2979 2975
f 2979 1728 1727 2975
f 2979 2978 2980 2981
f 2979 2981 1731 1728
f 2981 2980 2982 2983
f 2981 2983 2984 1731
f 2984 2985 1729 1731
f 2984 2983 2986 2987
f 2984 2987 2988 2985
f 2988 2987 2989 2990
f 2988 2990 2991 2992
f 2988 2992 2993 2985
f 2993 1730 1729 2985
f 2993 2992 2994 2995
f 2993 2995 2996 1730
f 2996 2997 1726 1730
f 2996 2995 2230 2229
f 2996 2229 2228 2997
f 2997 2998 1727 1726
f 2997 2228 2999 2998
f 2999 3000 2976 2998
f 2999 2228 2226 2225
f 2999 2225 3001 3000
f 3001 3002 2971 3000
f 3001 2225 1765 1762
f 3001 1762 1761 3002
f 3002 1761 3003 2966
f 3002 2966 2965 2971
f 3003 1761 1760 3004
f 3003 3004 3005 2961
f 3003 2961 2960 2966
f 3005 3004 3006 3007
f 3005 3007 3008 2956
f 3005 2956 2955 2961
f 3008 3007 3009 3010
f 3008 3010 3011 2951
f 3008 2951 2950 2956
f 3011 3010 3012 3013
f 3011 3013 3014 2946
f 3011 2946 2945 2951
f 3014 3013 3015 3016
f 3014 3016 3017 2941
f 3014 2941 2940 2946
f 3017 3016 3018 3019
f 3017 3019 3020 2936
f 3017 2936 2935 2941
f 3020 3019 3021 3022
f 3020 3022 3023 2931
f 3020 2931 2930 2936
f 3023 3022 3024 3025
f 3023 3025 3026 2926
f 3023 2926 2925 2931
f 3026 3025 3027 3028
f 3026 3028 1818 2921
f 3026 2921 2920 2926
f 3028 3027 3029 3030
f 3028 3030 1813 1818
f 3030 3029 1806 1810
f 3030 1810 1814 1813
f 3029 1685 1807 1806
f 3029 3027 1686 1685
f 3027 3025 3024 1686
f 3024 3031 1682 1686
f 3024 3022 3021 3031
f 3031 3032 1683 1682
f 3031 3021 3033 3032
f 3033 3034 3035 3032
f 3033 3021 3019 3018
f 3033 3018 3036 3034
f 3036 3037 3038 3034
f 3036 3018 3016 3015
f 3036 3015 3039 3037
f 3039 3040 3041 3037
f 3039 3015 3013 3012
f 3039 3012 3042 3040
f 3042 2220 2213 3040
f 3042 3012 3010 3009
f 3042 3009 2221 2220
f 3041 2212 2204 3043
f 3041 3043 3038 3037
f 3041 3040 2213 2212
f 3043 2204 2201 2200
f 3043 2200 3044 3038
f 3044 2200 2198 3045
f 3044 3045 3046 3035
f 3044 3035 3034 3038
f 3046 3045 2195 3047
f 3046 3047 1684 1683
f 3046 1683 3032 3035
f 3047 2195 2191 2190
f 3047 2190 1687 1684
f 3045 2198 2196 2195
f 3009 3007 3006 2221
f 3006 1764 2222 2221
f 3006 3004 1760 1764
f 3000 2971 2970 2976
f 2998 2976 2975 1727
f 2995 2994 2232 2230
f 2994 2992 2991 3048
f 2994 3048 2234 2232
f 3048 2991 3049 3050
f 3048 3050 2236 2234
f 3050 3049 3051 3052
f 3050 3052 2238 2236
f 3052 3051 3053 3054
f 3052 3054 2240 2238
f 3054 3053 3055 2245
f 3054 2245 2242 2240
f 3055 3053 1824 1823
f 3055 1823 1822 2248
f 3055 2248 2246 2245
f 3053 3051 3056 1824
f 3056 3057 3058 3059
f 3056 3059 1819 1824
f 3056 3051 3049 3057
f 3059 3058 2502 2501
f 3059 2501 1820 1819
f 3058 3057 2990 2989
f 3058 2989 2504 2502
f 3057 3049 2991 2990
f 2989 2987 2986 2504
f 2986 2983 2982 2507
f 2986 2507 2505 2504
f 2982 2980 3060 2510
f 2982 2510 2508 2507
f 3060 2980 2978 2977
f 3060 2977 3061 2513
f 3060 2513 2511 2510
f 3061 2977 2973 2972
f 3061 2972 3062 2516
f 3061 2516 2514 2513
f 3062 2972 2968 2967
f 3062 2967 3063 2519
f 3062 2519 2517 2516
f 3063 2967 2963 2962
f 3063 2962 3064 2522
f 3063 2522 2520 2519
f 3064 2962 2958 2957
f 3064 2957 3065 2525
f 3064 2525 2523 2522
f 3065 2957 2953 2952
f 3065 2952 3066 2528
f 3065 2528 2526 2525
f 3066 2952 2948 2947
f 3066 2947 3067 2531
f 3066 2531 2529 2528
f 3067 2947 2943 2942
f 3067 2942 3068 2534
f 3067 2534 2532 2531
f 3068 2942 2938 2937
f 3068 2937 3069 2537
f 3068 2537 2535 2534
f 3069 2937 2933 2932
f 3069 2932 3070 2540
f 3069 2540 2538 2537
f 3070 2932 2928 2927
f 3070 2927 3071 2543
f 3070 2543 2541 2540
f 3071 2927 2923 2922
f 3071 2922 3072 2546
f 3071 2546 2544 2543
f 3072 2922 2918 2917
f 3072 2917 3073 2549
f 3072 2549 2547 2546
f 3073 2917 2914 2913
f 3073 2913 3074 2552
f 3073 2552 2550 2549
f 3074 2913 2911 3075
f 3074 3075 3076 2555
f 3074 2555 2553 2552
f 3076 3075 3077 3078
f 3076 3078 3079 2558
f 3076 2558 2556 2555
f 3079 3078 3080 3081
f 3079 3081 3082 2561
f 3079 2561 2559 2558
f 3082 3081 3083 3084
f 3082 3084 3085 2564
f 3082 2564 2562 2561
f 3085 3084 3086 3087
f 3085 3087 3088 2567
f 3085 2567 2565 2564
f 3088 3087 3089 3090
f 3088 3090 3091 2570
f 3088 2570 2568 2567
f 3091 3090 3092 3093
f 3091 3093 3094 2573
f 3091 2573 2571 2570
f 3094 3093 3095 3096
f 3094 3096 3097 2576
f 3094 2576 2574 2573
f 3097 3096 3098 3099
f 3097 3099 3100 2579
f 3097 2579 2577 2576
f 3100 3099 3101 3102
f 3100 3102 3103 2582
f 3100 2582 2580 2579
f 3103 3102 3104 3105
f 3103 3105 3106 2585
f 3103 2585 2583 2582
f 3106 3105 3107 3108
f 3106 3108 3109 2588
f 3106 2588 2586 2585
f 3109 3108 3110 3111
f 3109 3111 3112 2591
f 3109 2591 2589 2588
f 3112 3111 3113 3114
f 3112 3114 3115 2594
f 3112 2594 2592 2591
f 3115 3114 3116 3117
f 3115 3117 3118 2597
f 3115 2597 2595 2594
f 3118 3117 3119 3120
f 3118 3120 3121 2600
f 3118 2600 2598 2597
f 3121 3120 3122 3123
f 3121 3123 3124 2603
f 3121 2603 2601 2600
f 3124 3123 3125 3126
f 3124 3126 3127 2606
f 3124 2606 2604 2603
f 3127 3126 3128 3129
f 3127 3129 3130 2609
f 3127 2609 2607 2606
f 3130 3129 3131 3132
f 3130 3132 3133 2612
f 3130 2612 2610 2609
f 3133 3132 3134 3135
f 3133 3135 3136 2615
f 3133 2615 2613 2612
f 3136 3135 3137 3138
f 3136 3138 3139 2618
f 3136 2618 2616 2615
f 3139 3138 3140 3141
f 3139 3141 3142 2621
f 3139 2621 2619 2618
f 3142 3141 3143 3144
f 3142 3144 3145 2624
f 3142 2624 2622 2621
f 3145 3144 3146 3147
f 3145 3147 3148 2628
f 3145 2628 2625 2624
f 3148 3147 3149 3150
f 3148 3150 3151 2631
f 3148 2631 2629 2628
f 3151 3150 3152 3153
f 3151 3153 3154 3155
f 3151 3155 2632 2631
f 3155 3154 3156 3157
f 3155 3157 2633 2632
f 3157 3156 3158 2638
f 3157 2638 2635 2633
f 3158 3156 3159 3160
f 3158 3160 3161 2641
f 3158 2641 2639 2638
f 3161 3160 3162 3163
f 3161 3163 3164 2644
f 3161 2644 2642 2641
f 3164 3163 3165 3166
f 3164 3166 3167 2647
f 3164 2647 2645 2644
f 3167 3166 3168 3169
f 3167 3169 3170 2650
f 3167 2650 2648 2647
f 3170 3169 3171 3172
f 3170 3172 3173 2653
f 3170 2653 2651 2650
f 3173 3172 3174 3175
f 3173 3175 3176 2656
f 3173 2656 2654 2653
f 3176 3175 1695 3177
f 3176 3177 2661 2659
f 3176 2659 2657 2656
f 3177 1695 1694 3178
f 3177 3178 2663 2661
f 3178 1694 1697 3179
f 3178 3179 2665 2663
f 3179 1697 3180 3181
f 3179 3181 2667 2665
f 3181 3180 3182 3183
f 3181 3183 2669 2667
f 3183 3182 3184 3185
f 3183 3185 3186 2669
f 3186 3185 3187 3188
f 3186 3188 3189 2672
f 3186 2672 2670 2669
f 3189 3188 1774 1773
f 3189 1773 2678 2676
f 3189 2676 2673 2672
f 3188 3187 1777 1774
f 3187 3185 3184 3190
f 3187 3190 3191 1777
f 3191 3190 3192 3193
f 3191 3193 3194 3195
f 3191 3195 1775 1777
f 3195 3194 3196 3197
f 3195 3197 1776 1775
f 3197 3196 3198 3199
f 3197 3199 3200 1776
f 3200 3201 1772 1776
f 3200 3199 3202 3203
f 3200 3203 2681 3201
f 3203 3202 3204 2684
f 3203 2684 2682 2681
f 3204 3202 3205 3206
f 3204 3206 3207 3208
f 3204 3208 2685 2684
f 3208 3207 3209 3210
f 3208 3210 2686 2685
f 3210 3209 3211 3212
f 3210 3212 2688 2686
f 3212 3211 3213 3214
f 3212 3214 2690 2688
f 3214 3213 3215 3216
f 3214 3216 2692 2690
f 3216 3215 3217 3218
f 3216 3218 2694 2692
f 3218 3217 3219 3220
f 3218 3220 3221 2694
f 3221 2697 2695 2694
f 3221 3220 3222 3223
f 3221 3223 3224 2697
f 3224 2700 2698 2697
f 3224 3223 3225 3226
f 3224 3226 3227 2700
f 3227 2703 2701 2700
f 3227 3226 3228 3229
f 3227 3229 3230 2703
f 3230 2706 2704 2703
f 3230 3229 3231 3232
f 3230 3232 3233 2706
f 3233 2709 2707 2706
f 3233 3232 3234 3235
f 3233 3235 3236 2709
f 3236 2712 2710 2709
f 3236 3235 3237 3238
f 3236 3238 3239 2712
f 3239 2715 2713 2712
f 3239 3238 3240 3241
f 3239 3241 3242 2715
f 3242 2718 2716 2715
f 3242 3241 3243 3244
f 3242 3244 3245 2718
f 3245 2721 2719 2718
f 3245 3244 3246 3247
f 3245 3247 3248 2721
f 3248 2724 2722 2721
f 3248 3247 3249 3250
f 3248 3250 2726 2724
f 3250 3249 3251 3252
f 3250 3252 2728 2726
f 3252 3251 3253 3254
f 3252 3254 3255 2728
f 3255 2731 2729 2728
f 3255 3254 3256 3257
f 3255 3257 2733 2731
f 3257 3256 3258 3259
f 3257 3259 2735 2733
f 3259 3258 3260 3261
f 3259 3261 2737 2735
f 3261 3260 3262 3263
f 3261 3263 2739 2737
f 3263 3262 3264 3265
f 3263 3265 2741 2739
f 3265 3264 3266 3267
f 3265 3267 3268 2741
f 3268 2744 2742 2741
f 3268 3267 3269 3270
f 3268 3270 2746 2744
f 3270 3269 3271 3272
f 3270 3272 2748 2746
f 3272 3271 1691 1690
f 3272 1690 2750 2748
f 3271 3269 3273 3274
f 3271 3274 1698 1691
f 3274 3273 3275 3276
f 3274 3276 3277 1698
f 3277 3276 3278 3279
f 3277 3279 3280 3281
f 3277 3281 1696 1698
f 3281 3280 3182 3180
f 3281 3180 1697 1696
f 3280 3279 3282 3283
f 3280 3283 3184 3182
f 3283 3282 3284 3192
f 3283 3192 3190 3184
f 3284 3282 3285 3286
f 3284 3286 3287 3288
f 3284 3288 3193 3192
f 3288 3287 3289 3290
f 3288 3290 3194 3193
f 3290 3289 3291 3292
f 3290 3292 3196 3194
f 3292 3291 3293 3294
f 3292 3294 3198 3196
f 3294 3293 3295 3296
f 3294 3296 3205 3198
f 3296 3295 3297 3298
f 3296 3298 3206 3205
f 3298 3297 3299 3300
f 3298 3300 3207 3206
f 3300 3299 1745 3301
f 3300 3301 3209 3207
f 3301 1745 1744 3302
f 3301 3302 3211 3209
f 3302 1744 1743 3303
f 3302 3303 3213 3211
f 3303 1743 3304 3305
f 3303 3305 3215 3213
f 3305 3304 3306 3307
f 3305 3307 3217 3215
f 3307 3306 3308 3309
f 3307 3309 3219 3217
f 3309 3308 3310 3311
f 3309 3311 3312 3219
f 3312 3222 3220 3219
f 3312 3311 3313 3314
f 3312 3314 3315 3222
f 3315 3225 3223 3222
f 3315 3314 1767 1766
f 3315 1766 1771 3225
f 3314 3313 3316 1767
f 3316 3313 3317 3318
f 3316 3318 3319 3320
f 3316 3320 1768 1767
f 3320 3319 3321 3322
f 3320 3322 1769 1768
f 3322 3323 3324 1769
f 3322 3321 3325 3323
f 3325 3326 3327 3323
f 3325 3321 3328 3329
f 3325 3329 3330 3326
f 3330 3331 3332 3326
f 3330 3329 3333 3334
f 3330 3334 3335 3331
f 3335 3336 3337 3331
f 3335 3334 3338 3339
f 3335 3339 3340 3336
f 3340 3341 3342 3336
f 3340 3339 3343 3344
f 3340 3344 3345 3341
f 3345 3346 3347 3341
f 3345 3344 3348 3349
f 3345 3349 3350 3346
f 3350 3351 3352 3346
f 3350 3349 3353 3354
f 3350 3354 3355 3351
f 3355 3356 3253 3351
f 3355 3354 3357 3358
f 3355 3358 3359 3356
f 3359 3258 3256 3356
f 3359 3358 3360 3361
f 3359 3361 3260 3258
f 3361 3360 3362 3363
f 3361 3363 3262 3260
f 3363 3362 3364 3365
f 3363 3365 3264 3262
f 3365 3364 3366 3367
f 3365 3367 3266 3264
f 3367 3366 3368 3275
f 3367 3275 3273 3266
f 3368 3366 3369 3370
f 3368 3370 3285 3278
f 3368 3278 3276 3275
f 3370 3369 3371 3372
f 3370 3372 3286 3285
f 3372 3371 3373 3374
f 3372 3374 3287 3286
f 3374 3373 3375 3376
f 3374 3376 3289 3287
f 3376 3375 3377 3378
f 3376 3378 3291 3289
f 3378 3377 3379 3380
f 3378 3380 3293 3291
f 3380 3379 3381 3382
f 3380 3382 3295 3293
f 3382 3381 3383 3384
f 3382 3384 3297 3295
f 3384 3383 3385 3386
f 3384 3386 3299 3297
f 3386 3385 1747 1746
f 3386 1746 1745 3299
f 3385 3383 3387 3388
f 3385 3388 3389 1747
f 3389 3390 1742 1747
f 3389 3388 3391 3392
f 3389 3392 3393 3390
f 3393 3306 3304 3390
f 3393 3392 3394 3395
f 3393 3395 3308 3306
f 3395 3394 3396 3397
f 3395 3397 3310 3308
f 3397 3396 3398 3399
f 3397 3399 3317 3310
f 3399 3398 3400 3401
f 3399 3401 3318 3317
f 3401 3400 3402 3403
f 3401 3403 3319 3318
f 3403 3402 3404 3328
f 3403 3328 3321 3319
f 3404 3333 3329 3328
f 3404 3402 1676 1681
f 3404 1681 3405 3333
f 3405 3338 3334 3333
f 3405 1681 1680 3406
f 3405 3406 3407 3338
f 3407 3343 3339 3338
f 3407 3406 3408 3409
f 3407 3409 3410 3343
f 3410 3348 3344 3343
f 3410 3409 3411 3412
f 3410 3412 3413 3348
f 3413 3353 3349 3348
f 3413 3412 3414 3415
f 3413 3415 3416 3353
f 3416 3357 3354 3353
f 3416 3415 3417 3418
f 3416 3418 3419 3357
f 3419 3360 3358 3357
f 3419 3418 3420 3421
f 3419 3421 3362 3360
f 3421 3420 3422 3423
f 3421 3423 3364 3362
f 3423 3422 3371 3369
f 3423 3369 3366 3364
f 3422 3420 3424 3425
f 3422 3425 3373 3371
f 3425 3424 3426 3427
f 3425 3427 3375 3373
f 3427 3426 3428 3429
f 3427 3429 3377 3375
f 3429 3428 3430 3431
f 3429 3431 3379 3377
f 3431 3430 3432 3433
f 3431 3433 3381 3379
f 3433 3432 3434 3387
f 3433 3387 3383 3381
f 3434 3432 3435 3436
f 3434 3436 3437 3391
f 3434 3391 3388 3387
f 3437 3394 3392 3391
f 3437 3436 3438 3439
f 3437 3439 3396 3394
f 3439 3438 3440 3441
f 3439 3441 3398 3396
f 3441 3440 1678 1677
f 3441 1677 3400 3398
f 3440 3442 1679 1678
f 3440 3438 3443 3442
f 3443 3444 3445 3442
f 3443 3438 3436 3435
f 3443 3435 3446 3444
f 3446 3447 3448 3444
f 3446 3435 3432 3430
f 3446 3430 3428 3447
f 3448 3414 3412 3411
f 3448 3411 3445 3444
f 3448 3447 3449 3414
f 3449 3417 3415 3414
f 3449 3447 3428 3426
f 3449 3426 3424 3417
f 3445 3411 3409 3408
f 3445 3408 1679 3442
f 3424 3420 3418 3417
f 3408 3406 1680 1679
f 3402 3400 1677 1676
f 3390 3304 1743 1742
f 3356 3256 3254 3253
f 3352 3251 3249 3450
f 3352 3450 3347 3346
f 3352 3351 3253 3251
f 3450 3249 3247 3246
f 3450 3246 3451 3347
f 3451 3246 3244 3243
f 3451 3243 3452 3342
f 3451 3342 3341 3347
f 3452 3243 3241 3240
f 3452 3240 3453 3337
f 3452 3337 3336 3342
f 3453 3240 3238 3237
f 3453 3237 3454 3332
f 3453 3332 3331 3337
f 3454 3237 3235 3234
f 3454 3234 3455 3327
f 3454 3327 3326 3332
f 3455 3234 3232 3231
f 3455 3231 3456 3324
f 3455 3324 3323 3327
f 3456 3231 3229 3228
f 3456 3228 1771 1770
f 3456 1770 1769 3324
f 3317 3313 3311 3310
f 3285 3282 3279 3278
f 3273 3269 3267 3266
f 3228 3226 3225 1771
f 3205 3202 3199 3198
f 3201 2678 1773 1772
f 3201 2681 2679 2678
f 3175 3174 1692 1695
f 3174 3457 1693 1692
f 3174 3172 3171 3457
f 3457 3458 3459 1693
f 3457 3171 3460 3458
f 3460 3461 3462 3458
f 3460 3171 3169 3168
f 3460 3168 3463 3461
f 3463 3464 3465 3461
f 3463 3168 3166 3165
f 3463 3165 3466 3464
f 3466 3467 3468 3464
f 3466 3165 3163 3162
f 3466 3162 3469 3467
f 3469 3470 3471 3467
f 3469 3162 3160 3159
f 3469 3159 3472 3470
f 3472 3473 3474 3470
f 3472 3159 3156 3154
f 3472 3154 3153 3473
f 3474 2781 2777 2776
f 3474 2776 3471 3470
f 3474 3473 3475 2781
f 3475 2786 2782 2781
f 3475 3473 3153 3152
f 3475 3152 3476 2786
f 3476 2791 2787 2786
f 3476 3152 3150 3149
f 3476 3149 3477 2791
f 3477 2796 2792 2791
f 3477 3149 3147 3146
f 3477 3146 3478 2796
f 3478 2801 2797 2796
f 3478 3146 3144 3143
f 3478 3143 3479 2801
f 3479 2806 2802 2801
f 3479 3143 3141 3140
f 3479 3140 3480 2806
f 3480 2811 2807 2806
f 3480 3140 3138 3137
f 3480 3137 3481 2811
f 3481 2816 2812 2811
f 3481 3137 3135 3134
f 3481 3134 3482 2816
f 3482 2821 2817 2816
f 3482 3134 3132 3131
f 3482 3131 3483 2821
f 3483 2826 2822 2821
f 3483 3131 3129 3128
f 3483 3128 3484 2826
f 3484 2831 2827 2826
f 3484 3128 3126 3125
f 3484 3125 3485 2831
f 3485 2836 2832 2831
f 3485 3125 3123 3122
f 3485 3122 3486 2836
f 3486 2841 2837 2836
f 3486 3122 3120 3119
f 3486 3119 3487 2841
f 3487 2846 2842 2841
f 3487 3119 3117 3116
f 3487 3116 3488 2846
f 3488 2851 2847 2846
f 3488 3116 3114 3113
f 3488 3113 3489 2851
f 3489 2856 2852 2851
f 3489 3113 3111 3110
f 3489 3110 3490 2856
f 3490 2861 2857 2856
f 3490 3110 3108 3107
f 3490 3107 3491 2861
f 3491 2866 2862 2861
f 3491 3107 3105 3104
f 3491 3104 3492 2866
f 3492 2871 2867 2866
f 3492 3104 3102 3101
f 3492 3101 3493 2871
f 3493 2876 2872 2871
f 3493 3101 3099 3098
f 3493 3098 3494 2876
f 3494 2881 2877 2876
f 3494 3098 3096 3095
f 3494 3095 3495 2881
f 3495 2886 2882 2881
f 3495 3095 3093 3092
f 3495 3092 3496 2886
f 3496 2891 2887 2886
f 3496 3092 3090 3089
f 3496 3089 3497 2891
f 3497 2896 2892 2891
f 3497 3089 3087 3086
f 3497 3086 3498 2896
f 3498 2901 2897 2896
f 3498 3086 3084 3083
f 3498 3083 3499 2901
f 3499 2904 2902 2901
f 3499 3083 3081 3080
f 3499 3080 2906 2904
f 3471 2776 2772 2771
f 3471 2771 3468 3467
f 3468 2771 2767 2766
f 3468 2766 3465 3464
f 3465 2766 2762 2761
f 3465 2761 3462 3461
f 3462 2761 2757 2756
f 3462 2756 3459 3458
f 3459 2756 2753 2752
f 3459 2752 1689 1693
f 3080 3078 3077 2906
f 3077 2909 2907 2906
f 3077 3075 2911 2909
f 2921 1818 1817 2916
f 2900 3500 3501 3502
f 2900 3502 2895 2894
f 2900 2899 1812 3500
f 3502 3501 3503 3504
f 3502 3504 3505 2895
f 3505 3504 3506 3507
f 3505 3507 3508 2890
f 3505 2890 2889 2895
f 3508 3507 3509 3510
f 3508 3510 3511 2885
f 3508 2885 2884 2890
f 3511 3510 3512 3513
f 3511 3513 3514 2880
f 3511 2880 2879 2885
f 3514 3513 3515 3516
f 3514 3516 3517 2875
f 3514 2875 2874 2880
f 3517 3516 3518 3519
f 3517 3519 3520 2870
f 3517 2870 2869 2875
f 3520 3519 3521 3522
f 3520 3522 3523 2865
f 3520 2865 2864 2870
f 3523 3522 3524 3525
f 3523 3525 3526 2860
f 3523 2860 2859 2865
f 3526 3525 3527 3528
f 3526 3528 3529 2855
f 3526 2855 2854 2860
f 3529 3528 3530 3531
f 3529 3531 3532 2850
f 3529 2850 2849 2855
f 3532 3531 3533 3534
f 3532 3534 3535 2845
f 3532 2845 2844 2850
f 3535 3534 3536 3537
f 3535 3537 3538 2840
f 3535 2840 2839 2845
f 3538 3537 3539 3540
f 3538 3540 3541 2835
f 3538 2835 2834 2840
f 3541 3540 3542 3543
f 3541 3543 3544 2830
f 3541 2830 2829 2835
f 3544 3543 3545 3546
f 3544 3546 3547 2825
f 3544 2825 2824 2830
f 3547 3546 3548 3549
f 3547 3549 3550 2820
f 3547 2820 2819 2825
f 3550 3549 3551 3552
f 3550 3552 3553 2815
f 3550 2815 2814 2820
f 3553 3552 3554 3555
f 3553 3555 3556 2810
f 3553 2810 2809 2815
f 3556 3555 3557 3558
f 3556 3558 3559 2805
f 3556 2805 2804 2810
f 3559 3558 3560 3561
f 3559 3561 3562 2800
f 3559 2800 2799 2805
f 3562 3561 3563 3564
f 3562 3564 3565 2795
f 3562 2795 2794 2800
f 3565 3564 3566 3567
f 3565 3567 3568 2790
f 3565 2790 2789 2795
f 3568 3567 3569 3570
f 3568 3570 3571 2785
f 3568 2785 2784 2790
f 3571 3570 3572 3573
f 3571 3573 3574 2780
f 3571 2780 2779 2785
f 3574 3573 3575 3576
f 3574 3576 3577 2775
f 3574 2775 2774 2780
f 3577 3576 3578 3579
f 3577 3579 3580 2770
f 3577 2770 2769 2775
f 3580 3579 3581 3582
f 3580 3582 3583 2765
f 3580 2765 2764 2770
f 3583 3582 3584 3585
f 3583 3585 3586 2760
f 3583 2760 2759 2765
f 3586 3585 3587 1831
f 3586 1831 1630 1834
f 3586 1834 2755 2760
f 3587 3588 1741 1734
f 3587 1734 1733 1831
f 3587 3585 3584 3588
f 3588 3589 3590 1741
f 3588 3584 3591 3589
f 3591 3592 3593 3589
f 3591 3584 3582 3581
f 3591 3581 3594 3592
f 3594 3595 3596 3592
f 3594 3581 3579 3578
f 3594 3578 3597 3595
f 3597 3598 3599 3595
f 3597 3578 3576 3575
f 3597 3575 3600 3598
f 3600 3601 3602 3598
f 3600 3575 3573 3572
f 3600 3572 3603 3601
f 3603 3604 3605 3601
f 3603 3572 3570 3569
f 3603 3569 3606 3604
f 3606 3607 3608 3604
f 3606 3569 3567 3566
f 3606 3566 3609 3607
f 3609 3610 3611 3607
f 3609 3566 3564 3563
f 3609 3563 3612 3610
f 3612 3613 3614 3610
f 3612 3563 3561 3560
f 3612 3560 3615 3613
f 3615 3616 3617 3613
f 3615 3560 3558 3557
f 3615 3557 3618 3616
f 3618 3619 3620 3616
f 3618 3557 3555 3554
f 3618 3554 3621 3619
f 3621 3622 3623 3619
f 3621 3554 3552 3551
f 3621 3551 3624 3622
f 3624 3625 3626 3622
f 3624 3551 3549 3548
f 3624 3548 3627 3625
f 3627 3628 3629 3625
f 3627 3548 3546 3545
f 3627 3545 3630 3628
f 3630 3631 3632 3628
f 3630 3545 3543 3542
f 3630 3542 3633 3631
f 3633 3634 3635 3631
f 3633 3542 3540 3539
f 3633 3539 3636 3634
f 3636 3637 3638 3634
f 3636 3539 3537 3536
f 3636 3536 3639 3637
f 3639 3640 3641 3637
f 3639 3536 3534 3533
f 3639 3533 3642 3640
f 3642 3643 3644 3640
f 3642 3533 3531 3530
f 3642 3530 3645 3643
f 3645 3646 3647 3643
f 3645 3530 3528 3527
f 3645 3527 3648 3646
f 3648 3649 3650 3646
f 3648 3527 3525 3524
f 3648 3524 3651 3649
f 3651 3652 3653 3649
f 3651 3524 3522 3521
f 3651 3521 3654 3652
f 3654 3655 3656 3652
f 3654 3521 3519 3518
f 3654 3518 3657 3655
f 3657 3658 3659 3655
f 3657 3518 3516 3515
f 3657 3515 3660 3658
f 3660 3661 3662 3658
f 3660 3515 3513 3512
f 3660 3512 3663 3661
f 3663 3664 3665 3661
f 3663 3512 3510 3509
f 3663 3509 3666 3664
f 3666 3667 3668 3664
f 3666 3509 3507 3506
f 3666 3506 3669 3667
f 3669 3670 3671 3667
f 3669 3506 3504 3503
f 3669 3503 3672 3670
f 3672 3673 3674 3670
f 3672 3503 3501 3675
f 3672 3675 3676 3673
f 3676 3677 3678 3673
f 3676 3675 3679 3680
f 3676 3680 3681 3677
f 3681 1754 1759 3677
f 3681 3680 3682 3683
f 3681 3683 1755 1754
f 3683 3682 3684 3685
f 3683 3685 3686 1755
f 3686 3687 3688 3689
f 3686 3689 1756 1755
f 3686 3685 3690 3687
f 3690 1688 3691 3687
f 3690 3685 3684 3692
f 3690 3692 1605 1688
f 3692 3684 1808 1807
f 3692 1807 1685 1605
f 3691 2185 2181 2180
f 3691 2180 3688 3687
f 3691 1688 1687 2185
f 3689 3688 2175 3693
f 3689 3693 1757 1756
f 3693 2175 2171 2170
f 3693 2170 3694 1757
f 3694 2170 2166 2165
f 3694 2165 3695 3696
f 3694 3696 1758 1757
f 3696 3695 3697 3698
f 3696 3698 1759 1758
f 3698 3697 3699 3678
f 3698 3678 3677 1759
f 3699 3697 3700 3701
f 3699 3701 3702 3674
f 3699 3674 3673 3678
f 3702 3701 3703 3704
f 3702 3704 3705 3671
f 3702 3671 3670 3674
f 3705 3704 3706 3707
f 3705 3707 3708 3668
f 3705 3668 3667 3671
f 3708 3707 3709 3710
f 3708 3710 3711 3665
f 3708 3665 3664 3668
f 3711 3710 3712 3713
f 3711 3713 3714 3662
f 3711 3662 3661 3665
f 3714 3713 3715 3716
f 3714 3716 3717 3659
f 3714 3659 3658 3662
f 3717 3716 3718 3719
f 3717 3719 3720 3656
f 3717 3656 3655 3659
f 3720 3719 3721 3722
f 3720 3722 3723 3653
f 3720 3653 3652 3656
f 3723 3722 3724 3725
f 3723 3725 3726 3650
f 3723 3650 3649 3653
f 3726 3725 3727 3728
f 3726 3728 3729 3647
f 3726 3647 3646 3650
f 3729 3728 3730 3731
f 3729 3731 3732 3644
f 3729 3644 3643 3647
f 3732 3731 3733 3734
f 3732 3734 3735 3641
f 3732 3641 3640 3644
f 3735 3734 3736 3737
f 3735 3737 3738 3638
f 3735 3638 3637 3641
f 3738 3737 3739 3740
f 3738 3740 3741 3635
f 3738 3635 3634 3638
f 3741 3740 3742 3743
f 3741 3743 3744 3632
f 3741 3632 3631 3635
f 3744 3743 3745 3746
f 3744 3746 3747 3629
f 3744 3629 3628 3632
f 3747 3746 3748 3749
f 3747 3749 3750 3626
f 3747 3626 3625 3629
f 3750 3749 3751 3752
f 3750 3752 3753 3623
f 3750 3623 3622 3626
f 3753 3752 3754 3755
f 3753 3755 3756 3620
f 3753 3620 3619 3623
f 3756 3755 3757 3758
f 3756 3758 3759 3617
f 3756 3617 3616 3620
f 3759 3758 3760 3761
f 3759 3761 3762 3614
f 3759 3614 3613 3617
f 3762 3761 3763 3764
f 3762 3764 3765 3611
f 3762 3611 3610 3614
f 3765 3764 3766 3767
f 3765 3767 3768 3608
f 3765 3608 3607 3611
f 3768 3767 3769 3770
f 3768 3770 3771 3605
f 3768 3605 3604 3608
f 3771 3770 3772 3773
f 3771 3773 3774 3602
f 3771 3602 3601 3605
f 3774 3773 3775 3776
f 3774 3776 3777 3599
f 3774 3599 3598 3602
f 3777 3776 3778 3779
f 3777 3779 3780 3596
f 3777 3596 3595 3599
f 3780 3779 3781 3782
f 3780 3782 3783 3593
f 3780 3593 3592 3596
f 3783 3782 3784 3785
f 3783 3785 3786 3590
f 3783 3590 3589 3593
f 3786 3785 3787 3788
f 3786 3788 1739 1738
f 3786 1738 1741 3590
f 3788 3787 2010 3789
f 3788 3789 3790 1739
f 3790 3789 2005 3791
f 3790 3791 3792 3793
f 3790 3793 1735 1739
f 3793 3792 3794 3795
f 3793 3795 1736 1735
f 3795 3794 3796 3797
f 3795 3797 3798 1736
f 3798 3797 3799 3800
f 3798 3800 3801 3802
f 3798 3802 1737 1736
f 3802 3801 3803 3804
f 3802 3804 1740 1737
f 3804 3803 3805 3806
f 3804 3806 3807 1740
f 3807 3808 1732 1740
f 3807 3806 3809 3810
f 3807 3810 3811 3808
f 3811 1719 1723 3808
f 3811 3810 3812 3813
f 3811 3813 1720 1719
f 3813 3812 3814 3815
f 3813 3815 3816 1720
f 3816 3817 1721 1720
f 3816 3815 3818 3819
f 3816 3819 3820 3817
f 3820 3821 3822 3817
f 3820 3819 3823 3824
f 3820 3824 3825 3821
f 3825 1668 3826 3821
f 3825 3824 3827 3828
f 3825 3828 1669 1668
f 3828 3827 3829 3830
f 3828 3830 1672 1669
f 3830 3829 3831 3832
f 3830 3832 3833 1672
f 3833 3834 1670 1672
f 3833 3832 3835 3836
f 3833 3836 3837 3834
f 3837 3838 3839 3834
f 3837 3836 3840 3841
f 3837 3841 3842 3838
f 3842 1929 1927 3838
f 3842 3841 1641 1938
f 3842 1938 1936 1929
f 3841 3840 1642 1641
f 3840 3836 3835 3843
f 3840 3843 1643 1642
f 3843 3835 3844 3845
f 3843 3845 3846 1643
f 3846 3845 3847 3848
f 3846 3848 3849 3850
f 3846 3850 1644 1643
f 3850 3849 1943 1941
f 3850 1941 1645 1644
f 3849 3848 3851 3852
f 3849 3852 1945 1943
f 3852 3851 3853 1951
f 3852 1951 1949 1945
f 3853 3851 3854 3855
f 3853 3855 3856 3857
f 3853 3857 1952 1951
f 3857 3856 3858 3859
f 3857 3859 1953 1952
f 3859 3858 3860 3861
f 3859 3861 1955 1953
f 3861 3860 3862 3863
f 3861 3863 1957 1955
f 3863 3862 3864 3865
f 3863 3865 3866 1957
f 3866 3865 3867 3868
f 3866 3868 3869 1960
f 3866 1960 1958 1957
f 3869 3868 3870 3871
f 3869 3871 3872 3873
f 3869 3873 1961 1960
f 3873 3872 3874 3875
f 3873 3875 1962 1961
f 3875 3874 3876 3877
f 3875 3877 1964 1962
f 3877 3876 3878 3879
f 3877 3879 1966 1964
f 3879 3878 3880 3881
f 3879 3881 3882 1966
f 3882 1970 1967 1966
f 3882 3881 3883 3884
f 3882 3884 3885 1970
f 3885 1975 1971 1970
f 3885 3884 3886 3887
f 3885 3887 3888 1975
f 3888 1980 1976 1975
f 3888 3887 3889 3890
f 3888 3890 3891 1980
f 3891 1985 1981 1980
f 3891 3890 3892 3893
f 3891 3893 3894 1985
f 3894 1990 1986 1985
f 3894 3893 3895 3896
f 3894 3896 3897 1990
f 3897 1995 1991 1990
f 3897 3896 3898 3899
f 3897 3899 3900 1995
f 3900 2000 1996 1995
f 3900 3899 3794 3792
f 3900 3792 3791 2000
f 3899 3898 3796 3794
f 3898 3896 3895 3901
f 3898 3901 3902 3796
f 3902 3901 3903 3904
f 3902 3904 3905 3799
f 3902 3799 3797 3796
f 3905 3904 3906 3907
f 3905 3907 3908 3909
f 3905 3909 3800 3799
f 3909 3908 3910 3911
f 3909 3911 3801 3800
f 3911 3910 3912 3913
f 3911 3913 3803 3801
f 3913 3912 3914 3915
f 3913 3915 3805 3803
f 3915 3914 3916 3917
f 3915 3917 3918 3805
f 3918 3809 3806 3805
f 3918 3917 3919 3920
f 3918 3920 3921 3809
f 3921 3812 3810 3809
f 3921 3920 3922 3923
f 3921 3923 3814 3812
f 3923 3922 3924 3925
f 3923 3925 3926 3814
f 3926 3818 3815 3814
f 3926 3925 3927 3928
f 3926 3928 3929 3818
f 3929 3823 3819 3818
f 3929 3928 3930 3931
f 3929 3931 3932 3823
f 3932 3827 3824 3823
f 3932 3931 3933 3934
f 3932 3934 3829 3827
f 3934 3933 3935 3936
f 3934 3936 3831 3829
f 3936 3935 3937 3938
f 3936 3938 3844 3831
f 3938 3937 3854 3847
f 3938 3847 3845 3844
f 3937 3935 3939 3940
f 3937 3940 3855 3854
f 3940 3939 3941 3942
f 3940 3942 3856 3855
f 3942 3941 3943 3944
f 3942 3944 3858 3856
f 3944 3943 3945 3946
f 3944 3946 3860 3858
f 3946 3945 3947 3948
f 3946 3948 3862 3860
f 3948 3947 3949 3950
f 3948 3950 3864 3862
f 3950 3949 3951 3952
f 3950 3952 3953 3864
f 3953 3952 3954 3955
f 3953 3955 3956 3867
f 3953 3867 3865 3864
f 3956 3955 3957 3958
f 3956 3958 3959 3870
f 3956 3870 3868 3867
f 3959 3958 3960 3961
f 3959 3961 3962 3963
f 3959 3963 3871 3870
f 3963 3962 3964 3965
f 3963 3965 3872 3871
f 3965 3964 3966 3967
f 3965 3967 3874 3872
f 3967 3966 3968 3969
f 3967 3969 3876 3874
f 3969 3968 3970 3971
f 3969 3971 3878 3876
f 3971 3970 3972 3973
f 3971 3973 3880 3878
f 3973 3972 3974 3975
f 3973 3975 3976 3880
f 3976 3883 3881 3880
f 3976 3975 3977 3978
f 3976 3978 3979 3883
f 3979 3886 3884 3883
f 3979 3978 3980 3981
f 3979 3981 3982 3886
f 3982 3889 3887 3886
f 3982 3981 3983 3984
f 3982 3984 3985 3889
f 3985 3892 3890 3889
f 3985 3984 3986 3987
f 3985 3987 3988 3892
f 3988 3895 3893 3892
f 3988 3987 3989 3903
f 3988 3903 3901 3895
f 3989 3987 3986 3990
f 3989 3990 3991 3906
f 3989 3906 3904 3903
f 3991 3990 3992 3993
f 3991 3993 3994 3995
f 3991 3995 3907 3906
f 3995 3994 3996 3997
f 3995 3997 3908 3907
f 3997 3996 3998 3999
f 3997 3999 3910 3908
f 3999 3998 4000 4001
f 3999 4001 3912 3910
f 4001 4000 4002 4003
f 4001 4003 3914 3912
f 4003 4002 4004 4005
f 4003 4005 3916 3914
f 4005 4004 4006 4007
f 4005 4007 4008 3916
f 4008 3919 3917 3916
f 4008 4007 4009 4010
f 4008 4010 4011 3919
f 4011 3922 3920 3919
f 4011 4010 4012 4013
f 4011 4013 3924 3922
f 4013 4012 4014 4015
f 4013 4015 4016 3924
f 4016 3927 3925 3924
f 4016 4015 4017 4018
f 4016 4018 4019 3927
f 4019 3930 3928 3927
f 4019 4018 4020 4021
f 4019 4021 4022 3930
f 4022 3933 3931 3930
f 4022 4021 3941 3939
f 4022 3939 3935 3933
f 4021 4020 3943 3941
f 4020 4018 4017 4023
f 4020 4023 3945 3943
f 4023 4017 4024 4025
f 4023 4025 3947 3945
f 4025 4024 4026 4027
f 4025 4027 3949 3947
f 4027 4026 4028 4029
f 4027 4029 3951 3949
f 4029 4028 4030 4031
f 4029 4031 4032 3951
f 4032 4031 4033 4034
f 4032 4034 4035 3954
f 4032 3954 3952 3951
f 4035 4034 4036 4037
f 4035 4037 4038 3957
f 4035 3957 3955 3954
f 4038 4037 4039 4040
f 4038 4040 4041 3960
f 4038 3960 3958 3957
f 4041 4040 4042 4043
f 4041 4043 4044 4045
f 4041 4045 3961 3960
f 4045 4044 4046 4047
f 4045 4047 3962 3961
f 4047 4046 4048 4049
f 4047 4049 3964 3962
f 4049 4048 4050 4051
f 4049 4051 3966 3964
f 4051 4050 4052 4053
f 4051 4053 3968 3966
f 4053 4052 4054 4055
f 4053 4055 3970 3968
f 4055 4054 4056 4057
f 4055 4057 3972 3970
f 4057 4056 4058 4059
f 4057 4059 3974 3972
f 4059 4058 4060 4061
f 4059 4061 4062 3974
f 4062 3977 3975 3974
f 4062 4061 4063 4064
f 4062 4064 4065 3977
f 4065 3980 3978 3977
f 4065 4064 4066 4067
f 4065 4067 4068 3980
f 4068 3983 3981 3980
f 4068 4067 4069 4070
f 4068 4070 4071 3983
f 4071 3986 3984 3983
f 4071 4070 4072 3992
f 4071 3992 3990 3986
f 4072 4070 4069 4073
f 4072 4073 4074 4075
f 4072 4075 3993 3992
f 4075 4074 4076 4077
f 4075 4077 3994 3993
f 4077 4076 4078 4079
f 4077 4079 3996 3994
f 4079 4078 4080 4081
f 4079 4081 3998 3996
f 4081 4080 4082 4083
f 4081 4083 4000 3998
f 4083 4082 4084 4085
f 4083 4085 4002 4000
f 4085 4084 4086 4087
f 4085 4087 4004 4002
f 4087 4086 4088 4089
f 4087 4089 4006 4004
f 4089 4088 4090 4091
f 4089 4091 4092 4006
f 4092 4009 4007 4006
f 4092 4091 4093 4094
f 4092 4094 4095 4009
f 4095 4012 4010 4009
f 4095 4094 4096 4097
f 4095 4097 4014 4012
f 4097 4096 4028 4026
f 4097 4026 4024 4014
f 4096 4094 4093 4098
f 4096 4098 4030 4028
f 4098 4093 4099 4100
f 4098 4100 4101 4030
f 4101 4100 4102 4103
f 4101 4103 4104 4033
f 4101 4033 4031 4030
f 4104 4103 4105 4106
f 4104 4106 4107 4036
f 4104 4036 4034 4033
f 4107 4106 4108 4109
f 4107 4109 4110 4039
f 4107 4039 4037 4036
f 4110 4109 4111 4112
f 4110 4112 4113 4042
f 4110 4042 4040 4039
f 4113 4112 4114 4115
f 4113 4115 4116 4117
f 4113 4117 4043 4042
f 4117 4116 4118 4119
f 4117 4119 4044 4043
f 4119 4118 4120 4121
f 4119 4121 4046 4044
f 4121 4120 4122 4123
f 4121 4123 4048 4046
f 4123 4122 4124 4125
f 4123 4125 4050 4048
f 4125 4124 4126 4127
f 4125 4127 4052 4050
f 4127 4126 4128 4129
f 4127 4129 4054 4052
f 4129 4128 4130 4131
f 4129 4131 4056 4054
f 4131 4130 4132 4133
f 4131 4133 4058 4056
f 4133 4132 4134 4135
f 4133 4135 4060 4058
f 4135 4134 4136 4137
f 4135 4137 4138 4060
f 4138 4063 4061 4060
f 4138 4137 4139 4140
f 4138 4140 4141 4063
f 4141 4066 4064 4063
f 4141 4140 4142 4143
f 4141 4143 4144 4066
f 4144 4069 4067 4066
f 4144 4143 4145 4146
f 4144 4146 4073 4069
f 4146 4145 4147 4148
f 4146 4148 4074 4073
f 4148 4147 4149 4150
f 4148 4150 4076 4074
f 4150 4149 4151 4152
f 4150 4152 4078 4076
f 4152 4151 4153 4154
f 4152 4154 4080 4078
f 4154 4153 4155 4156
f 4154 4156 4082 4080
f 4156 4155 4157 4158
f 4156 4158 4084 4082
f 4158 4157 4159 4160
f 4158 4160 4086 4084
f 4160 4159 4161 4162
f 4160 4162 4088 4086
f 4162 4161 4163 4164
f 4162 4164 4090 4088
f 4164 4163 4165 4166
f 4164 4166 4099 4090
f 4166 4165 4167 4102
f 4166 4102 4100 4099
f 4167 4165 4168 4169
f 4167 4169 4170 4105
f 4167 4105 4103 4102
f 4170 4169 4171 4172
f 4170 4172 4173 4108
f 4170 4108 4106 4105
f 4173 4172 4174 4175
f 4173 4175 4176 4111
f 4173 4111 4109 4108
f 4176 4175 4177 4178
f 4176 4178 4179 4114
f 4176 4114 4112 4111
f 4179 4178 4180 4181
f 4179 4181 4182 4183
f 4179 4183 4115 4114
f 4183 4182 4184 4185
f 4183 4185 4116 4115
f 4185 4184 4186 4187
f 4185 4187 4118 4116
f 4187 4186 4188 4189
f 4187 4189 4120 4118
f 4189 4188 4190 4191
f 4189 4191 4122 4120
f 4191 4190 4192 4193
f 4191 4193 4124 4122
f 4193 4192 4194 4195
f 4193 4195 4126 4124
f 4195 4194 4196 4197
f 4195 4197 4128 4126
f 4197 4196 4198 4199
f 4197 4199 4130 4128
f 4199 4198 4200 4201
f 4199 4201 4132 4130
f 4201 4200 4202 4203
f 4201 4203 4134 4132
f 4203 4202 4204 4205
f 4203 4205 4136 4134
f 4205 4204 4206 4207
f 4205 4207 4208 4136
f 4208 4139 4137 4136
f 4208 4207 4209 4210
f 4208 4210 4211 4139
f 4211 4142 4140 4139
f 4211 4210 4212 4213
f 4211 4213 4214 4142
f 4214 4145 4143 4142
f 4214 4213 4215 4216
f 4214 4216 4147 4145
f 4216 4215 4217 4218
f 4216 4218 4149 4147
f 4218 4217 4219 4220
f 4218 4220 4151 4149
f 4220 4219 4221 4222
f 4220 4222 4153 4151
f 4222 4221 4223 4224
f 4222 4224 4155 4153
f 4224 4223 4225 4226
f 4224 4226 4157 4155
f 4226 4225 4227 4228
f 4226 4228 4159 4157
f 4228 4227 4229 4230
f 4228 4230 4161 4159
f 4230 4229 4231 4232
f 4230 4232 4163 4161
f 4232 4231 4233 4168
f 4232 4168 4165 4163
f 4233 4231 4234 4235
f 4233 4235 4236 4171
f 4233 4171 4169 4168
f 4236 4235 4237 4238
f 4236 4238 4239 4174
f 4236 4174 4172 4171
f 4239 4238 4240 4241
f 4239 4241 4242 4177
f 4239 4177 4175 4174
f 4242 4241 4243 4244
f 4242 4244 4245 4180
f 4242 4180 4178 4177
f 4245 4244 4246 4247
f 4245 4247 4248 4249
f 4245 4249 4181 4180
f 4249 4248 4250 4251
f 4249 4251 4182 4181
f 4251 4250 4252 4253
f 4251 4253 4184 4182
f 4253 4252 4254 4255
f 4253 4255 4186 4184
f 4255 4254 4256 4257
f 4255 4257 4188 4186
f 4257 4256 4258 4259
f 4257 4259 4190 4188
f 4259 4258 4260 4261
f 4259 4261 4192 4190
f 4261 4260 4262 4263
f 4261 4263 4194 4192
f 4263 4262 4264 4265
f 4263 4265 4196 4194
f 4265 4264 4266 4267
f 4265 4267 4198 4196
f 4267 4266 4268 4269
f 4267 4269 4200 4198
f 4269 4268 4270 4271
f 4269 4271 4202 4200
f 4271 4270 4272 4273
f 4271 4273 4204 4202
f 4273 4272 4274 4275
f 4273 4275 4206 4204
f 4275 4274 4276 4277
f 4275 4277 4278 4206
f 4278 4209 4207 4206
f 4278 4277 4279 4280
f 4278 4280 4281 4209
f 4281 4212 4210 4209
f 4281 4280 4282 4283
f 4281 4283 4284 4212
f 4284 4215 4213 4212
f 4284 4283 4285 4286
f 4284 4286 4217 4215
f 4286 4285 4287 4288
f 4286 4288 4219 4217
f 4288 4287 4289 4290
f 4288 4290 4221 4219
f 4290 4289 4291 4292
f 4290 4292 4223 4221
f 4292 4291 4293 4294
f 4292 4294 4225 4223
f 4294 4293 4295 4296
f 4294 4296 4227 4225
f 4296 4295 4297 4298
f 4296 4298 4229 4227
f 4298 4297 4299 4234
f 4298 4234 4231 4229
f 4299 4297 4300 4301
f 4299 4301 4302 4237
f 4299 4237 4235 4234
f 4302 4301 4303 4304
f 4302 4304 4305 4240
f 4302 4240 4238 4237
f 4305 4304 4306 4307
f 4305 4307 4308 4243
f 4305 4243 4241 4240
f 4308 4307 4309 4310
f 4308 4310 4311 4246
f 4308 4246 4244 4243
f 4311 4310 4312 4313
f 4311 4313 4314 4315
f 4311 4315 4247 4246
f 4315 4314 4316 4317
f 4315 4317 4248 4247
f 4317 4316 4318 4319
f 4317 4319 4250 4248
f 4319 4318 4320 4321
f 4319 4321 4252 4250
f 4321 4320 4322 4323
f 4321 4323 4254 4252
f 4323 4322 4324 4325
f 4323 4325 4256 4254
f 4325 4324 4326 4327
f 4325 4327 4258 4256
f 4327 4326 4328 4329
f 4327 4329 4260 4258
f 4329 4328 4330 4331
f 4329 4331 4262 4260
f 4331 4330 4332 4333
f 4331 4333 4264 4262
f 4333 4332 4334 4335
f 4333 4335 4266 4264
f 4335 4334 4336 4337
f 4335 4337 4268 4266
f 4337 4336 4338 4339
f 4337 4339 4270 4268
f 4339 4338 4340 4341
f 4339 4341 4272 4270
f 4341 4340 1710 4342
f 4341 4342 4274 4272
f 4342 1710 1709 4343
f 4342 4343 4276 4274
f 4343 1709 1711 4344
f 4343 4344 4345 4276
f 4345 4279 4277 4276
f 4345 4344 4346 4347
f 4345 4347 4348 4279
f 4348 4282 4280 4279
f 4348 4347 4349 4350
f 4348 4350 4351 4282
f 4351 4285 4283 4282
f 4351 4350 4352 4353
f 4351 4353 4287 4285
f 4353 4352 4354 4355
f 4353 4355 4289 4287
f 4355 4354 4356 4357
f 4355 4357 4291 4289
f 4357 4356 4358 4359
f 4357 4359 4293 4291
f 4359 4358 4360 4361
f 4359 4361 4295 4293
f 4361 4360 4362 4300
f 4361 4300 4297 4295
f 4362 4360 4363 4364
f 4362 4364 4365 4303
f 4362 4303 4301 4300
f 4365 4364 4366 4367
f 4365 4367 4368 4306
f 4365 4306 4304 4303
f 4368 4367 4369 4370
f 4368 4370 4371 4309
f 4368 4309 4307 4306
f 4371 4370 4372 4373
f 4371 4373 4374 4312
f 4371 4312 4310 4309
f 4374 4373 4375 4376
f 4374 4376 4377 4378
f 4374 4378 4313 4312
f 4378 4377 4379 4380
f 4378 4380 4314 4313
f 4380 4379 4381 4382
f 4380 4382 4316 4314
f 4382 4381 4383 4384
f 4382 4384 4318 4316
f 4384 4383 4385 4386
f 4384 4386 4320 4318
f 4386 4385 4387 4388
f 4386 4388 4322 4320
f 4388 4387 4389 4390
f 4388 4390 4324 4322
f 4390 4389 4391 4392
f 4390 4392 4326 4324
f 4392 4391 4393 4394
f 4392 4394 4328 4326
f 4394 4393 4395 4396
f 4394 4396 4330 4328
f 4396 4395 4397 4398
f 4396 4398 4332 4330
f 4398 4397 4399 4400
f 4398 4400 4334 4332
f 4400 4399 4401 4402
f 4400 4402 4336 4334
f 4402 4401 4403 4404
f 4402 4404 4338 4336
f 4404 4403 1631 1637
f 4404 1637 4340 4338
f 4403 4401 4405 4406
f 4403 4406 1632 1631
f 4406 4405 4407 4408
f 4406 4408 4409 1632
f 4409 4408 4410 4411
f 4409 4411 4412 4413
f 4409 4413 1633 1632
f 4413 4412 4414 4415
f 4413 4415 1634 1633
f 4415 4414 4416 4417
f 4415 4417 4418 1634
f 4418 4419 1635 1634
f 4418 4417 4420 4421
f 4418 4421 4422 4419
f 4422 4423 4424 4419
f 4422 4421 4425 4426
f 4422 4426 4427 4423
f 4427 4428 4429 4423
f 4427 4426 4430 4431
f 4427 4431 4432 4428
f 4432 4433 4434 4428
f 4432 4431 4435 4436
f 4432 4436 4437 4433
f 4437 4438 4439 4433
f 4437 4436 4440 4441
f 4437 4441 4363 4438
f 4441 4440 4442 4366
f 4441 4366 4364 4363
f 4442 4440 4443 4444
f 4442 4444 4445 4369
f 4442 4369 4367 4366
f 4445 4444 4446 4447
f 4445 4447 4448 4372
f 4445 4372 4370 4369
f 4448 4447 4449 4450
f 4448 4450 4451 4375
f 4448 4375 4373 4372
f 4451 4450 4452 4453
f 4451 4453 4454 4455
f 4451 4455 4376 4375
f 4455 4454 4456 4457
f 4455 4457 4377 4376
f 4457 4456 4458 4459
f 4457 4459 4379 4377
f 4459 4458 4460 4461
f 4459 4461 4381 4379
f 4461 4460 4462 4463
f 4461 4463 4383 4381
f 4463 4462 4464 4465
f 4463 4465 4385 4383
f 4465 4464 4466 4467
f 4465 4467 4387 4385
f 4467 4466 4468 4469
f 4467 4469 4389 4387
f 4469 4468 4470 4471
f 4469 4471 4391 4389
f 4471 4470 4472 4473
f 4471 4473 4393 4391
f 4473 4472 4474 4475
f 4473 4475 4395 4393
f 4475 4474 4476 4477
f 4475 4477 4397 4395
f 4477 4476 4478 4479
f 4477 4479 4399 4397
f 4479 4478 4407 4405
f 4479 4405 4401 4399
f 4478 4476 4480 4481
f 4478 4481 4482 4407
f 4482 4481 4483 4484
f 4482 4484 4485 4410
f 4482 4410 4408 4407
f 4485 4484 4486 4487
f 4485 4487 4488 4489
f 4485 4489 4411 4410
f 4489 4488 4490 4491
f 4489 4491 4412 4411
f 4491 4490 4492 4493
f 4491 4493 4414 4412
f 4493 4492 4494 4495
f 4493 4495 4416 4414
f 4495 4494 4496 4497
f 4495 4497 4498 4416
f 4498 4420 4417 4416
f 4498 4497 4499 4500
f 4498 4500 4501 4420
f 4501 4425 4421 4420
f 4501 4500 4502 4503
f 4501 4503 4504 4425
f 4504 4430 4426 4425
f 4504 4503 1791 4505
f 4504 4505 4506 4430
f 4506 4435 4431 4430
f 4506 4505 4507 4508
f 4506 4508 4443 4435
f 4508 4507 4509 4446
f 4508 4446 4444 4443
f 4509 4507 1790 1794
f 4509 1794 4510 4449
f 4509 4449 4447 4446
f 4510 1794 1793 4511
f 4510 4511 4512 4452
f 4510 4452 4450 4449
f 4512 4511 4513 4514
f 4512 4514 4515 4516
f 4512 4516 4453 4452
f 4516 4515 4517 4518
f 4516 4518 4454 4453
f 4518 4517 4519 4520
f 4518 4520 4456 4454
f 4520 4519 4521 4522
f 4520 4522 4458 4456
f 4522 4521 4523 4524
f 4522 4524 4460 4458
f 4524 4523 4525 4526
f 4524 4526 4462 4460
f 4526 4525 4527 4528
f 4526 4528 4464 4462
f 4528 4527 4529 4530
f 4528 4530 4466 4464
f 4530 4529 4531 4532
f 4530 4532 4468 4466
f 4532 4531 4533 4534
f 4532 4534 4470 4468
f 4534 4533 1785 4535
f 4534 4535 4472 4470
f 4535 1785 1784 4536
f 4535 4536 4474 4472
f 4536 1784 1788 4480
f 4536 4480 4476 4474
f 4533 4531 4537 4538
f 4533 4538 1786 1785
f 4538 4537 4539 4540
f 4538 4540 1789 1786
f 4540 4539 4541 4542
f 4540 4542 4543 1789
f 4543 4544 1787 1789
f 4543 4542 4545 4546
f 4543 4546 4486 4544
f 4546 4545 4547 4548
f 4546 4548 4487 4486
f 4548 4547 4549 4550
f 4548 4550 4488 4487
f 4550 4549 4551 4552
f 4550 4552 4490 4488
f 4552 4551 4553 4554
f 4552 4554 4492 4490
f 4554 4553 4555 4556
f 4554 4556 4494 4492
f 4556 4555 4557 4558
f 4556 4558 4496 4494
f 4558 4557 4559 4560
f 4558 4560 4561 4496
f 4561 4499 4497 4496
f 4561 4560 4562 4563
f 4561 4563 4564 4499
f 4564 4502 4500 4499
f 4564 4563 4513 1795
f 4564 1795 1792 4502
f 4563 4562 4514 4513
f 4562 4560 4559 4565
f 4562 4565 4515 4514
f 4565 4559 4566 4567
f 4565 4567 4517 4515
f 4567 4566 4568 4569
f 4567 4569 4519 4517
f 4569 4568 4570 4571
f 4569 4571 4521 4519
f 4571 4570 4572 4573
f 4571 4573 4523 4521
f 4573 4572 4574 4575
f 4573 4575 4525 4523
f 4575 4574 4576 4577
f 4575 4577 4527 4525
f 4577 4576 4578 4579
f 4577 4579 4529 4527
f 4579 4578 4539 4537
f 4579 4537 4531 4529
f 4578 4576 4580 4581
f 4578 4581 4541 4539
f 4581 4580 1708 4582
f 4581 4582 4583 4541
f 4583 4545 4542 4541
f 4583 4582 4584 4585
f 4583 4585 4547 4545
f 4585 4584 1703 4586
f 4585 4586 4549 4547
f 4586 1703 1702 4587
f 4586 4587 4551 4549
f 4587 1702 1704 4588
f 4587 4588 4553 4551
f 4588 1704 4589 4590
f 4588 4590 4555 4553
f 4590 4591 4557 4555
f 4590 4589 4592 4591
f 4592 4568 4566 4591
f 4592 4589 4593 4594
f 4592 4594 4570 4568
f 4594 4593 1707 4595
f 4594 4595 4572 4570
f 4595 1707 1706 4596
f 4595 4596 4574 4572
f 4596 1706 1708 4580
f 4596 4580 4576 4574
f 4593 4589 1704 1701
f 4593 1701 1700 1707
f 4591 4566 4559 4557
f 4584 4582 1708 1705
f 4584 1705 1699 1703
f 4544 4483 1788 1787
f 4544 4486 4484 4483
f 4513 4511 1793 1795
f 4507 4505 1791 1790
f 4503 4502 1792 1791
f 4483 4481 4480 1788
f 4443 4440 4436 4435
f 4439 4356 4354 4597
f 4439 4597 4434 4433
f 4439 4438 4358 4356
f 4597 4354 4352 4598
f 4597 4598 4599 4434
f 4599 4598 4349 4600
f 4599 4600 4601 4429
f 4599 4429 4428 4434
f 4601 4600 4346 4602
f 4601 4602 1639 4424
f 4601 4424 4423 4429
f 4602 4346 4344 1711
f 4602 1711 1638 1639
f 4600 4349 4347 4346
f 4598 4352 4350 4349
f 4438 4363 4360 4358
f 4424 1639 1635 4419
f 4340 1637 1636 1710
f 4099 4093 4091 4090
f 4024 4017 4015 4014
f 3854 3851 3848 3847
f 3844 3835 3832 3831
f 3839 1925 1924 1671
f 3839 1671 1670 3834
f 3839 3838 1927 1925
f 3826 1920 3822 3821
f 3826 1668 1667 1923
f 3826 1923 1921 1920
f 3822 1920 1796 1722
f 3822 1722 1721 3817
f 3808 1723 1733 1732
f 3791 2005 2001 2000
f 3789 2010 2006 2005
f 3787 2015 2011 2010
f 3787 3785 3784 2015
f 3784 2020 2016 2015
f 3784 3782 3781 2020
f 3781 2025 2021 2020
f 3781 3779 3778 2025
f 3778 2030 2026 2025
f 3778 3776 3775 2030
f 3775 2035 2031 2030
f 3775 3773 3772 2035
f 3772 2040 2036 2035
f 3772 3770 3769 2040
f 3769 2045 2041 2040
f 3769 3767 3766 2045
f 3766 2050 2046 2045
f 3766 3764 3763 2050
f 3763 2055 2051 2050
f 3763 3761 3760 2055
f 3760 2060 2056 2055
f 3760 3758 3757 2060
f 3757 2065 2061 2060
f 3757 3755 3754 2065
f 3754 2070 2066 2065
f 3754 3752 3751 2070
f 3751 2075 2071 2070
f 3751 3749 3748 2075
f 3748 2080 2076 2075
f 3748 3746 3745 2080
f 3745 2085 2081 2080
f 3745 3743 3742 2085
f 3742 2090 2086 2085
f 3742 3740 3739 2090
f 3739 2095 2091 2090
f 3739 3737 3736 2095
f 3736 2100 2096 2095
f 3736 3734 3733 2100
f 3733 2105 2101 2100
f 3733 3731 3730 2105
f 3730 2110 2106 2105
f 3730 3728 3727 2110
f 3727 2115 2111 2110
f 3727 3725 3724 2115
f 3724 2120 2116 2115
f 3724 3722 3721 2120
f 3721 2125 2121 2120
f 3721 3719 3718 2125
f 3718 2130 2126 2125
f 3718 3716 3715 2130
f 3715 2135 2131 2130
f 3715 3713 3712 2135
f 3712 2140 2136 2135
f 3712 3710 3709 2140
f 3709 2145 2141 2140
f 3709 3707 3706 2145
f 3706 2150 2146 2145
f 3706 3704 3703 2150
f 3703 2155 2151 2150
f 3703 3701 3700 2155
f 3700 2160 2156 2155
f 3700 3697 3695 2160
f 3695 2165 2161 2160
f 3688 2180 2176 2175
f 3684 3682 1811 1808
f 3682 3680 3679 1811
f 3679 3675 3501 3500
f 3679 3500 1812 1811
f 2752 2750 1690 1689
f 2251 2249 2248 1822
f 2210 1830 1827 2203
f 2190 2186 2185 1687
f 1974 1713 1712 1969
f 1939 1938 1641 1640
f 1936 1932 1930 1929
f 1924 1923 1667 1671
f 1907 1663 1662 1902
f 1837 1835 1654 1752
f 1782 1781 1665 1664
f 1752 1654 1653 1748
f 1749 1748 1653 1659
f 4603 4609 4610 4611
f 4603 4611 4612 4613
f 4603 4613 4614 4609
f 4604 4615 4614 4616
f 4604 4616 4617 4618
f 4604 4618 4619 4615
f 4605 4620 4621 4622
f 4605 4622 4623 4624
f 4605 4624 4625 4620
f 4606 4630 4631 4632
f 4606 4632 4633 4634
f 4606 4634 4635 4630
f 4607 4636 4637 4638
f 4607 4638 4639 4640
f 4607 4640 4641 4636
f 4608 4642 4643 4644
f 4608 4645 4646 4642
f 4608 4644 4647 4645
f 4647 4644 4648 4649
f 4647 4649 4650 4651
f 4647 4651 4652 4645
f 4652 4651 4653 4654
f 4652 4654 4655 4656
f 4652 4656 4646 4645
f 4656 4655 4657 4658
f 4656 4658 4659 4646
f 4659 4660 4642 4646
f 4659 4658 4661 4662
f 4659 4662 4663 4660
f 4663 4617 4664 4660
f 4663 4662 4665 4666
f 4663 4666 4618 4617
f 4666 4665 4667 4668
f 4666 4668 4619 4618
f 4668 4667 4669 4635
f 4668 4635 4634 4619
f 4669 4667 4670 4671
f 4669 4671 4672 4673
f 4669 4673 4630 4635
f 4673 4672 4674 4675
f 4673 4675 4631 4630
f 4675 4674 4676 4677
f 4675 4677 4678 4631
f 4678 4610 4632 4631
f 4678 4677 4679 4680
f 4678 4680 4611 4610
f 4680 4679 4681 4682
f 4680 4682 4612 4611
f 4682 4681 4649 4648
f 4682 4648 4683 4612
f 4683 4684 4613 4612
f 4683 4648 4644 4643
f 4683 4643 4664 4684
f 4684 4616 4614 4613
f 4684 4664 4617 4616
f 4681 4679 4685 4686
f 4681 4686 4650 4649
f 4686 4685 4687 4688
f 4686 4688 4689 4650
f 4689 4688 4690 4691
f 4689 4691 4692 4653
f 4689 4653 4651 4650
f 4692 4691 4693 4694
f 4692 4694 4695 4696
f 4692 4696 4654 4653
f 4696 4695 4697 4698
f 4696 4698 4655 4654
f 4698 4697 4699 4700
f 4698 4700 4657 4655
f 4700 4699 4701 4702
f 4700 4702 4703 4657
f 4703 4661 4658 4657
f 4703 4702 4704 4705
f 4703 4705 4706 4661
f 4706 4665 4662 4661
f 4706 4705 4707 4670
f 4706 4670 4667 4665
f 4707 4705 4704 4708
f 4707 4708 4709 4710
f 4707 4710 4671 4670
f 4710 4709 4711 4712
f 4710 4712 4672 4671
f 4712 4711 4713 4714
f 4712 4714 4674 4672
f 4714 4713 4715 4716
f 4714 4716 4676 4674
f 4716 4715 4717 4687
f 4716 4687 4685 4676
f 4717 4715 4718 4719
f 4717 4719 4720 4690
f 4717 4690 4688 4687
f 4720 4719 4721 4722
f 4720 4722 4723 4693
f 4720 4693 4691 4690
f 4723 4722 4724 4725
f 4723 4725 4726 4727
f 4723 4727 4694 4693
f 4727 4726 4728 4729
f 4727 4729 4695 4694
f 4729 4728 4730 4731
f 4729 4731 4697 4695
f 4731 4730 4732 4733
f 4731 4733 4699 4697
f 4733 4732 4734 4735
f 4733 4735 4701 4699
f 4735 4734 4736 4737
f 4735 4737 4738 4701
f 4738 4704 4702 4701
f 4738 4737 4739 4740
f 4738 4740 4708 4704
f 4740 4739 4741 4742
f 4740 4742 4709 4708
f 4742 4741 4743 4744
f 4742 4744 4711 4709
f 4744 4743 4745 4746
f 4744 4746 4713 4711
f 4746 4745 4747 4718
f 4746 4718 4715 4713
f 4747 4745 4748 4749
f 4747 4749 4750 4721
f 4747 4721 4719 4718
f 4750 4749 4621 4751
f 4750 4751 4752 4724
f 4750 4724 4722 4721
f 4752 4751 4753 4754
f 4752 4754 4755 4756
f 4752 4756 4725 4724
f 4756 4755 4638 4637
f 4756 4637 4726 4725
f 4755 4754 4757 4758
f 4755 4758 4639 4638
f 4758 4757 4759 4760
f 4758 4760 4761 4639
f 4761 4762 4640 4639
f 4761 4760 4629 4763
f 4761 4763 4764 4762
f 4764 4765 4766 4762
f 4764 4763 4767 4768
f 4764 4768 4769 4765
f 4769 4736 4734 4765
f 4769 4768 4770 4771
f 4769 4771 4772 4736
f 4772 4739 4737 4736
f 4772 4771 4773 4774
f 4772 4774 4741 4739
f 4774 4773 4623 4775
f 4774 4775 4743 4741
f 4775 4623 4622 4748
f 4775 4748 4745 4743
f 4773 4771 4770 4776
f 4773 4776 4624 4623
f 4776 4770 4777 4778
f 4776 4778 4625 4624
f 4778 4777 4627 4779
f 4778 4779 4780 4625
f 4780 4753 4620 4625
f 4780 4779 4759 4757
f 4780 4757 4754 4753
f 4779 4627 4626 4759
f 4777 4770 4768 4767
f 4777 4767 4628 4627
f 4767 4763 4629 4628
f 4766 4732 4730 4641
f 4766 4641 4640 4762
f 4766 4765 4734 4732
f 4760 4759 4626 4629
f 4753 4751 4621 4620
f 4749 4748 4622 4621
f 4730 4728 4636 4641
f 4728 4726 4637 4636
f 4685 4679 4677 4676
f 4664 4643 4642 4660
f 4634 4633 4615 4619
f 4633 4632 4610 4609
f 4633 4609 4614 4615
f 4626 4627 4628 4629
f 4781 4800 4801 4802
f 4781 4802 4803 4804
f 4781 4804 4805 4800
f 4782 4806 4807 4788
f 4782 4808 4809 4806
f 4782 4788 4810 4808
f 4783 4811 4812 4813
f 4783 4813 4814 4815
f 4783 4815 4816 4811
f 4784 4817 4818 4819
f 4784 4819 4820 4821
f 4784 4821 4822 4823
f 4784 4823 4824 4825
f 4784 4825 4826 4817
f 4785 4827 4828 4829
f 4785 4829 4830 4831
f 4785 4832 4833 4834
f 4785 4834 4835 4827
f 4785 4831 4836 4832
f 4786 4837 4838 4839
f 4786 4840 4791 4837
f 4786 4839 4841 4840
f 4787 4842 4843 4844
f 4787 4846 4847 4842
f 4788 4807 4849 4810
f 4789 4850 4851 4852
f 4789 4853 4854 4850
f 4789 4855 4856 4853
f 4790 4857 4858 4859
f 4790 4859 4860 4861
f 4790 4862 4863 4857
f 4791 4840 4856 4855
f 4791 4855 4864 4837
f 4792 4865 4868 4869
f 4792 4870 4866 4865
f 4792 4871 4872 4873
f 4793 4874 4875 4876
f 4793 4876 4877 4878
f 4793 4878 4879 4874
f 4787 4844 4880 4881
f 4787 4881 4882 4848
f 4794 4883 4884 4852
f 4794 4852 4851 4885
f 4794 4885 4886 4883
f 4795 4887 4888 4889
f 4795 4889 4851 4850
f 4795 4850 4854 4887
f 4796 4890 4891 4892
f 4796 4893 4894 4895
f 4796 4895 4896 4890
f 4796 4897 4898 4893
f 4796 4892 4899 4897
f 4797 4900 4901 4902
f 4797 4903 4904 4900
f 4797 4902 4905 4903
f 4861 4906 4805 4790
f 4907 4908 4891 4909
f 4798 4910 4911 4912
f 4798 4912 4913 4914
f 4798 4914 4915 4910
f 4799 4916 4917 4918
f 4799 4918 4919 4920
f 4799 4921 4922 4916
f 4799 4920 4923 4924
f 4799 4924 4826 4921
f 4924 4923 4925 4926
f 4924 4926 4817 4826
f 4926 4925 4927 4928
f 4926 4928 4818 4817
f 4928 4927 4929 4930
f 4928 4930 4931 4818
f 4931 4932 4819 4818
f 4931 4930 4933 4934
f 4931 4934 4935 4932
f 4935 4936 4937 4932
f 4935 4934 4938 4939
f 4935 4939 4940 4936
f 4940 4941 4942 4936
f 4940 4939 4943 4944
f 4940 4944 4863 4941
f 4944 4943 4945 4946
f 4944 4946 4857 4863
f 4946 4945 4947 4948
f 4946 4948 4858 4857
f 4948 4947 4949 4950
f 4948 4950 4951 4858
f 4951 4952 4859 4858
f 4951 4950 4953 4954
f 4951 4954 4955 4952
f 4955 4956 4957 4958
f 4955 4958 4959 4952
f 4955 4954 4960 4956
f 4960 4961 4962 4956
f 4960 4954 4953 4836
f 4960 4836 4831 4961
f 4962 4963 4964 4965
f 4962 4965 4957 4956
f 4962 4961 4966 4963
f 4966 4967 4968 4963
f 4966 4961 4831 4830
f 4966 4830 4911 4967
f 4968 4969 4970 4971
f 4968 4971 4964 4963
f 4968 4967 4972 4969
f 4972 4967 4911 4910
f 4972 4910 4915 4973
f 4972 4973 4974 4969
f 4974 4973 4905 4975
f 4974 4975 4976 4977
f 4974 4977 4970 4969
f 4977 4976 4978 4979
f 4977 4979 4980 4970
f 4980 4981 4971 4970
f 4980 4979 4814 4813
f 4980 4813 4812 4981
f 4981 4812 4982 4983
f 4981 4983 4964 4971
f 4983 4982 4984 4985
f 4983 4985 4965 4964
f 4985 4984 4986 4987
f 4985 4987 4957 4965
f 4987 4986 4988 4989
f 4987 4989 4958 4957
f 4989 4988 4990 4991
f 4989 4991 4959 4958
f 4991 4990 4992 4993
f 4991 4993 4860 4959
f 4993 4992 4994 4906
f 4993 4906 4861 4860
f 4994 4992 4822 4995
f 4994 4995 4801 4800
f 4994 4800 4805 4906
f 4995 4822 4821 4996
f 4995 4996 4809 4801
f 4996 4821 4820 4997
f 4996 4997 4806 4809
f 4997 4820 4937 4998
f 4997 4998 4807 4806
f 4998 4937 4936 4942
f 4998 4942 4849 4807
f 4992 4990 4823 4822
f 4990 4988 4824 4823
f 4988 4986 4999 4824
f 4999 5000 5001 5002
f 4999 5002 4825 4824
f 4999 4986 4984 5000
f 5002 5001 4922 4921
f 5002 4921 4826 4825
f 5001 5003 5004 4922
f 5001 5000 5005 5003
f 5005 4811 4816 5003
f 5005 5000 4984 4982
f 5005 4982 4812 4811
f 5004 5006 5007 5008
f 5004 5008 4916 4922
f 5004 5003 4816 5006
f 5008 5007 5009 5010
f 5008 5010 4917 4916
f 5010 5009 4874 4879
f 5010 4879 5011 4917
f 5011 4879 4878 5012
f 5011 5012 5013 5014
f 5011 5014 4918 4917
f 5014 5013 5015 5016
f 5014 5016 4919 4918
f 5016 5015 5017 5018
f 5016 5018 5019 4919
f 5019 5018 5020 5021
f 5019 5021 5022 5023
f 5019 5023 4920 4919
f 5023 5022 5024 5025
f 5023 5025 4923 4920
f 5025 5024 5026 5027
f 5025 5027 4925 4923
f 5027 5026 5028 5029
f 5027 5029 4927 4925
f 5029 5028 5030 5031
f 5029 5031 4929 4927
f 5031 5030 5032 5033
f 5031 5033 5034 4929
f 5034 4933 4930 4929
f 5034 5033 5035 5036
f 5034 5036 5037 4933
f 5037 4938 4934 4933
f 5037 5036 5038 5039
f 5037 5039 5040 4938
f 5040 4943 4939 4938
f 5040 5039 5041 5042
f 5040 5042 4945 4943
f 5042 5041 5043 5044
f 5042 5044 4947 4945
f 5044 5043 5045 5046
f 5044 5046 4949 4947
f 5046 5045 5047 5048
f 5046 5048 5049 4949
f 5049 4953 4950 4949
f 5049 5048 4833 4832
f 5049 4832 4836 4953
f 5048 5047 5050 4833
f 5050 5047 5051 5052
f 5050 5052 5053 5054
f 5050 5054 4834 4833
f 5054 5053 5055 5056
f 5054 5056 4835 4834
f 5056 5055 5057 5058
f 5056 5058 5059 4835
f 5059 5060 4827 4835
f 5059 5058 5061 5062
f 5059 5062 5063 5060
f 5063 5064 5065 5060
f 5063 5062 5066 5067
f 5063 5067 5068 5064
f 5068 5069 5070 5064
f 5068 5067 5071 5072
f 5068 5072 5073 5069
f 5073 5074 4901 5069
f 5073 5072 5075 5076
f 5073 5076 5077 5074
f 5077 5078 5079 5074
f 5077 5076 5080 5081
f 5077 5081 5082 5078
f 5082 4978 4976 5078
f 5082 5081 5083 5084
f 5082 5084 5085 4978
f 5085 4814 4979 4978
f 5085 5084 5086 5087
f 5085 5087 4815 4814
f 5087 5086 5007 5006
f 5087 5006 4816 4815
f 5086 5084 5083 5088
f 5086 5088 5009 5007
f 5088 5083 5089 4875
f 5088 4875 4874 5009
f 5089 5083 5081 5080
f 5089 5080 5090 5091
f 5089 5091 4876 4875
f 5091 5090 5092 5093
f 5091 5093 4877 4876
f 5093 5092 5094 5095
f 5093 5095 5096 4877
f 5096 5095 5097 5098
f 5096 5098 5013 5012
f 5096 5012 4878 4877
f 5098 5097 5099 5100
f 5098 5100 5015 5013
f 5100 5099 5101 5102
f 5100 5102 5017 5015
f 5102 5101 5103 5104
f 5102 5104 5105 5017
f 5105 5104 5106 5107
f 5105 5107 5108 5020
f 5105 5020 5018 5017
f 5108 5107 5109 5110
f 5108 5110 5111 5112
f 5108 5112 5021 5020
f 5112 5111 5113 5114
f 5112 5114 5022 5021
f 5114 5113 5115 5116
f 5114 5116 5024 5022
f 5116 5115 5117 5118
f 5116 5118 5026 5024
f 5118 5117 5119 5120
f 5118 5120 5028 5026
f 5120 5119 5121 5122
f 5120 5122 5030 5028
f 5122 5121 5123 5124
f 5122 5124 5032 5030
f 5124 5123 4842 4847
f 5124 4847 5125 5032
f 5125 5035 5033 5032
f 5125 4847 4846 5126
f 5125 5126 5127 5035
f 5127 5038 5036 5035
f 5127 5126 5128 5129
f 5127 5129 5130 5038
f 5130 5041 5039 5038
f 5130 5129 5131 5132
f 5130 5132 5043 5041
f 5132 5131 5133 5134
f 5132 5134 5045 5043
f 5134 5133 5135 5051
f 5134 5051 5047 5045
f 5135 5133 5136 5137
f 5135 5137 5138 5139
f 5135 5139 5052 5051
f 5139 5138 5140 5141
f 5139 5141 5053 5052
f 5141 5140 5142 5143
f 5141 5143 5055 5053
f 5143 5142 5144 5145
f 5143 5145 5057 5055
f 5145 5144 5146 5147
f 5145 5147 5148 5057
f 5148 5061 5058 5057
f 5148 5147 5149 5150
f 5148 5150 5151 5061
f 5151 5066 5062 5061
f 5151 5150 5152 5153
f 5151 5153 5154 5066
f 5154 5071 5067 5066
f 5154 5153 5155 5156
f 5154 5156 5157 5071
f 5157 5075 5072 5071
f 5157 5156 5094 5092
f 5157 5092 5090 5075
f 5156 5155 5158 5094
f 5158 5155 5159 5160
f 5158 5160 5099 5097
f 5158 5097 5095 5094
f 5160 5159 5161 5162
f 5160 5162 5101 5099
f 5162 5161 5163 5164
f 5162 5164 5103 5101
f 5164 5163 5165 5166
f 5164 5166 5167 5103
f 5167 5166 5168 5169
f 5167 5169 5170 5106
f 5167 5106 5104 5103
f 5170 5169 5171 5172
f 5170 5172 5173 5109
f 5170 5109 5107 5106
f 5173 5172 4907 4909
f 5173 4909 5174 5175
f 5173 5175 5110 5109
f 5175 5174 5176 5177
f 5175 5177 5111 5110
f 5177 5176 5178 5179
f 5177 5179 5113 5111
f 5179 5178 5180 5181
f 5179 5181 5115 5113
f 5181 5180 5182 5183
f 5181 5183 5117 5115
f 5183 5182 5184 5185
f 5183 5185 5119 5117
f 5185 5184 5186 5187
f 5185 5187 5121 5119
f 5187 5186 5188 5189
f 5187 5189 5123 5121
f 5189 5188 5190 4843
f 5189 4843 4842 5123
f 5190 5188 5191 5192
f 5190 5192 5193 5194
f 5190 5194 4844 4843
f 5194 5193 5195 5196
f 5194 5196 4880 4844
f 5196 5195 5197 5198
f 5196 5198 5199 4880
f 5199 5200 4881 4880
f 5199 5198 5201 5202
f 5199 5202 5203 5200
f 5203 5204 5205 5200
f 5203 5202 5206 5207
f 5203 5207 5208 5204
f 5208 5140 5138 5204
f 5208 5207 5209 5210
f 5208 5210 5142 5140
f 5210 5209 5211 5212
f 5210 5212 5144 5142
f 5212 5211 5213 5214
f 5212 5214 5146 5144
f 5214 5213 5215 5216
f 5214 5216 5217 5146
f 5217 5149 5147 5146
f 5217 5216 5218 5219
f 5217 5219 5220 5149
f 5220 5152 5150 5149
f 5220 5219 5163 5161
f 5220 5161 5159 5152
f 5219 5218 5165 5163
f 5218 5216 5215 5221
f 5218 5221 5222 5165
f 5222 5221 5223 5224
f 5222 5224 5225 5168
f 5222 5168 5166 5165
f 5225 5224 5226 5227
f 5225 5227 4908 5171
f 5225 5171 5169 5168
f 5227 5226 4899 4892
f 5227 4892 4891 4908
f 5226 5224 5223 5228
f 5226 5228 5229 4899
f 5229 5228 5230 5231
f 5229 5231 5232 5233
f 5229 5233 4897 4899
f 5233 5232 5234 5235
f 5233 5235 4898 4897
f 5235 5234 5236 5237
f 5235 5237 5238 4898
f 5238 5237 4867 4866
f 5238 4866 4870 5239
f 5238 5239 4893 4898
f 5239 4870 5240 5241
f 5239 5241 4894 4893
f 5241 5240 5242 5243
f 5241 5243 5244 4894
f 5244 5245 4895 4894
f 5244 5243 5246 5247
f 5244 5247 5248 5245
f 5248 5249 5250 5245
f 5248 5247 5251 5252
f 5248 5252 5253 5249
f 5253 5182 5180 5249
f 5253 5252 5254 5255
f 5253 5255 5184 5182
f 5255 5254 5256 5257
f 5255 5257 5186 5184
f 5257 5256 5258 5191
f 5257 5191 5188 5186
f 5258 5256 5259 5260
f 5258 5260 5261 5262
f 5258 5262 5192 5191
f 5262 5261 5263 5264
f 5262 5264 5193 5192
f 5264 5263 5265 5266
f 5264 5266 5195 5193
f 5266 5265 5267 5268
f 5266 5268 5197 5195
f 5268 5267 5269 5270
f 5268 5270 5271 5197
f 5271 5201 5198 5197
f 5271 5270 5272 5273
f 5271 5273 5274 5201
f 5274 5206 5202 5201
f 5274 5273 5275 5276
f 5274 5276 5277 5206
f 5277 5209 5207 5206
f 5277 5276 5278 5279
f 5277 5279 5211 5209
f 5279 5278 5280 5281
f 5279 5281 5213 5211
f 5281 5280 5230 5282
f 5281 5282 5215 5213
f 5282 5230 5228 5223
f 5282 5223 5221 5215
f 5280 5278 5283 5284
f 5280 5284 5231 5230
f 5284 5283 5285 5286
f 5284 5286 5232 5231
f 5286 5285 5287 5288
f 5286 5288 5234 5232
f 5288 5287 5289 5290
f 5288 5290 5236 5234
f 5290 5289 5291 4869
f 5290 4869 4868 5236
f 5291 5289 5292 5293
f 5291 5293 4886 4871
f 5291 4871 4792 4869
f 5293 5292 5294 5295
f 5293 5295 4883 4886
f 5295 5294 5296 5297
f 5295 5297 4884 4883
f 5297 5296 5298 5299
f 5297 5299 5300 4884
f 5300 5299 5301 4864
f 5300 4864 4855 4789
f 5300 4789 4852 4884
f 5301 5302 5303 4838
f 5301 4838 4837 4864
f 5301 5299 5298 5302
f 5303 5263 5261 5304
f 5303 5304 4839 4838
f 5303 5302 5265 5263
f 5304 5261 5260 5305
f 5304 5305 4841 4839
f 5305 5260 5259 5306
f 5305 5306 5307 4841
f 5307 5306 5308 5309
f 5307 5309 4853 4856
f 5307 4856 4840 4841
f 5309 5308 5310 5311
f 5309 5311 4854 4853
f 5311 5310 5246 5312
f 5311 5312 4887 4854
f 5312 5246 5243 5242
f 5312 5242 4888 4887
f 5310 5251 5247 5246
f 5310 5308 5313 5251
f 5313 5254 5252 5251
f 5313 5308 5306 5259
f 5313 5259 5256 5254
f 5302 5298 5267 5265
f 5298 5296 5269 5267
f 5296 5294 5314 5269
f 5314 5272 5270 5269
f 5314 5294 5292 5315
f 5314 5315 5316 5272
f 5316 5275 5273 5272
f 5316 5315 5287 5285
f 5316 5285 5283 5275
f 5315 5292 5289 5287
f 5283 5278 5276 5275
f 5250 5178 5176 4896
f 5250 4896 4895 5245
f 5250 5249 5180 5178
f 5242 5240 4873 4888
f 5240 4870 4792 4873
f 5237 5236 4868 4867
f 5205 5137 5136 4882
f 5205 4882 4881 5200
f 5205 5204 5138 5137
f 5176 5174 4890 4896
f 5174 4909 4891 4890
f 5172 5171 4908 4907
f 5159 5155 5153 5152
f 5136 5133 5131 5317
f 5136 5317 4848 4882
f 5317 5131 5129 5128
f 5317 5128 4845 4848
f 5128 5126 4846 4845
f 5090 5080 5076 5075
f 5079 4975 4905 4902
f 5079 4902 4901 5074
f 5079 5078 4976 4975
f 5070 4900 4904 5318
f 5070 5318 5065 5064
f 5070 5069 4901 4900
f 5318 4904 4914 4913
f 5318 4913 4828 5065
f 5065 4828 4827 5060
f 4973 4915 4903 4905
f 4959 4860 4859 4952
f 4942 4941 5319 4849
f 5319 4803 4810 4849
f 5319 4941 4863 4862
f 5319 4862 4804 4803
f 4937 4820 4819 4932
f 4915 4914 4904 4903
f 4913 4912 4829 4828
f 4912 4911 4830 4829
f 4889 4872 4885 4851
f 4889 4888 4873 4872
f 4886 4885 4872 4871
f 4862 4790 4805 4804
f 4810 4803 4802 4808
f 4809 4808 4802 4801
f 4787 4848 4845 4846
f 4865 4866 4867 4868
f 5320 5328 5329 5330
f 5320 5331 5332 5328
f 5320 5330 5333 5331
f 5321 5334 5335 5336
f 5321 5337 5338 5334
f 5321 5336 5339 5337
f 5322 5340 5341 5342
f 5322 5342 5343 5344
f 5322 5344 5345 5340
f 5323 5346 5347 5348
f 5323 5349 5350 5346
f 5323 5348 5351 5349
f 5324 5352 5353 5354
f 5324 5355 5356 5352
f 5324 5354 5357 5355
f 5325 5358 5359 5360
f 5325 5360 5361 5362
f 5325 5362 5363 5358
f 5326 5364 5365 5366
f 5326 5366 5367 5368
f 5326 5368 5369 5364
f 5327 5370 5371 5372
f 5327 5372 5373 5374
f 5327 5374 5375 5370
f 5375 5374 5376 5377
f 5375 5377 5378 5379
f 5375 5379 5380 5370
f 5380 5381 5371 5370
f 5380 5379 5382 5383
f 5380 5383 5384 5381
f 5384 5367 5385 5381
f 5384 5383 5386 5387
f 5384 5387 5368 5367
f 5387 5386 5388 5389
f 5387 5389 5369 5368
f 5389 5388 5390 5391
f 5389 5391 5392 5369
f 5392 5393 5364 5369
f 5392 5391 5394 5395
f 5392 5395 5396 5393
f 5396 5397 5398 5393
f 5396 5395 5399 5400
f 5396 5400 5401 5397
f 5401 5402 5403 5397
f 5401 5400 5404 5405
f 5401 5405 5406 5402
f 5406 5407 5408 5402
f 5406 5405 5409 5410
f 5406 5410 5411 5407
f 5411 5412 5413 5407
f 5411 5410 5414 5415
f 5411 5415 5416 5412
f 5416 5417 5418 5412
f 5416 5415 5419 5420
f 5416 5420 5421 5417
f 5421 5422 5423 5417
f 5421 5420 5424 5425
f 5421 5425 5426 5422
f 5426 5427 5428 5422
f 5426 5425 5429 5430
f 5426 5430 5431 5427
f 5431 5432 5433 5427
f 5431 5430 5434 5435
f 5431 5435 5436 5432
f 5436 5437 5438 5432
f 5436 5435 5439 5440
f 5436 5440 5441 5437
f 5441 5442 5443 5437
f 5441 5440 5444 5445
f 5441 5445 5446 5442
f 5446 5447 5448 5442
f 5446 5445 5449 5450
f 5446 5450 5451 5447
f 5451 5452 5453 5447
f 5451 5450 5454 5455
f 5451 5455 5456 5452
f 5456 5457 5458 5452
f 5456 5455 5459 5460
f 5456 5460 5461 5457
f 5461 5462 5463 5457
f 5461 5460 5464 5465
f 5461 5465 5466 5462
f 5466 5467 5468 5462
f 5466 5465 5469 5470
f 5466 5470 5471 5467
f 5471 5472 5473 5467
f 5471 5470 5474 5475
f 5471 5475 5476 5472
f 5476 5477 5478 5472
f 5476 5475 5479 5480
f 5476 5480 5481 5477
f 5481 5482 5483 5477
f 5481 5480 5484 5485
f 5481 5485 5486 5482
f 5486 5487 5488 5482
f 5486 5485 5489 5490
f 5486 5490 5491 5487
f 5491 5492 5493 5487
f 5491 5490 5494 5495
f 5491 5495 5496 5492
f 5496 5497 5498 5492
f 5496 5495 5499 5500
f 5496 5500 5501 5497
f 5501 5502 5503 5497
f 5501 5500 5345 5504
f 5501 5504 5505 5502
f 5505 5346 5350 5502
f 5505 5504 5506 5507
f 5505 5507 5347 5346
f 5507 5508 5509 5347
f 5507 5506 5510 5508
f 5510 5511 5512 5508
f 5510 5506 5344 5343
f 5510 5343 5513 5511
f 5513 5514 5515 5511
f 5513 5343 5342 5516
f 5513 5516 5517 5514
f 5517 5516 5518 5519
f 5517 5519 5520 5521
f 5517 5521 5522 5514
f 5522 5523 5524 5525
f 5522 5525 5515 5514
f 5522 5521 5526 5523
f 5526 5521 5520 5527
f 5526 5527 5528 5529
f 5526 5529 5530 5523
f 5530 5529 5531 5532
f 5530 5532 5533 5534
f 5530 5534 5524 5523
f 5534 5533 5535 5536
f 5534 5536 5537 5524
f 5537 5536 5538 5539
f 5537 5539 5540 5541
f 5537 5541 5525 5524
f 5541 5540 5542 5543
f 5541 5543 5515 5525
f 5543 5542 5544 5512
f 5543 5512 5511 5515
f 5544 5542 5545 5546
f 5544 5546 5547 5509
f 5544 5509 5508 5512
f 5547 5546 5548 5549
f 5547 5549 5351 5348
f 5547 5348 5347 5509
f 5549 5548 5550 5551
f 5549 5551 5552 5351
f 5552 5551 5553 5554
f 5552 5554 5555 5556
f 5552 5556 5349 5351
f 5556 5555 5557 5558
f 5556 5558 5350 5349
f 5558 5557 5559 5503
f 5558 5503 5502 5350
f 5559 5557 5560 5561
f 5559 5561 5562 5498
f 5559 5498 5497 5503
f 5562 5561 5563 5564
f 5562 5564 5565 5493
f 5562 5493 5492 5498
f 5565 5564 5566 5567
f 5565 5567 5568 5488
f 5565 5488 5487 5493
f 5568 5567 5569 5570
f 5568 5570 5571 5483
f 5568 5483 5482 5488
f 5571 5570 5572 5573
f 5571 5573 5574 5478
f 5571 5478 5477 5483
f 5574 5573 5575 5576
f 5574 5576 5577 5473
f 5574 5473 5472 5478
f 5577 5576 5578 5579
f 5577 5579 5580 5468
f 5577 5468 5467 5473
f 5580 5579 5581 5582
f 5580 5582 5583 5463
f 5580 5463 5462 5468
f 5583 5582 5584 5585
f 5583 5585 5586 5458
f 5583 5458 5457 5463
f 5586 5585 5587 5588
f 5586 5588 5589 5453
f 5586 5453 5452 5458
f 5589 5588 5590 5591
f 5589 5591 5592 5448
f 5589 5448 5447 5453
f 5592 5591 5593 5594
f 5592 5594 5595 5443
f 5592 5443 5442 5448
f 5595 5594 5596 5597
f 5595 5597 5598 5438
f 5595 5438 5437 5443
f 5598 5597 5599 5600
f 5598 5600 5601 5433
f 5598 5433 5432 5438
f 5601 5600 5602 5603
f 5601 5603 5604 5428
f 5601 5428 5427 5433
f 5604 5603 5605 5606
f 5604 5606 5607 5423
f 5604 5423 5422 5428
f 5607 5606 5608 5609
f 5607 5609 5610 5418
f 5607 5418 5417 5423
f 5610 5609 5611 5612
f 5610 5612 5613 5413
f 5610 5413 5412 5418
f 5613 5612 5614 5615
f 5613 5615 5616 5408
f 5613 5408 5407 5413
f 5616 5615 5617 5618
f 5616 5618 5619 5403
f 5616 5403 5402 5408
f 5619 5618 5620 5621
f 5619 5621 5365 5398
f 5619 5398 5397 5403
f 5621 5620 5622 5623
f 5621 5623 5366 5365
f 5623 5622 5624 5385
f 5623 5385 5367 5366
f 5624 5625 5372 5371
f 5624 5371 5381 5385
f 5624 5622 5626 5625
f 5626 5627 5628 5625
f 5626 5622 5620 5629
f 5626 5629 5630 5627
f 5630 5631 5632 5627
f 5630 5629 5617 5633
f 5630 5633 5634 5631
f 5634 5635 5636 5631
f 5634 5633 5614 5637
f 5634 5637 5638 5635
f 5638 5639 5640 5635
f 5638 5637 5611 5641
f 5638 5641 5642 5639
f 5642 5643 5644 5639
f 5642 5641 5608 5645
f 5642 5645 5646 5643
f 5646 5647 5648 5643
f 5646 5645 5605 5649
f 5646 5649 5650 5647
f 5650 5651 5652 5647
f 5650 5649 5602 5653
f 5650 5653 5654 5651
f 5654 5655 5656 5651
f 5654 5653 5599 5657
f 5654 5657 5658 5655
f 5658 5659 5660 5655
f 5658 5657 5596 5661
f 5658 5661 5662 5659
f 5662 5663 5664 5659
f 5662 5661 5593 5665
f 5662 5665 5666 5663
f 5666 5667 5668 5663
f 5666 5665 5590 5669
f 5666 5669 5670 5667
f 5670 5671 5672 5667
f 5670 5669 5587 5673
f 5670 5673 5674 5671
f 5674 5675 5676 5671
f 5674 5673 5584 5677
f 5674 5677 5678 5675
f 5678 5679 5680 5675
f 5678 5677 5581 5681
f 5678 5681 5682 5679
f 5682 5683 5684 5679
f 5682 5681 5578 5685
f 5682 5685 5686 5683
f 5686 5687 5688 5683
f 5686 5685 5575 5689
f 5686 5689 5690 5687
f 5690 5691 5692 5687
f 5690 5689 5572 5693
f 5690 5693 5694 5691
f 5694 5695 5696 5691
f 5694 5693 5569 5697
f 5694 5697 5698 5695
f 5698 5699 5700 5695
f 5698 5697 5566 5701
f 5698 5701 5702 5699
f 5702 5703 5704 5699
f 5702 5701 5563 5705
f 5702 5705 5706 5703
f 5706 5707 5708 5703
f 5706 5705 5560 5709
f 5706 5709 5710 5707
f 5710 5711 5712 5707
f 5710 5709 5555 5554
f 5710 5554 5553 5711
f 5712 5713 5714 5715
f 5712 5715 5708 5707
f 5712 5711 5716 5713
f 5716 5717 5718 5713
f 5716 5711 5553 5719
f 5716 5719 5720 5717
f 5720 5721 5722 5717
f 5720 5719 5550 5723
f 5720 5723 5724 5721
f 5724 5725 5726 5721
f 5724 5723 5727 5728
f 5724 5728 5729 5725
f 5729 5730 5731 5725
f 5729 5728 5732 5733
f 5729 5733 5734 5730
f 5734 5735 5736 5730
f 5734 5733 5539 5538
f 5734 5538 5737 5735
f 5737 5738 5739 5735
f 5737 5538 5536 5535
f 5737 5535 5740 5738
f 5740 5741 5742 5738
f 5740 5535 5533 5743
f 5740 5743 5744 5741
f 5744 5745 5746 5741
f 5744 5743 5747 5748
f 5744 5748 5749 5745
f 5749 5748 5750 5751
f 5749 5751 5752 5753
f 5749 5753 5754 5745
f 5754 5755 5756 5757
f 5754 5757 5746 5745
f 5754 5753 5758 5755
f 5758 5753 5752 5759
f 5758 5759 5760 5761
f 5758 5761 5762 5755
f 5762 5339 5763 5764
f 5762 5764 5756 5755
f 5762 5761 5337 5339
f 5764 5763 5765 5766
f 5764 5766 5767 5756
f 5767 5766 5768 5769
f 5767 5769 5770 5771
f 5767 5771 5757 5756
f 5771 5770 5772 5773
f 5771 5773 5746 5757
f 5773 5772 5774 5742
f 5773 5742 5741 5746
f 5774 5772 5775 5776
f 5774 5776 5777 5739
f 5774 5739 5738 5742
f 5777 5776 5778 5779
f 5777 5779 5780 5736
f 5777 5736 5735 5739
f 5780 5779 5781 5782
f 5780 5782 5783 5731
f 5780 5731 5730 5736
f 5783 5782 5784 5785
f 5783 5785 5786 5726
f 5783 5726 5725 5731
f 5786 5785 5787 5788
f 5786 5788 5789 5722
f 5786 5722 5721 5726
f 5789 5788 5790 5791
f 5789 5791 5792 5718
f 5789 5718 5717 5722
f 5792 5791 5793 5794
f 5792 5794 5795 5714
f 5792 5714 5713 5718
f 5795 5794 5796 5797
f 5795 5797 5798 5799
f 5795 5799 5715 5714
f 5799 5798 5800 5801
f 5799 5801 5708 5715
f 5801 5800 5802 5704
f 5801 5704 5703 5708
f 5802 5800 5803 5804
f 5802 5804 5805 5700
f 5802 5700 5699 5704
f 5805 5804 5806 5807
f 5805 5807 5808 5696
f 5805 5696 5695 5700
f 5808 5807 5809 5810
f 5808 5810 5811 5692
f 5808 5692 5691 5696
f 5811 5810 5812 5813
f 5811 5813 5814 5688
f 5811 5688 5687 5692
f 5814 5813 5815 5816
f 5814 5816 5817 5684
f 5814 5684 5683 5688
f 5817 5816 5818 5819
f 5817 5819 5820 5680
f 5817 5680 5679 5684
f 5820 5819 5821 5822
f 5820 5822 5823 5676
f 5820 5676 5675 5680
f 5823 5822 5824 5825
f 5823 5825 5826 5672
f 5823 5672 5671 5676
f 5826 5825 5827 5828
f 5826 5828 5829 5668
f 5826 5668 5667 5672
f 5829 5828 5830 5831
f 5829 5831 5832 5664
f 5829 5664 5663 5668
f 5832 5831 5833 5834
f 5832 5834 5835 5660
f 5832 5660 5659 5664
f 5835 5834 5836 5837
f 5835 5837 5838 5656
f 5835 5656 5655 5660
f 5838 5837 5839 5840
f 5838 5840 5841 5652
f 5838 5652 5651 5656
f 5841 5840 5842 5843
f 5841 5843 5844 5648
f 5841 5648 5647 5652
f 5844 5843 5845 5846
f 5844 5846 5847 5644
f 5844 5644 5643 5648
f 5847 5846 5848 5849
f 5847 5849 5850 5640
f 5847 5640 5639 5644
f 5850 5849 5851 5852
f 5850 5852 5853 5636
f 5850 5636 5635 5640
f 5853 5852 5854 5855
f 5853 5855 5856 5632
f 5853 5632 5631 5636
f 5856 5855 5857 5858
f 5856 5858 5373 5628
f 5856 5628 5627 5632
f 5858 5857 5859 5376
f 5858 5376 5374 5373
f 5859 5860 5861 5862
f 5859 5862 5377 5376
f 5859 5857 5863 5860
f 5863 5864 5865 5860
f 5863 5857 5855 5854
f 5863 5854 5866 5864
f 5866 5867 5868 5864
f 5866 5854 5852 5851
f 5866 5851 5869 5867
f 5869 5870 5871 5867
f 5869 5851 5849 5848
f 5869 5848 5872 5870
f 5872 5873 5874 5870
f 5872 5848 5846 5845
f 5872 5845 5875 5873
f 5875 5876 5877 5873
f 5875 5845 5843 5842
f 5875 5842 5878 5876
f 5878 5879 5880 5876
f 5878 5842 5840 5839
f 5878 5839 5881 5879
f 5881 5882 5883 5879
f 5881 5839 5837 5836
f 5881 5836 5884 5882
f 5884 5885 5886 5882
f 5884 5836 5834 5833
f 5884 5833 5887 5885
f 5887 5888 5889 5885
f 5887 5833 5831 5830
f 5887 5830 5890 5888
f 5890 5891 5892 5888
f 5890 5830 5828 5827
f 5890 5827 5893 5891
f 5893 5894 5895 5891
f 5893 5827 5825 5824
f 5893 5824 5896 5894
f 5896 5897 5898 5894
f 5896 5824 5822 5821
f 5896 5821 5899 5897
f 5899 5900 5901 5897
f 5899 5821 5819 5818
f 5899 5818 5902 5900
f 5902 5903 5904 5900
f 5902 5818 5816 5815
f 5902 5815 5905 5903
f 5905 5906 5907 5903
f 5905 5815 5813 5812
f 5905 5812 5908 5906
f 5908 5909 5910 5906
f 5908 5812 5810 5809
f 5908 5809 5911 5909
f 5911 5912 5913 5909
f 5911 5809 5807 5806
f 5911 5806 5914 5912
f 5914 5915 5916 5912
f 5914 5806 5804 5803
f 5914 5803 5917 5915
f 5917 5918 5919 5915
f 5917 5803 5800 5798
f 5917 5798 5797 5918
f 5919 5920 5921 5922
f 5919 5922 5916 5915
f 5919 5918 5923 5920
f 5923 5924 5925 5920
f 5923 5918 5797 5796
f 5923 5796 5926 5924
f 5926 5927 5928 5924
f 5926 5796 5794 5793
f 5926 5793 5929 5927
f 5929 5930 5931 5927
f 5929 5793 5791 5790
f 5929 5790 5932 5930
f 5932 5933 5934 5930
f 5932 5790 5788 5787
f 5932 5787 5935 5933
f 5935 5936 5937 5933
f 5935 5787 5785 5784
f 5935 5784 5938 5936
f 5938 5939 5940 5936
f 5938 5784 5782 5781
f 5938 5781 5941 5939
f 5941 5942 5943 5939
f 5941 5781 5779 5778
f 5941 5778 5944 5942
f 5944 5945 5946 5942
f 5944 5778 5776 5775
f 5944 5775 5947 5945
f 5947 5948 5949 5945
f 5947 5775 5772 5770
f 5947 5770 5769 5948
f 5949 5950 5951 5952
f 5949 5952 5946 5945
f 5949 5948 5953 5950
f 5953 5954 5955 5950
f 5953 5948 5769 5768
f 5953 5768 5956 5954
f 5956 5957 5958 5954
f 5956 5768 5766 5765
f 5956 5765 5959 5957
f 5959 5960 5961 5957
f 5959 5765 5763 5962
f 5959 5962 5963 5960
f 5963 5964 5965 5960
f 5963 5962 5336 5335
f 5963 5335 5966 5964
f 5966 5967 5968 5969
f 5966 5969 5970 5964
f 5966 5335 5334 5967
f 5970 5969 5971 5972
f 5970 5972 5973 5974
f 5970 5974 5965 5964
f 5974 5973 5353 5352
f 5974 5352 5356 5965
f 5973 5972 5975 5976
f 5973 5976 5977 5353
f 5977 5976 5978 5979
f 5977 5979 5980 5981
f 5977 5981 5354 5353
f 5981 5980 5982 5983
f 5981 5983 5357 5354
f 5983 5982 5984 5985
f 5983 5985 5986 5357
f 5986 5985 5987 5988
f 5986 5988 5958 5989
f 5986 5989 5355 5357
f 5989 5958 5957 5961
f 5989 5961 5356 5355
f 5988 5987 5990 5955
f 5988 5955 5954 5958
f 5990 5987 5991 5992
f 5990 5992 5993 5951
f 5990 5951 5950 5955
f 5993 5992 5994 5995
f 5993 5995 5996 5997
f 5993 5997 5952 5951
f 5997 5996 5998 5999
f 5997 5999 5946 5952
f 5999 5998 6000 5943
f 5999 5943 5942 5946
f 6000 5998 6001 6002
f 6000 6002 6003 5940
f 6000 5940 5939 5943
f 6003 6002 6004 6005
f 6003 6005 6006 5937
f 6003 5937 5936 5940
f 6006 6005 6007 6008
f 6006 6008 6009 5934
f 6006 5934 5933 5937
f 6009 6008 6010 6011
f 6009 6011 6012 5931
f 6009 5931 5930 5934
f 6012 6011 6013 6014
f 6012 6014 6015 5928
f 6012 5928 5927 5931
f 6015 6014 6016 6017
f 6015 6017 6018 5925
f 6015 5925 5924 5928
f 6018 6017 6019 6020
f 6018 6020 6021 5921
f 6018 5921 5920 5925
f 6021 6020 6022 6023
f 6021 6023 6024 6025
f 6021 6025 5922 5921
f 6025 6024 6026 6027
f 6025 6027 5916 5922
f 6027 6026 6028 5913
f 6027 5913 5912 5916
f 6028 6026 6029 6030
f 6028 6030 6031 5910
f 6028 5910 5909 5913
f 6031 6030 6032 6033
f 6031 6033 6034 5907
f 6031 5907 5906 5910
f 6034 6033 6035 6036
f 6034 6036 6037 5904
f 6034 5904 5903 5907
f 6037 6036 6038 6039
f 6037 6039 6040 5901
f 6037 5901 5900 5904
f 6040 6039 6041 6042
f 6040 6042 6043 5898
f 6040 5898 5897 5901
f 6043 6042 6044 6045
f 6043 6045 6046 5895
f 6043 5895 5894 5898
f 6046 6045 6047 6048
f 6046 6048 6049 5892
f 6046 5892 5891 5895
f 6049 6048 6050 6051
f 6049 6051 6052 5889
f 6049 5889 5888 5892
f 6052 6051 6053 6054
f 6052 6054 6055 5886
f 6052 5886 5885 5889
f 6055 6054 6056 6057
f 6055 6057 6058 5883
f 6055 5883 5882 5886
f 6058 6057 6059 6060
f 6058 6060 6061 5880
f 6058 5880 5879 5883
f 6061 6060 6062 6063
f 6061 6063 6064 5877
f 6061 5877 5876 5880
f 6064 6063 6065 6066
f 6064 6066 6067 5874
f 6064 5874 5873 5877
f 6067 6066 6068 6069
f 6067 6069 6070 5871
f 6067 5871 5870 5874
f 6070 6069 6071 6072
f 6070 6072 6073 5868
f 6070 5868 5867 5871
f 6073 6072 6074 6075
f 6073 6075 6076 5865
f 6073 5865 5864 5868
f 6076 5861 5860 5865
f 6076 6075 6077 6078
f 6076 6078 6079 5861
f 6079 6080 5862 5861
f 6079 6078 6081 6082
f 6079 6082 6083 6080
f 6083 6084 5378 6080
f 6083 6082 6085 6086
f 6083 6086 6087 6084
f 6087 6088 5382 6084
f 6087 6086 6089 6090
f 6087 6090 6091 6088
f 6091 5388 5386 6088
f 6091 6090 6092 6093
f 6091 6093 5390 5388
f 6093 6092 6094 6095
f 6093 6095 6096 5390
f 6096 5394 5391 5390
f 6096 6095 6097 6098
f 6096 6098 6099 5394
f 6099 5399 5395 5394
f 6099 6098 6100 6101
f 6099 6101 6102 5399
f 6102 5404 5400 5399
f 6102 6101 6103 6104
f 6102 6104 6105 5404
f 6105 5409 5405 5404
f 6105 6104 6106 6107
f 6105 6107 6108 5409
f 6108 5414 5410 5409
f 6108 6107 6109 6110
f 6108 6110 6111 5414
f 6111 5419 5415 5414
f 6111 6110 6112 6113
f 6111 6113 6114 5419
f 6114 5424 5420 5419
f 6114 6113 6115 6116
f 6114 6116 6117 5424
f 6117 5429 5425 5424
f 6117 6116 6118 6119
f 6117 6119 6120 5429
f 6120 5434 5430 5429
f 6120 6119 6121 6122
f 6120 6122 6123 5434
f 6123 5439 5435 5434
f 6123 6122 6124 6125
f 6123 6125 6126 5439
f 6126 5444 5440 5439
f 6126 6125 6127 6128
f 6126 6128 6129 5444
f 6129 5449 5445 5444
f 6129 6128 6130 6131
f 6129 6131 6132 5449
f 6132 5454 5450 5449
f 6132 6131 6133 6134
f 6132 6134 6135 5454
f 6135 5459 5455 5454
f 6135 6134 6136 6137
f 6135 6137 6138 5459
f 6138 5464 5460 5459
f 6138 6137 6139 6140
f 6138 6140 6141 5464
f 6141 5469 5465 5464
f 6141 6140 6142 6143
f 6141 6143 6144 5469
f 6144 5474 5470 5469
f 6144 6143 6145 6146
f 6144 6146 6147 5474
f 6147 5479 5475 5474
f 6147 6146 6148 6149
f 6147 6149 6150 5479
f 6150 5484 5480 5479
f 6150 6149 6151 6152
f 6150 6152 6153 5484
f 6153 5489 5485 5484
f 6153 6152 6154 6155
f 6153 6155 6156 5489
f 6156 5494 5490 5489
f 6156 6155 6157 6158
f 6156 6158 6159 5494
f 6159 5499 5495 5494
f 6159 6158 5518 5341
f 6159 5341 5340 5499
f 6158 6157 5519 5518
f 6157 6155 6154 6160
f 6157 6160 5520 5519
f 6160 6154 6161 6162
f 6160 6162 5527 5520
f 6162 6161 6163 6164
f 6162 6164 5528 5527
f 6164 6163 6165 6166
f 6164 6166 6167 5528
f 6167 6166 6168 6169
f 6167 6169 6170 5531
f 6167 5531 5529 5528
f 6170 6169 6171 5750
f 6170 5750 5748 5747
f 6170 5747 5532 5531
f 6171 6169 6168 6172
f 6171 6172 6173 6174
f 6171 6174 5751 5750
f 6174 6173 6175 6176
f 6174 6176 5752 5751
f 6176 6175 6177 6178
f 6176 6178 5759 5752
f 6178 6177 6179 6180
f 6178 6180 5760 5759
f 6180 6179 6181 6182
f 6180 6182 5338 5760
f 6182 6181 5968 5967
f 6182 5967 5334 5338
f 6181 6179 6183 6184
f 6181 6184 6185 5968
f 6185 6184 6186 6187
f 6185 6187 6188 5971
f 6185 5971 5969 5968
f 6188 6187 6189 6190
f 6188 6190 6191 5975
f 6188 5975 5972 5971
f 6191 6190 6192 6193
f 6191 6193 6194 5978
f 6191 5978 5976 5975
f 6194 6193 6195 6196
f 6194 6196 6197 6198
f 6194 6198 5979 5978
f 6198 6197 6199 6200
f 6198 6200 5980 5979
f 6200 6199 6201 6202
f 6200 6202 5982 5980
f 6202 6201 6203 6204
f 6202 6204 5984 5982
f 6204 6203 6205 6206
f 6204 6206 5991 5984
f 6206 6205 6207 5994
f 6206 5994 5992 5991
f 6207 6205 6208 6209
f 6207 6209 6210 6211
f 6207 6211 5995 5994
f 6211 6210 6212 6213
f 6211 6213 5996 5995
f 6213 6212 6214 6001
f 6213 6001 5998 5996
f 6214 6212 6215 6216
f 6214 6216 6217 6004
f 6214 6004 6002 6001
f 6217 6216 6218 6219
f 6217 6219 6220 6007
f 6217 6007 6005 6004
f 6220 6219 6221 6222
f 6220 6222 6223 6010
f 6220 6010 6008 6007
f 6223 6222 6224 6225
f 6223 6225 6226 6013
f 6223 6013 6011 6010
f 6226 6225 6227 6228
f 6226 6228 6229 6016
f 6226 6016 6014 6013
f 6229 6228 6230 6231
f 6229 6231 6232 6019
f 6229 6019 6017 6016
f 6232 6231 6233 6234
f 6232 6234 6235 6022
f 6232 6022 6020 6019
f 6235 6234 6236 6237
f 6235 6237 6238 6239
f 6235 6239 6023 6022
f 6239 6238 6240 6241
f 6239 6241 6024 6023
f 6241 6240 6242 6029
f 6241 6029 6026 6024
f 6242 6240 6243 6244
f 6242 6244 6245 6032
f 6242 6032 6030 6029
f 6245 6244 6246 6247
f 6245 6247 6248 6035
f 6245 6035 6033 6032
f 6248 6247 6249 6250
f 6248 6250 6251 6038
f 6248 6038 6036 6035
f 6251 6250 6252 6253
f 6251 6253 6254 6041
f 6251 6041 6039 6038
f 6254 6253 6255 6256
f 6254 6256 6257 6044
f 6254 6044 6042 6041
f 6257 6256 6258 6259
f 6257 6259 6260 6047
f 6257 6047 6045 6044
f 6260 6259 6261 6262
f 6260 6262 6263 6050
f 6260 6050 6048 6047
f 6263 6262 6264 6265
f 6263 6265 6266 6053
f 6263 6053 6051 6050
f 6266 6265 6267 6268
f 6266 6268 6269 6056
f 6266 6056 6054 6053
f 6269 6268 5359 6270
f 6269 6270 6271 6059
f 6269 6059 6057 6056
f 6271 6270 6272 6273
f 6271 6273 6274 6062
f 6271 6062 6060 6059
f 6274 6273 6275 6276
f 6274 6276 6277 6065
f 6274 6065 6063 6062
f 6277 6276 6278 6279
f 6277 6279 6280 6068
f 6277 6068 6066 6065
f 6280 6279 6281 6282
f 6280 6282 6283 6071
f 6280 6071 6069 6068
f 6283 6074 6072 6071
f 6283 6282 6284 6285
f 6283 6285 6286 6074
f 6286 6077 6075 6074
f 6286 6285 6287 6288
f 6286 6288 6289 6077
f 6289 6081 6078 6077
f 6289 6288 6290 6291
f 6289 6291 6292 6081
f 6292 6085 6082 6081
f 6292 6291 6293 6294
f 6292 6294 6295 6085
f 6295 6089 6086 6085
f 6295 6294 6296 6297
f 6295 6297 6298 6089
f 6298 6092 6090 6089
f 6298 6297 6299 6300
f 6298 6300 6094 6092
f 6300 6299 6301 6302
f 6300 6302 6303 6094
f 6303 6097 6095 6094
f 6303 6302 6304 6305
f 6303 6305 6306 6097
f 6306 6100 6098 6097
f 6306 6305 6307 6308
f 6306 6308 6309 6100
f 6309 6103 6101 6100
f 6309 6308 6310 6311
f 6309 6311 6312 6103
f 6312 6106 6104 6103
f 6312 6311 6313 6314
f 6312 6314 6315 6106
f 6315 6109 6107 6106
f 6315 6314 6316 6317
f 6315 6317 6318 6109
f 6318 6112 6110 6109
f 6318 6317 6319 6320
f 6318 6320 6321 6112
f 6321 6115 6113 6112
f 6321 6320 6322 6323
f 6321 6323 6324 6115
f 6324 6118 6116 6115
f 6324 6323 6325 6326
f 6324 6326 6327 6118
f 6327 6121 6119 6118
f 6327 6326 6328 6329
f 6327 6329 6330 6121
f 6330 6124 6122 6121
f 6330 6329 6331 6332
f 6330 6332 6333 6124
f 6333 6127 6125 6124
f 6333 6332 6334 6335
f 6333 6335 6336 6127
f 6336 6130 6128 6127
f 6336 6335 6337 6338
f 6336 6338 6339 6130
f 6339 6133 6131 6130
f 6339 6338 6340 6341
f 6339 6341 6342 6133
f 6342 6136 6134 6133
f 6342 6341 6343 6344
f 6342 6344 6345 6136
f 6345 6139 6137 6136
f 6345 6344 6346 6347
f 6345 6347 6348 6139
f 6348 6142 6140 6139
f 6348 6347 6349 6350
f 6348 6350 6351 6142
f 6351 6145 6143 6142
f 6351 6350 6352 6353
f 6351 6353 6354 6145
f 6354 6148 6146 6145
f 6354 6353 6355 6356
f 6354 6356 6357 6148
f 6357 6151 6149 6148
f 6357 6356 6165 6163
f 6357 6163 6161 6151
f 6356 6355 6358 6165
f 6358 6355 6359 6360
f 6358 6360 6172 6168
f 6358 6168 6166 6165
f 6360 6359 6361 6362
f 6360 6362 6173 6172
f 6362 6361 6363 6364
f 6362 6364 6175 6173
f 6364 6363 6365 6366
f 6364 6366 6177 6175
f 6366 6365 6367 6183
f 6366 6183 6179 6177
f 6367 6365 6368 6369
f 6367 6369 6370 6186
f 6367 6186 6184 6183
f 6370 6369 6371 6372
f 6370 6372 6373 6189
f 6370 6189 6187 6186
f 6373 6372 6374 6375
f 6373 6375 6376 6192
f 6373 6192 6190 6189
f 6376 6375 6377 6378
f 6376 6378 6379 6195
f 6376 6195 6193 6192
f 6379 6378 6380 6381
f 6379 6381 6382 6383
f 6379 6383 6196 6195
f 6383 6382 6384 6385
f 6383 6385 6197 6196
f 6385 6384 6386 6387
f 6385 6387 6199 6197
f 6387 6386 6388 6389
f 6387 6389 6201 6199
f 6389 6388 6390 6391
f 6389 6391 6203 6201
f 6391 6390 6392 6208
f 6391 6208 6205 6203
f 6392 6390 6393 6394
f 6392 6394 6395 6396
f 6392 6396 6209 6208
f 6396 6395 6397 6398
f 6396 6398 6210 6209
f 6398 6397 6399 6215
f 6398 6215 6212 6210
f 6399 6397 6400 6401
f 6399 6401 6402 6218
f 6399 6218 6216 6215
f 6402 6401 6403 6404
f 6402 6404 6405 6221
f 6402 6221 6219 6218
f 6405 6404 6406 6407
f 6405 6407 6408 6224
f 6405 6224 6222 6221
f 6408 6407 6409 6410
f 6408 6410 6411 6227
f 6408 6227 6225 6224
f 6411 6410 6412 6413
f 6411 6413 6414 6230
f 6411 6230 6228 6227
f 6414 6413 6415 6416
f 6414 6416 6417 6233
f 6414 6233 6231 6230
f 6417 6416 6418 6419
f 6417 6419 6420 6236
f 6417 6236 6234 6233
f 6420 6419 6421 6422
f 6420 6422 6423 6424
f 6420 6424 6237 6236
f 6424 6423 6425 6426
f 6424 6426 6238 6237
f 6426 6425 6427 6243
f 6426 6243 6240 6238
f 6427 6425 6428 6429
f 6427 6429 6430 6246
f 6427 6246 6244 6243
f 6430 6429 6431 6432
f 6430 6432 6433 6249
f 6430 6249 6247 6246
f 6433 6432 6434 6435
f 6433 6435 6436 6252
f 6433 6252 6250 6249
f 6436 6435 6437 6438
f 6436 6438 6439 6255
f 6436 6255 6253 6252
f 6439 6438 6440 6441
f 6439 6441 6442 6258
f 6439 6258 6256 6255
f 6442 6441 6443 6444
f 6442 6444 6445 6261
f 6442 6261 6259 6258
f 6445 6444 6446 6447
f 6445 6447 6448 6264
f 6445 6264 6262 6261
f 6448 6447 6449 5361
f 6448 5361 5360 6267
f 6448 6267 6265 6264
f 6449 6450 6451 6452
f 6449 6452 5362 5361
f 6449 6447 6446 6450
f 6452 6453 5363 5362
f 6452 6451 6454 6453
f 6454 6455 6456 6453
f 6454 6451 6457 6458
f 6454 6458 6459 6455
f 6459 6460 6461 6455
f 6459 6458 6462 6463
f 6459 6463 6464 6460
f 6464 6465 6466 6460
f 6464 6463 6467 6468
f 6464 6468 6469 6465
f 6469 6470 6471 6465
f 6469 6468 6472 6473
f 6469 6473 6474 6470
f 6474 6475 6476 6470
f 6474 6473 6477 6478
f 6474 6478 6479 6475
f 6479 6480 6481 6475
f 6479 6478 6482 6483
f 6479 6483 6484 6480
f 6484 6485 6486 6480
f 6484 6483 6487 6488
f 6484 6488 6489 6485
f 6489 6490 6491 6485
f 6489 6488 6492 6493
f 6489 6493 6494 6490
f 6494 6495 6496 6490
f 6494 6493 6497 6498
f 6494 6498 6499 6495
f 6499 6500 6501 6495
f 6499 6498 6502 6503
f 6499 6503 6504 6500
f 6504 6505 6506 6500
f 6504 6503 6507 6508
f 6504 6508 6509 6505
f 6509 6510 6511 6505
f 6509 6508 6512 6513
f 6509 6513 6514 6510
f 6514 6515 6516 6510
f 6514 6513 6517 6518
f 6514 6518 6519 6515
f 6519 6520 6521 6515
f 6519 6518 6522 6523
f 6519 6523 6524 6520
f 6524 6525 6526 6520
f 6524 6523 6527 6528
f 6524 6528 6529 6525
f 6529 6530 6531 6525
f 6529 6528 6532 6533
f 6529 6533 6534 6530
f 6534 6535 6536 6530
f 6534 6533 6537 6538
f 6534 6538 6539 6535
f 6539 6540 6541 6535
f 6539 6538 6542 6543
f 6539 6543 6544 6540
f 6544 6545 6546 6540
f 6544 6543 6547 6548
f 6544 6548 6549 6545
f 6549 6550 6551 6545
f 6549 6548 6382 6381
f 6549 6381 6380 6550
f 6551 6334 6332 6331
f 6551 6331 6546 6545
f 6551 6550 6552 6334
f 6552 6337 6335 6334
f 6552 6550 6380 6553
f 6552 6553 6554 6337
f 6554 6340 6338 6337
f 6554 6553 6377 6555
f 6554 6555 6556 6340
f 6556 6343 6341 6340
f 6556 6555 6374 6557
f 6556 6557 6558 6343
f 6558 6346 6344 6343
f 6558 6557 6371 6559
f 6558 6559 6560 6346
f 6560 6349 6347 6346
f 6560 6559 6368 6561
f 6560 6561 6562 6349
f 6562 6352 6350 6349
f 6562 6561 6363 6361
f 6562 6361 6359 6352
f 6561 6368 6365 6363
f 6559 6371 6369 6368
f 6557 6374 6372 6371
f 6555 6377 6375 6374
f 6553 6380 6378 6377
f 6548 6547 6384 6382
f 6547 6543 6542 6563
f 6547 6563 6386 6384
f 6563 6542 6564 6565
f 6563 6565 6388 6386
f 6565 6564 6566 6393
f 6565 6393 6390 6388
f 6566 6564 6537 6567
f 6566 6567 6568 6569
f 6566 6569 6394 6393
f 6569 6568 6570 6571
f 6569 6571 6395 6394
f 6571 6570 6572 6400
f 6571 6400 6397 6395
f 6572 6570 6573 6574
f 6572 6574 6575 6403
f 6572 6403 6401 6400
f 6575 6574 6576 6577
f 6575 6577 6578 6406
f 6575 6406 6404 6403
f 6578 6577 6579 6580
f 6578 6580 6581 6409
f 6578 6409 6407 6406
f 6581 6580 6582 6583
f 6581 6583 6584 6412
f 6581 6412 6410 6409
f 6584 6583 6585 6586
f 6584 6586 6587 6415
f 6584 6415 6413 6412
f 6587 6586 6588 6589
f 6587 6589 6590 6418
f 6587 6418 6416 6415
f 6590 6589 6591 6592
f 6590 6592 6593 6421
f 6590 6421 6419 6418
f 6593 6592 6594 6595
f 6593 6595 6596 6597
f 6593 6597 6422 6421
f 6597 6596 6598 6599
f 6597 6599 6423 6422
f 6599 6598 6600 6428
f 6599 6428 6425 6423
f 6600 6598 6601 6602
f 6600 6602 6603 6431
f 6600 6431 6429 6428
f 6603 6602 6604 6605
f 6603 6605 6606 6434
f 6603 6434 6432 6431
f 6606 6605 6607 6608
f 6606 6608 6609 6437
f 6606 6437 6435 6434
f 6609 6608 6610 6611
f 6609 6611 6612 6440
f 6609 6440 6438 6437
f 6612 6611 5330 5329
f 6612 5329 6613 6443
f 6612 6443 6441 6440
f 6613 5329 5328 6614
f 6613 6614 6450 6446
f 6613 6446 6444 6443
f 6614 5328 5332 6457
f 6614 6457 6451 6450
f 6611 6610 5333 5330
f 6610 6615 6616 5333
f 6610 6608 6607 6615
f 6616 6617 6467 6618
f 6616 6618 5331 5333
f 6616 6615 6619 6617
f 6619 6620 6472 6617
f 6619 6615 6607 6621
f 6619 6621 6622 6620
f 6622 6623 6477 6620
f 6622 6621 6604 6624
f 6622 6624 6625 6623
f 6625 6626 6482 6623
f 6625 6624 6601 6627
f 6625 6627 6628 6626
f 6628 6629 6487 6626
f 6628 6627 6596 6595
f 6628 6595 6594 6629
f 6629 6492 6488 6487
f 6629 6594 6630 6492
f 6630 6497 6493 6492
f 6630 6594 6592 6591
f 6630 6591 6631 6497
f 6631 6502 6498 6497
f 6631 6591 6589 6588
f 6631 6588 6632 6502
f 6632 6507 6503 6502
f 6632 6588 6586 6585
f 6632 6585 6633 6507
f 6633 6512 6508 6507
f 6633 6585 6583 6582
f 6633 6582 6634 6512
f 6634 6517 6513 6512
f 6634 6582 6580 6579
f 6634 6579 6635 6517
f 6635 6522 6518 6517
f 6635 6579 6577 6576
f 6635 6576 6636 6522
f 6636 6527 6523 6522
f 6636 6576 6574 6573
f 6636 6573 6637 6527
f 6637 6532 6528 6527
f 6637 6573 6570 6568
f 6637 6568 6567 6532
f 6627 6601 6598 6596
f 6626 6487 6483 6482
f 6624 6604 6602 6601
f 6623 6482 6478 6477
f 6621 6607 6605 6604
f 6620 6477 6473 6472
f 6618 6467 6463 6462
f 6618 6462 5332 5331
f 6617 6472 6468 6467
f 6567 6537 6533 6532
f 6564 6542 6538 6537
f 6546 6331 6329 6328
f 6546 6328 6541 6540
f 6541 6328 6326 6325
f 6541 6325 6536 6535
f 6536 6325 6323 6322
f 6536 6322 6531 6530
f 6531 6322 6320 6319
f 6531 6319 6526 6525
f 6526 6319 6317 6316
f 6526 6316 6521 6520
f 6521 6316 6314 6313
f 6521 6313 6516 6515
f 6516 6313 6311 6310
f 6516 6310 6511 6510
f 6511 6310 6308 6307
f 6511 6307 6506 6505
f 6506 6307 6305 6304
f 6506 6304 6501 6500
f 6501 6304 6302 6301
f 6501 6301 6496 6495
f 6496 6301 6299 6638
f 6496 6638 6491 6490
f 6638 6299 6297 6296
f 6638 6296 6639 6491
f 6639 6296 6294 6293
f 6639 6293 6640 6486
f 6639 6486 6485 6491
f 6640 6293 6291 6290
f 6640 6290 6641 6481
f 6640 6481 6480 6486
f 6641 6290 6288 6287
f 6641 6287 6642 6476
f 6641 6476 6475 6481
f 6642 6287 6285 6284
f 6642 6284 6643 6471
f 6642 6471 6470 6476
f 6643 6284 6282 6281
f 6643 6281 6644 6466
f 6643 6466 6465 6471
f 6644 6281 6279 6278
f 6644 6278 6645 6461
f 6644 6461 6460 6466
f 6645 6456 6455 6461
f 6645 6278 6276 6275
f 6645 6275 6646 6456
f 6646 5363 6453 6456
f 6646 6275 6273 6272
f 6646 6272 5358 5363
f 6462 6458 6457 5332
f 6359 6355 6353 6352
f 6272 6270 5359 5358
f 6268 6267 5360 5359
f 6161 6154 6152 6151
f 6088 5386 5383 5382
f 6084 5382 5379 5378
f 6080 5378 5377 5862
f 5991 5987 5985 5984
f 5965 5356 5961 5960
f 5962 5763 5339 5336
f 5761 5760 5338 5337
f 5747 5743 5533 5532
f 5733 5732 5540 5539
f 5732 5728 5727 5545
f 5732 5545 5542 5540
f 5727 5723 5550 5548
f 5727 5548 5546 5545
f 5719 5553 5551 5550
f 5709 5560 5557 5555
f 5705 5563 5561 5560
f 5701 5566 5564 5563
f 5697 5569 5567 5566
f 5693 5572 5570 5569
f 5689 5575 5573 5572
f 5685 5578 5576 5575
f 5681 5581 5579 5578
f 5677 5584 5582 5581
f 5673 5587 5585 5584
f 5669 5590 5588 5587
f 5665 5593 5591 5590
f 5661 5596 5594 5593
f 5657 5599 5597 5596
f 5653 5602 5600 5599
f 5649 5605 5603 5602
f 5645 5608 5606 5605
f 5641 5611 5609 5608
f 5637 5614 5612 5611
f 5633 5617 5615 5614
f 5629 5620 5618 5617
f 5628 5373 5372 5625
f 5518 5516 5342 5341
f 5506 5504 5345 5344
f 5500 5499 5340 5345
f 5398 5365 5364 5393
f 6647 6655 6656 6657
f 6647 6657 6658 6659
f 6647 6659 6660 6655
f 6648 6661 6662 6663
f 6648 6664 6665 6661
f 6648 6663 6666 6664
f 6649 6667 6668 6669
f 6649 6670 6671 6667
f 6649 6669 6672 6670
f 6650 6673 6674 6675
f 6650 6675 6676 6677
f 6650 6677 6678 6673
f 6651 6679 6680 6681
f 6651 6681 6682 6683
f 6651 6683 6684 6679
f 6652 6685 6686 6676
f 6652 6676 6675 6687
f 6652 6687 6688 6685
f 6653 6666 6663 6689
f 6653 6690 6691 6666
f 6653 6689 6692 6690
f 6654 6693 6694 6695
f 6654 6696 6697 6693
f 6654 6695 6698 6696
f 6698 6695 6699 6700
f 6698 6700 6701 6702
f 6698 6702 6703 6696
f 6703 6702 6704 6705
f 6703 6705 6706 6707
f 6703 6707 6697 6696
f 6707 6706 6708 6709
f 6707 6709 6710 6697
f 6710 6711 6693 6697
f 6710 6709 6712 6713
f 6710 6713 6714 6711
f 6714 6715 6716 6711
f 6714 6713 6717 6718
f 6714 6718 6719 6715
f 6719 6720 6672 6715
f 6719 6718 6721 6722
f 6719 6722 6723 6720
f 6723 6724 6725 6720
f 6723 6722 6726 6727
f 6723 6727 6728 6724
f 6728 6727 6729 6730
f 6728 6730 6731 6732
f 6728 6732 6733 6724
f 6733 6732 6734 6735
f 6733 6735 6736 6737
f 6733 6737 6725 6724
f 6737 6736 6738 6671
f 6737 6671 6670 6725
f 6738 6736 6739 6740
f 6738 6740 6741 6742
f 6738 6742 6667 6671
f 6742 6741 6700 6699
f 6742 6699 6668 6667
f 6741 6740 6743 6744
f 6741 6744 6701 6700
f 6744 6743 6745 6746
f 6744 6746 6747 6701
f 6747 6746 6748 6656
f 6747 6656 6655 6704
f 6747 6704 6702 6701
f 6748 6746 6745 6749
f 6748 6749 6750 6751
f 6748 6751 6657 6656
f 6751 6750 6752 6753
f 6751 6753 6658 6657
f 6753 6752 6684 6683
f 6753 6683 6682 6658
f 6752 6750 6754 6755
f 6752 6755 6756 6684
f 6756 6755 6757 6758
f 6756 6758 6759 6760
f 6756 6760 6679 6684
f 6760 6761 6680 6679
f 6760 6759 6762 6761
f 6762 6763 6764 6761
f 6762 6759 6765 6766
f 6762 6766 6767 6763
f 6767 6768 6769 6763
f 6767 6766 6770 6771
f 6767 6771 6772 6768
f 6772 6773 6774 6768
f 6772 6771 6775 6776
f 6772 6776 6777 6773
f 6777 6778 6779 6773
f 6777 6776 6780 6781
f 6777 6781 6782 6778
f 6782 6783 6784 6778
f 6782 6781 6785 6786
f 6782 6786 6787 6783
f 6787 6685 6688 6783
f 6787 6786 6788 6789
f 6787 6789 6686 6685
f 6789 6788 6790 6791
f 6789 6791 6792 6686
f 6792 6677 6676 6686
f 6792 6791 6793 6794
f 6792 6794 6678 6677
f 6794 6793 6795 6796
f 6794 6796 6731 6678
f 6796 6795 6797 6734
f 6796 6734 6732 6731
f 6797 6795 6798 6799
f 6797 6799 6800 6801
f 6797 6801 6735 6734
f 6801 6800 6802 6739
f 6801 6739 6736 6735
f 6802 6800 6803 6804
f 6802 6804 6745 6743
f 6802 6743 6740 6739
f 6804 6803 6805 6806
f 6804 6806 6749 6745
f 6806 6805 6807 6754
f 6806 6754 6750 6749
f 6807 6805 6808 6809
f 6807 6809 6810 6757
f 6807 6757 6755 6754
f 6810 6809 6811 6812
f 6810 6812 6813 6814
f 6810 6814 6758 6757
f 6814 6813 6815 6765
f 6814 6765 6759 6758
f 6815 6813 6691 6690
f 6815 6690 6692 6770
f 6815 6770 6766 6765
f 6813 6812 6816 6691
f 6816 6817 6665 6664
f 6816 6664 6666 6691
f 6816 6812 6811 6817
f 6817 6818 6819 6665
f 6817 6811 6820 6818
f 6820 6821 6822 6818
f 6820 6811 6809 6808
f 6820 6808 6823 6821
f 6823 6799 6798 6821
f 6823 6808 6805 6803
f 6823 6803 6800 6799
f 6822 6824 6790 6825
f 6822 6825 6819 6818
f 6822 6821 6798 6824
f 6825 6790 6788 6826
f 6825 6826 6827 6819
f 6827 6826 6785 6828
f 6827 6828 6662 6661
f 6827 6661 6665 6819
f 6828 6785 6781 6780
f 6828 6780 6829 6662
f 6829 6780 6776 6775
f 6829 6775 6692 6689
f 6829 6689 6663 6662
f 6826 6788 6786 6785
f 6824 6793 6791 6790
f 6824 6798 6795 6793
f 6784 6830 6831 6832
f 6784 6832 6779 6778
f 6784 6783 6688 6830
f 6832 6831 6833 6834
f 6832 6834 6835 6779
f 6835 6834 6836 6837
f 6835 6837 6838 6774
f 6835 6774 6773 6779
f 6838 6837 6839 6840
f 6838 6840 6841 6769
f 6838 6769 6768 6774
f 6841 6840 6842 6843
f 6841 6843 6844 6764
f 6841 6764 6763 6769
f 6844 6843 6845 6846
f 6844 6846 6681 6680
f 6844 6680 6761 6764
f 6846 6845 6847 6848
f 6846 6848 6682 6681
f 6848 6847 6660 6659
f 6848 6659 6658 6682
f 6847 6706 6705 6660
f 6847 6845 6708 6706
f 6845 6843 6842 6708
f 6842 6712 6709 6708
f 6842 6840 6839 6712
f 6839 6717 6713 6712
f 6839 6837 6836 6717
f 6836 6721 6718 6717
f 6836 6834 6833 6721
f 6833 6726 6722 6721
f 6833 6831 6849 6726
f 6849 6729 6727 6726
f 6849 6831 6830 6850
f 6849 6850 6674 6729
f 6850 6830 6688 6687
f 6850 6687 6675 6674
f 6775 6771 6770 6692
f 6731 6730 6673 6678
f 6730 6729 6674 6673
f 6725 6670 6672 6720
f 6716 6669 6668 6694
f 6716 6694 6693 6711
f 6716 6715 6672 6669
f 6705 6704 6655 6660
f 6699 6695 6694 6668
f 6851 6859 6860 6861
f 6851 6861 6862 6863
f 6851 6863 6864 6859
f 6852 6865 6866 6867
f 6852 6868 6869 6865
f 6852 6867 6870 6868
f 6853 6871 6872 6873
f 6853 6874 6875 6871
f 6853 6873 6876 6874
f 6854 6877 6878 6879
f 6854 6879 6880 6881
f 6854 6881 6882 6877
f 6855 6883 6884 6885
f 6855 6885 6886 6887
f 6855 6887 6888 6883
f 6856 6889 6890 6891
f 6856 6891 6892 6893
f 6856 6893 6894 6889
f 6857 6895 6896 6897
f 6857 6897 6880 6898
f 6857 6898 6899 6895
f 6858 6895 6899 6900
f 6858 6900 6901 6902
f 6858 6902 6896 6895
f 6902 6903 6904 6896
f 6902 6901 6905 6903
f 6905 6906 6907 6908
f 6905 6908 6909 6903
f 6905 6901 6910 6906
f 6910 6911 6912 6906
f 6910 6901 6900 6913
f 6910 6913 6914 6911
f 6914 6915 6916 6911
f 6914 6913 6917 6918
f 6914 6918 6919 6915
f 6919 6920 6921 6915
f 6919 6918 6922 6923
f 6919 6923 6924 6920
f 6924 6925 6926 6920
f 6924 6923 6927 6928
f 6924 6928 6929 6925
f 6929 6930 6931 6925
f 6929 6928 6932 6933
f 6929 6933 6934 6930
f 6934 6875 6935 6930
f 6934 6933 6936 6937
f 6934 6937 6871 6875
f 6937 6936 6938 6939
f 6937 6939 6872 6871
f 6939 6938 6940 6941
f 6939 6941 6942 6872
f 6942 6943 6873 6872
f 6942 6941 6944 6945
f 6942 6945 6946 6943
f 6946 6947 6948 6943
f 6946 6945 6949 6950
f 6946 6950 6951 6947
f 6951 6952 6953 6947
f 6951 6950 6954 6955
f 6951 6955 6956 6952
f 6956 6887 6886 6952
f 6956 6955 6870 6957
f 6956 6957 6888 6887
f 6957 6870 6867 6958
f 6957 6958 6959 6888
f 6959 6958 6960 6961
f 6959 6961 6962 6963
f 6959 6963 6883 6888
f 6963 6962 6964 6965
f 6963 6965 6884 6883
f 6965 6964 6966 6967
f 6965 6967 6890 6884
f 6967 6966 6968 6969
f 6967 6969 6891 6890
f 6969 6968 6970 6971
f 6969 6971 6892 6891
f 6971 6970 6935 6972
f 6971 6972 6973 6892
f 6973 6974 6893 6892
f 6973 6972 6874 6876
f 6973 6876 6948 6974
f 6974 6948 6947 6953
f 6974 6953 6894 6893
f 6972 6935 6875 6874
f 6970 6968 6975 6931
f 6970 6931 6930 6935
f 6975 6968 6966 6976
f 6975 6976 6977 6926
f 6975 6926 6925 6931
f 6977 6976 6978 6979
f 6977 6979 6980 6921
f 6977 6921 6920 6926
f 6980 6979 6981 6982
f 6980 6982 6983 6916
f 6980 6916 6915 6921
f 6983 6982 6984 6985
f 6983 6985 6986 6912
f 6983 6912 6911 6916
f 6986 6985 6860 6987
f 6986 6987 6988 6907
f 6986 6907 6906 6912
f 6988 6989 6990 6991
f 6988 6991 6908 6907
f 6988 6987 6992 6989
f 6992 6993 6994 6989
f 6992 6987 6860 6859
f 6992 6859 6864 6993
f 6994 6995 6996 6997
f 6994 6997 6990 6989
f 6994 6993 6998 6995
f 6998 6869 6999 6995
f 6998 6993 6864 7000
f 6998 7000 6865 6869
f 7000 6864 6863 7001
f 7000 7001 6866 6865
f 7001 6863 6862 7002
f 7001 7002 6960 6866
f 7002 6862 7003 7004
f 7002 7004 6961 6960
f 7004 7003 6981 7005
f 7004 7005 6962 6961
f 7005 6981 6979 6978
f 7005 6978 6964 6962
f 7003 6862 6861 6984
f 7003 6984 6982 6981
f 6999 6954 6950 6949
f 6999 6949 6996 6995
f 6999 6869 6868 6954
f 6997 6996 6944 7006
f 6997 7006 7007 6990
f 7007 7006 6940 7008
f 7007 7008 7009 7010
f 7007 7010 6991 6990
f 7010 7009 7011 6909
f 7010 6909 6908 6991
f 7011 7009 7012 7013
f 7011 7013 7014 6904
f 7011 6904 6903 6909
f 7014 7013 6882 6881
f 7014 6881 6880 6897
f 7014 6897 6896 6904
f 7013 7012 7015 6882
f 7015 7016 6932 7017
f 7015 7017 6877 6882
f 7015 7012 7018 7016
f 7018 6938 6936 7016
f 7018 7012 7009 7008
f 7018 7008 6940 6938
f 7017 6932 6928 6927
f 7017 6927 6878 6877
f 7016 6936 6933 6932
f 7006 6944 6941 6940
f 6996 6949 6945 6944
f 6985 6984 6861 6860
f 6978 6976 6966 6964
f 6960 6958 6867 6866
f 6955 6954 6868 6870
f 6953 6952 6886 6894
f 6948 6876 6873 6943
f 6927 6923 6922 6878
f 6922 6918 6917 7019
f 6922 7019 6879 6878
f 7019 6917 6899 6898
f 7019 6898 6880 6879
f 6917 6913 6900 6899
f 6894 6886 6885 6889
f 6890 6889 6885 6884
f 7020 7023 7024 7025
f 7020 7025 7026 7027
f 7020 7027 7028 7023
f 7021 7029 7030 7031
f 7021 7031 7032 7033
f 7021 7033 7034 7029
f 7022 7030 7029 7043
f 7022 7044 7045 7030
f 7022 7043 7046 7044
f 7023 7028 7047 7024
f 7047 7028 7048 7049
f 7047 7049 7050 7051
f 7047 7051 7052 7024
f 7052 7053 7025 7024
f 7052 7051 7054 7055
f 7052 7055 7056 7053
f 7056 7057 7058 7053
f 7056 7055 7059 7060
f 7056 7060 7061 7057
f 7061 7060 7062 7063
f 7061 7063 7064 7065
f 7061 7065 7066 7057
f 7066 7065 7067 7068
f 7066 7068 7069 7070
f 7066 7070 7058 7057
f 7070 7069 7071 7072
f 7070 7072 7026 7058
f 7072 7071 7073 7074
f 7072 7074 7027 7026
f 7074 7073 7075 7048
f 7074 7048 7028 7027
f 7075 7073 7076 7077
f 7075 7077 7078 7079
f 7075 7079 7049 7048
f 7079 7078 7080 7081
f 7079 7081 7050 7049
f 7081 7080 7082 7083
f 7081 7083 7084 7050
f 7084 7054 7051 7050
f 7084 7083 7085 7086
f 7084 7086 7087 7054
f 7087 7059 7055 7054
f 7087 7086 7088 7089
f 7087 7089 7090 7059
f 7090 7062 7060 7059
f 7090 7089 7091 7034
f 7090 7034 7033 7062
f 7091 7089 7088 7092
f 7091 7092 7046 7043
f 7091 7043 7029 7034
f 7092 7088 7093 7094
f 7092 7094 7095 7046
f 7095 7094 7096 7097
f 7095 7097 7098 7099
f 7095 7099 7044 7046
f 7099 7098 7100 7101
f 7099 7101 7045 7044
f 7101 7100 7102 7103
f 7101 7103 7104 7045
f 7104 7031 7030 7045
f 7104 7103 7105 7106
f 7104 7106 7032 7031
f 7106 7105 7107 7064
f 7106 7064 7063 7032
f 7107 7105 7108 7109
f 7107 7109 7110 7067
f 7107 7067 7065 7064
f 7110 7109 7111 7112
f 7110 7112 7113 7114
f 7110 7114 7068 7067
f 7114 7113 7115 7116
f 7114 7116 7069 7068
f 7116 7115 7117 7118
f 7116 7118 7071 7069
f 7118 7117 7119 7076
f 7118 7076 7073 7071
f 7119 7117 7120 7121
f 7119 7121 7122 7123
f 7119 7123 7077 7076
f 7123 7122 7124 7125
f 7123 7125 7078 7077
f 7125 7124 7126 7127
f 7125 7127 7080 7078
f 7127 7126 7128 7129
f 7127 7129 7082 7080
f 7129 7128 7130 7131
f 7129 7131 7132 7082
f 7132 7085 7083 7082
f 7132 7131 7133 7134
f 7132 7134 7093 7085
f 7134 7133 7135 7096
f 7134 7096 7094 7093
f 7135 7133 7136 7137
f 7135 7137 7138 7139
f 7135 7139 7097 7096
f 7139 7138 7140 7141
f 7139 7141 7098 7097
f 7141 7140 7142 7143
f 7141 7143 7100 7098
f 7143 7142 7144 7145
f 7143 7145 7102 7100
f 7145 7144 7146 7147
f 7145 7147 7108 7102
f 7147 7146 7148 7111
f 7147 7111 7109 7108
f 7148 7146 7149 7150
f 7148 7150 7151 7152
f 7148 7152 7112 7111
f 7152 7151 7153 7154
f 7152 7154 7113 7112
f 7154 7153 7155 7156
f 7154 7156 7115 7113
f 7156 7155 7157 7120
f 7156 7120 7117 7115
f 7157 7155 7158 7159
f 7157 7159 7160 7161
f 7157 7161 7121 7120
f 7161 7160 7162 7163
f 7161 7163 7122 7121
f 7163 7162 7164 7165
f 7163 7165 7124 7122
f 7165 7164 7166 7167
f 7165 7167 7126 7124
f 7167 7166 7168 7169
f 7167 7169 7128 7126
f 7169 7168 7170 7171
f 7169 7171 7130 7128
f 7171 7170 7172 7173
f 7171 7173 7136 7130
f 7173 7172 7174 7175
f 7173 7175 7137 7136
f 7175 7174 7176 7177
f 7175 7177 7138 7137
f 7177 7176 7178 7179
f 7177 7179 7140 7138
f 7179 7178 7180 7181
f 7179 7181 7142 7140
f 7181 7180 7182 7183
f 7181 7183 7144 7142
f 7183 7182 7184 7149
f 7183 7149 7146 7144
f 7184 7182 7185 7186
f 7184 7186 7187 7188
f 7184 7188 7150 7149
f 7188 7187 7189 7190
f 7188 7190 7151 7150
f 7190 7189 7191 7192
f 7190 7192 7153 7151
f 7192 7191 7193 7158
f 7192 7158 7155 7153
f 7193 7191 7194 7195
f 7193 7195 7196 7197
f 7193 7197 7159 7158
f 7197 7196 7198 7199
f 7197 7199 7160 7159
f 7199 7198 7200 7201
f 7199 7201 7162 7160
f 7201 7200 7202 7203
f 7201 7203 7164 7162
f 7203 7202 7204 7205
f 7203 7205 7166 7164
f 7205 7204 7206 7207
f 7205 7207 7168 7166
f 7207 7206 7208 7209
f 7207 7209 7170 7168
f 7209 7208 7210 7211
f 7209 7211 7172 7170
f 7211 7210 7212 7213
f 7211 7213 7174 7172
f 7213 7212 7214 7215
f 7213 7215 7176 7174
f 7215 7214 7216 7217
f 7215 7217 7178 7176
f 7217 7216 7218 7219
f 7217 7219 7180 7178
f 7219 7218 7220 7185
f 7219 7185 7182 7180
f 7220 7218 7221 7222
f 7220 7222 7223 7224
f 7220 7224 7186 7185
f 7224 7223 7225 7226
f 7224 7226 7187 7186
f 7226 7225 7227 7228
f 7226 7228 7189 7187
f 7228 7227 7229 7194
f 7228 7194 7191 7189
f 7229 7227 7230 7231
f 7229 7231 7232 7233
f 7229 7233 7195 7194
f 7233 7232 7234 7235
f 7233 7235 7196 7195
f 7235 7234 7236 7237
f 7235 7237 7198 7196
f 7237 7236 7238 7239
f 7237 7239 7200 7198
f 7239 7238 7240 7241
f 7239 7241 7202 7200
f 7241 7240 7242 7243
f 7241 7243 7204 7202
f 7243 7242 7244 7245
f 7243 7245 7206 7204
f 7245 7244 7246 7247
f 7245 7247 7208 7206
f 7247 7246 7248 7249
f 7247 7249 7210 7208
f 7249 7248 7250 7251
f 7249 7251 7212 7210
f 7251 7250 7252 7253
f 7251 7253 7214 7212
f 7253 7252 7254 7255
f 7253 7255 7216 7214
f 7255 7254 7256 7221
f 7255 7221 7218 7216
f 7256 7254 7257 7258
f 7256 7258 7259 7260
f 7256 7260 7222 7221
f 7260 7259 7261 7262
f 7260 7262 7223 7222
f 7262 7261 7036 7263
f 7262 7263 7225 7223
f 7263 7036 7035 7230
f 7263 7230 7227 7225
f 7261 7259 7264 7265
f 7261 7265 7037 7036
f 7265 7266 7038 7037
f 7265 7264 7267 7266
f 7267 7234 7232 7266
f 7267 7264 7268 7269
f 7267 7269 7236 7234
f 7269 7268 7270 7271
f 7269 7271 7238 7236
f 7271 7270 7272 7273
f 7271 7273 7240 7238
f 7273 7272 7274 7275
f 7273 7275 7242 7240
f 7275 7274 7039 7042
f 7275 7042 7244 7242
f 7274 7276 7040 7039
f 7274 7272 7277 7276
f 7277 7252 7250 7276
f 7277 7272 7270 7257
f 7277 7257 7254 7252
f 7276 7250 7248 7040
f 7270 7268 7258 7257
f 7268 7264 7259 7258
f 7266 7232 7231 7038
f 7248 7246 7041 7040
f 7246 7244 7042 7041
f 7231 7230 7035 7038
f 7136 7133 7131 7130
f 7108 7105 7103 7102
f 7093 7088 7086 7085
f 7063 7062 7033 7032
f 7058 7026 7025 7053
f 7035 7036 7037 7038
f 7039 7040 7041 7042
f 7278 7284 7285 7286
f 7278 7286 7287 7279
f 7278 7279 7288 7284
f 7279 7287 7289 7288
f 7280 7290 7291 7292
f 7280 7293 7294 7290
f 7280 7292 7295 7293
f 7281 7300 7301 7302
f 7281 7302 7303 7304
f 7281 7304 7305 7300
f 7282 7306 7307 7308
f 7282 7308 7309 7310
f 7282 7310 7311 7306
f 7283 7312 7285 7313
f 7283 7314 7315 7312
f 7283 7313 7316 7314
f 7316 7313 7317 7318
f 7316 7318 7319 7320
f 7316 7320 7321 7314
f 7321 7322 7315 7314
f 7321 7320 7300 7305
f 7321 7305 7323 7322
f 7323 7324 7325 7322
f 7323 7305 7304 7326
f 7323 7326 7327 7324
f 7327 7328 7329 7324
f 7327 7326 7330 7299
f 7327 7299 7298 7328
f 7330 7326 7304 7303
f 7330 7303 7331 7332
f 7330 7332 7296 7299
f 7332 7331 7290 7294
f 7332 7294 7297 7296
f 7331 7303 7302 7333
f 7331 7333 7291 7290
f 7333 7302 7301 7334
f 7333 7334 7335 7291
f 7335 7334 7336 7307
f 7335 7307 7306 7337
f 7335 7337 7292 7291
f 7337 7306 7311 7338
f 7337 7338 7295 7292
f 7338 7311 7339 7340
f 7338 7340 7341 7295
f 7341 7340 7342 7329
f 7341 7329 7328 7343
f 7341 7343 7293 7295
f 7343 7328 7298 7297
f 7343 7297 7294 7293
f 7342 7340 7339 7344
f 7342 7344 7345 7325
f 7342 7325 7324 7329
f 7345 7344 7346 7347
f 7345 7347 7312 7315
f 7345 7315 7322 7325
f 7347 7346 7287 7286
f 7347 7286 7285 7312
f 7346 7348 7289 7287
f 7346 7344 7339 7348
f 7348 7310 7309 7289
f 7348 7339 7311 7310
f 7336 7319 7318 7349
f 7336 7349 7308 7307
f 7336 7334 7301 7319
f 7349 7318 7317 7350
f 7349 7350 7309 7308
f 7350 7317 7284 7288
f 7350 7288 7289 7309
f 7320 7319 7301 7300
f 7317 7313 7285 7284
f 7296 7297 7298 7299
f 7351 7361 7362 7363
f 7351 7364 7365 7361
f 7351 7363 7366 7364
f 7352 7367 7368 7369
f 7352 7369 7370 7371
f 7352 7371 7372 7367
f 7353 7373 7374 7375
f 7353 7375 7376 7377
f 7353 7377 7378 7373
f 7354 7379 7380 7381
f 7354 7356 7382 7383
f 7354 7355 7384 7356
f 7354 7381 7385 7355
f 7354 7383 7386 7379
f 7355 7385 7387 7384
f 7356 7384 7388 7382
f 7357 7389 7390 7391
f 7357 7391 7392 7393
f 7357 7393 7394 7389
f 7358 7395 7396 7397
f 7358 7398 7399 7395
f 7358 7397 7400 7398
f 7359 7401 7402 7403
f 7359 7403 7404 7405
f 7359 7405 7406 7401
f 7360 7407 7408 7409
f 7360 7409 7410 7411
f 7360 7411 7412 7407
f 7412 7413 7414 7407
f 7412 7411 7415 7416
f 7412 7416 7417 7413
f 7417 7418 7419 7413
f 7417 7416 7420 7421
f 7417 7421 7422 7418
f 7422 7423 7424 7418
f 7422 7421 7425 7426
f 7422 7426 7427 7423
f 7427 7428 7429 7423
f 7427 7426 7430 7431
f 7427 7431 7432 7428
f 7432 7433 7434 7435
f 7432 7435 7436 7428
f 7432 7431 7437 7433
f 7437 7431 7430 7438
f 7437 7438 7439 7440
f 7437 7440 7370 7433
f 7440 7439 7441 7442
f 7440 7442 7371 7370
f 7442 7441 7443 7444
f 7442 7444 7372 7371
f 7444 7443 7402 7401
f 7444 7401 7406 7372
f 7443 7441 7445 7446
f 7443 7446 7447 7402
f 7447 7446 7448 7449
f 7447 7449 7450 7451
f 7447 7451 7403 7402
f 7451 7450 7452 7453
f 7451 7453 7404 7403
f 7453 7452 7454 7455
f 7453 7455 7456 7404
f 7456 7457 7405 7404
f 7456 7455 7458 7459
f 7456 7459 7460 7457
f 7460 7459 7461 7462
f 7460 7462 7463 7464
f 7460 7464 7465 7457
f 7465 7406 7405 7457
f 7465 7464 7368 7367
f 7465 7367 7372 7406
f 7464 7463 7466 7368
f 7466 7463 7467 7468
f 7466 7468 7435 7434
f 7466 7434 7369 7368
f 7468 7467 7469 7470
f 7468 7470 7436 7435
f 7470 7469 7471 7472
f 7470 7472 7473 7436
f 7473 7472 7474 7475
f 7473 7475 7476 7429
f 7473 7429 7428 7436
f 7476 7475 7477 7478
f 7476 7478 7479 7424
f 7476 7424 7423 7429
f 7479 7478 7480 7481
f 7479 7481 7482 7419
f 7479 7419 7418 7424
f 7482 7481 7483 7484
f 7482 7484 7485 7414
f 7482 7414 7413 7419
f 7485 7484 7486 7487
f 7485 7487 7488 7408
f 7485 7408 7407 7414
f 7488 7487 7489 7490
f 7488 7490 7491 7492
f 7488 7492 7409 7408
f 7492 7491 7493 7494
f 7492 7494 7410 7409
f 7494 7493 7495 7496
f 7494 7496 7497 7410
f 7497 7415 7411 7410
f 7497 7496 7498 7499
f 7497 7499 7500 7415
f 7500 7420 7416 7415
f 7500 7499 7501 7502
f 7500 7502 7503 7420
f 7503 7425 7421 7420
f 7503 7502 7504 7505
f 7503 7505 7506 7425
f 7506 7430 7426 7425
f 7506 7505 7507 7508
f 7506 7508 7438 7430
f 7508 7507 7509 7510
f 7508 7510 7439 7438
f 7510 7509 7511 7445
f 7510 7445 7441 7439
f 7511 7509 7512 7513
f 7511 7513 7514 7448
f 7511 7448 7446 7445
f 7514 7513 7515 7516
f 7514 7516 7517 7518
f 7514 7518 7449 7448
f 7518 7517 7519 7520
f 7518 7520 7450 7449
f 7520 7519 7521 7522
f 7520 7522 7452 7450
f 7522 7521 7523 7524
f 7522 7524 7454 7452
f 7524 7523 7525 7526
f 7524 7526 7527 7454
f 7527 7458 7455 7454
f 7527 7526 7528 7529
f 7527 7529 7530 7458
f 7530 7461 7459 7458
f 7530 7529 7531 7532
f 7530 7532 7533 7461
f 7533 7532 7534 7535
f 7533 7535 7536 7537
f 7533 7537 7462 7461
f 7537 7536 7469 7467
f 7537 7467 7463 7462
f 7536 7535 7538 7539
f 7536 7539 7471 7469
f 7539 7538 7540 7541
f 7539 7541 7542 7471
f 7542 7541 7543 7544
f 7542 7544 7545 7474
f 7542 7474 7472 7471
f 7545 7544 7546 7547
f 7545 7547 7548 7477
f 7545 7477 7475 7474
f 7548 7547 7549 7550
f 7548 7550 7551 7480
f 7548 7480 7478 7477
f 7551 7550 7552 7553
f 7551 7553 7554 7483
f 7551 7483 7481 7480
f 7554 7553 7555 7556
f 7554 7556 7557 7486
f 7554 7486 7484 7483
f 7557 7556 7558 7559
f 7557 7559 7560 7489
f 7557 7489 7487 7486
f 7560 7559 7561 7562
f 7560 7562 7563 7564
f 7560 7564 7490 7489
f 7564 7563 7565 7566
f 7564 7566 7491 7490
f 7566 7565 7567 7568
f 7566 7568 7493 7491
f 7568 7567 7569 7570
f 7568 7570 7495 7493
f 7570 7569 7571 7572
f 7570 7572 7573 7495
f 7573 7498 7496 7495
f 7573 7572 7574 7575
f 7573 7575 7576 7498
f 7576 7501 7499 7498
f 7576 7575 7577 7578
f 7576 7578 7579 7501
f 7579 7504 7502 7501
f 7579 7578 7580 7581
f 7579 7581 7582 7504
f 7582 7507 7505 7504
f 7582 7581 7583 7512
f 7582 7512 7509 7507
f 7583 7581 7580 7584
f 7583 7584 7585 7515
f 7583 7515 7513 7512
f 7585 7584 7586 7587
f 7585 7587 7588 7589
f 7585 7589 7516 7515
f 7589 7588 7590 7591
f 7589 7591 7517 7516
f 7591 7590 7592 7593
f 7591 7593 7519 7517
f 7593 7592 7594 7595
f 7593 7595 7521 7519
f 7595 7594 7596 7597
f 7595 7597 7523 7521
f 7597 7596 7598 7599
f 7597 7599 7525 7523
f 7599 7598 7600 7601
f 7599 7601 7602 7525
f 7602 7528 7526 7525
f 7602 7601 7603 7604
f 7602 7604 7605 7528
f 7605 7531 7529 7528
f 7605 7604 7606 7607
f 7605 7607 7608 7531
f 7608 7607 7609 7610
f 7608 7610 7611 7534
f 7608 7534 7532 7531
f 7611 7610 7612 7613
f 7611 7613 7540 7538
f 7611 7538 7535 7534
f 7613 7612 7392 7614
f 7613 7614 7615 7540
f 7615 7614 7616 7617
f 7615 7617 7618 7543
f 7615 7543 7541 7540
f 7618 7617 7619 7620
f 7618 7620 7621 7546
f 7618 7546 7544 7543
f 7621 7620 7622 7623
f 7621 7623 7624 7549
f 7621 7549 7547 7546
f 7624 7623 7625 7626
f 7624 7626 7627 7552
f 7624 7552 7550 7549
f 7627 7626 7628 7629
f 7627 7629 7630 7555
f 7627 7555 7553 7552
f 7630 7629 7631 7632
f 7630 7632 7633 7558
f 7630 7558 7556 7555
f 7633 7632 7634 7635
f 7633 7635 7636 7561
f 7633 7561 7559 7558
f 7636 7635 7637 7638
f 7636 7638 7639 7640
f 7636 7640 7562 7561
f 7640 7639 7641 7642
f 7640 7642 7563 7562
f 7642 7641 7643 7644
f 7642 7644 7565 7563
f 7644 7643 7645 7646
f 7644 7646 7567 7565
f 7646 7645 7647 7648
f 7646 7648 7569 7567
f 7648 7647 7649 7650
f 7648 7650 7571 7569
f 7650 7649 7651 7652
f 7650 7652 7653 7571
f 7653 7574 7572 7571
f 7653 7652 7654 7655
f 7653 7655 7656 7574
f 7656 7577 7575 7574
f 7656 7655 7657 7658
f 7656 7658 7659 7577
f 7659 7580 7578 7577
f 7659 7658 7660 7586
f 7659 7586 7584 7580
f 7660 7658 7657 7661
f 7660 7661 7662 7663
f 7660 7663 7587 7586
f 7663 7662 7664 7665
f 7663 7665 7588 7587
f 7665 7664 7666 7667
f 7665 7667 7590 7588
f 7667 7666 7668 7669
f 7667 7669 7592 7590
f 7669 7668 7670 7671
f 7669 7671 7594 7592
f 7671 7670 7672 7673
f 7671 7673 7596 7594
f 7673 7672 7674 7675
f 7673 7675 7598 7596
f 7675 7674 7676 7677
f 7675 7677 7600 7598
f 7677 7676 7678 7679
f 7677 7679 7680 7600
f 7680 7603 7601 7600
f 7680 7679 7681 7682
f 7680 7682 7683 7603
f 7683 7606 7604 7603
f 7683 7682 7684 7685
f 7683 7685 7686 7606
f 7686 7609 7607 7606
f 7686 7685 7687 7688
f 7686 7688 7689 7609
f 7689 7612 7610 7609
f 7689 7688 7394 7393
f 7689 7393 7392 7612
f 7688 7687 7690 7394
f 7690 7687 7691 7692
f 7690 7692 7693 7694
f 7690 7694 7389 7394
f 7694 7693 7695 7696
f 7694 7696 7390 7389
f 7696 7695 7697 7698
f 7696 7698 7699 7390
f 7699 7616 7391 7390
f 7699 7698 7700 7619
f 7699 7619 7617 7616
f 7700 7698 7697 7701
f 7700 7701 7702 7622
f 7700 7622 7620 7619
f 7702 7701 7703 7704
f 7702 7704 7705 7625
f 7702 7625 7623 7622
f 7705 7704 7706 7707
f 7705 7707 7708 7628
f 7705 7628 7626 7625
f 7708 7707 7709 7710
f 7708 7710 7711 7631
f 7708 7631 7629 7628
f 7711 7710 7712 7713
f 7711 7713 7714 7634
f 7711 7634 7632 7631
f 7714 7713 7715 7716
f 7714 7716 7717 7637
f 7714 7637 7635 7634
f 7717 7716 7362 7361
f 7717 7361 7365 7718
f 7717 7718 7638 7637
f 7718 7365 7719 7720
f 7718 7720 7639 7638
f 7720 7719 7721 7722
f 7720 7722 7641 7639
f 7722 7721 7723 7724
f 7722 7724 7643 7641
f 7724 7723 7725 7726
f 7724 7726 7645 7643
f 7726 7725 7727 7728
f 7726 7728 7647 7645
f 7728 7727 7729 7730
f 7728 7730 7649 7647
f 7730 7729 7731 7732
f 7730 7732 7651 7649
f 7732 7731 7733 7734
f 7732 7734 7735 7651
f 7735 7654 7652 7651
f 7735 7734 7736 7737
f 7735 7737 7738 7654
f 7738 7657 7655 7654
f 7738 7737 7739 7740
f 7738 7740 7661 7657
f 7740 7739 7741 7742
f 7740 7742 7662 7661
f 7742 7741 7743 7744
f 7742 7744 7664 7662
f 7744 7743 7745 7746
f 7744 7746 7666 7664
f 7746 7745 7400 7747
f 7746 7747 7668 7666
f 7747 7400 7397 7748
f 7747 7748 7670 7668
f 7748 7397 7396 7749
f 7748 7749 7672 7670
f 7749 7396 7750 7751
f 7749 7751 7674 7672
f 7751 7750 7752 7753
f 7751 7753 7676 7674
f 7753 7752 7754 7755
f 7753 7755 7678 7676
f 7755 7754 7756 7757
f 7755 7757 7758 7678
f 7758 7681 7679 7678
f 7758 7757 7759 7760
f 7758 7760 7761 7681
f 7761 7684 7682 7681
f 7761 7760 7762 7763
f 7761 7763 7691 7684
f 7763 7762 7764 7765
f 7763 7765 7692 7691
f 7765 7764 7766 7767
f 7765 7767 7693 7692
f 7767 7766 7768 7769
f 7767 7769 7695 7693
f 7769 7768 7770 7771
f 7769 7771 7697 7695
f 7771 7770 7772 7703
f 7771 7703 7701 7697
f 7772 7770 7773 7774
f 7772 7774 7775 7706
f 7772 7706 7704 7703
f 7775 7774 7776 7777
f 7775 7777 7778 7709
f 7775 7709 7707 7706
f 7778 7777 7779 7780
f 7778 7780 7781 7712
f 7778 7712 7710 7709
f 7781 7780 7378 7377
f 7781 7377 7376 7715
f 7781 7715 7713 7712
f 7780 7779 7782 7378
f 7782 7779 7783 7784
f 7782 7784 7785 7786
f 7782 7786 7373 7378
f 7786 7785 7787 7788
f 7786 7788 7374 7373
f 7788 7787 7789 7790
f 7788 7790 7366 7374
f 7790 7789 7791 7792
f 7790 7792 7364 7366
f 7792 7719 7365 7364
f 7792 7791 7721 7719
f 7791 7789 7793 7794
f 7791 7794 7723 7721
f 7794 7793 7795 7796
f 7794 7796 7725 7723
f 7796 7795 7797 7798
f 7796 7798 7727 7725
f 7798 7797 7799 7800
f 7798 7800 7729 7727
f 7800 7799 7801 7802
f 7800 7802 7731 7729
f 7802 7801 7379 7386
f 7802 7386 7733 7731
f 7801 7803 7380 7379
f 7801 7799 7804 7803
f 7804 7805 7806 7803
f 7804 7799 7797 7807
f 7804 7807 7808 7805
f 7808 7809 7810 7805
f 7808 7807 7811 7812
f 7808 7812 7813 7809
f 7813 7814 7815 7809
f 7813 7812 7816 7817
f 7813 7817 7818 7814
f 7818 7819 7820 7814
f 7818 7817 7784 7783
f 7818 7783 7776 7819
f 7820 7821 7822 7823
f 7820 7823 7815 7814
f 7820 7819 7773 7821
f 7823 7822 7824 7825
f 7823 7825 7826 7815
f 7826 7825 7827 7828
f 7826 7828 7829 7810
f 7826 7810 7809 7815
f 7829 7828 7830 7831
f 7829 7831 7832 7806
f 7829 7806 7805 7810
f 7832 7831 7833 7834
f 7832 7834 7381 7380
f 7832 7380 7803 7806
f 7834 7833 7835 7836
f 7834 7836 7385 7381
f 7836 7835 7837 7838
f 7836 7838 7387 7385
f 7838 7837 7839 7840
f 7838 7840 7841 7387
f 7841 7842 7843 7388
f 7841 7388 7384 7387
f 7841 7840 7844 7842
f 7844 7845 7846 7842
f 7844 7840 7839 7399
f 7844 7399 7398 7845
f 7846 7743 7741 7847
f 7846 7847 7843 7842
f 7846 7845 7745 7743
f 7847 7741 7739 7848
f 7847 7848 7849 7843
f 7849 7848 7736 7850
f 7849 7850 7383 7382
f 7849 7382 7388 7843
f 7850 7736 7734 7733
f 7850 7733 7386 7383
f 7848 7739 7737 7736
f 7845 7398 7400 7745
f 7839 7851 7395 7399
f 7839 7837 7852 7851
f 7852 7752 7750 7851
f 7852 7837 7835 7853
f 7852 7853 7754 7752
f 7853 7835 7833 7854
f 7853 7854 7756 7754
f 7854 7833 7831 7830
f 7854 7830 7855 7756
f 7855 7759 7757 7756
f 7855 7830 7828 7827
f 7855 7827 7856 7759
f 7856 7762 7760 7759
f 7856 7827 7825 7824
f 7856 7824 7764 7762
f 7851 7750 7396 7395
f 7824 7822 7766 7764
f 7822 7821 7768 7766
f 7821 7773 7770 7768
f 7819 7776 7774 7773
f 7817 7816 7785 7784
f 7816 7812 7811 7857
f 7816 7857 7787 7785
f 7857 7811 7795 7793
f 7857 7793 7789 7787
f 7811 7807 7797 7795
f 7783 7779 7777 7776
f 7716 7715 7376 7362
f 7691 7687 7685 7684
f 7616 7614 7392 7391
f 7434 7433 7370 7369
f 7376 7375 7363 7362
f 7375 7374 7366 7363
f 7858 7866 7867 7868
f 7858 7869 7870 7866
f 7858 7868 7871 7872
f 7858 7873 7874 7869
f 7858 7872 7875 7873
f 7859 7878 7879 7880
f 7859 7881 7882 7878
f 7859 7880 7883 7881
f 7860 7884 7885 7886
f 7860 7887 7888 7884
f 7860 7886 7889 7887
f 7861 7873 7875 7890
f 7861 7891 7874 7873
f 7861 7890 7892 7891
f 7862 7893 7888 7887
f 7862 7887 7889 7894
f 7862 7894 7895 7893
f 7863 7885 7896 7897
f 7863 7898 7886 7885
f 7863 7897 7899 7898
f 7864 7900 7865 7901
f 7864 7902 7903 7900
f 7864 7901 7904 7902
f 7865 7905 7892 7901
f 7865 7900 7882 7905
f 7905 7882 7881 7906
f 7905 7906 7891 7892
f 7906 7881 7883 7907
f 7906 7907 7874 7891
f 7907 7883 7908 7909
f 7907 7909 7869 7874
f 7909 7908 7910 7911
f 7909 7911 7870 7869
f 7911 7910 7912 7913
f 7911 7913 7914 7870
f 7914 7915 7866 7870
f 7914 7913 7888 7893
f 7914 7893 7895 7915
f 7915 7876 7867 7866
f 7915 7895 7916 7876
f 7916 7917 7918 7919
f 7916 7919 7877 7876
f 7916 7895 7894 7917
f 7919 7918 7920 7871
f 7919 7871 7868 7877
f 7920 7921 7922 7923
f 7920 7923 7872 7871
f 7920 7918 7924 7921
f 7924 7899 7925 7921
f 7924 7918 7917 7926
f 7924 7926 7898 7899
f 7926 7917 7894 7889
f 7926 7889 7886 7898
f 7925 7927 7928 7929
f 7925 7929 7922 7921
f 7925 7899 7897 7927
f 7929 7928 7879 7930
f 7929 7930 7931 7922
f 7931 7930 7903 7902
f 7931 7902 7904 7932
f 7931 7932 7923 7922
f 7932 7904 7890 7875
f 7932 7875 7872 7923
f 7930 7879 7878 7903
f 7928 7933 7880 7879
f 7928 7927 7934 7933
f 7934 7910 7908 7933
f 7934 7927 7897 7896
f 7934 7896 7912 7910
f 7933 7908 7883 7880
f 7913 7912 7884 7888
f 7912 7896 7885 7884
f 7904 7901 7892 7890
f 7903 7878 7882 7900
f 7867 7876 7877 7868
f 7935 7949 7950 7951
f 7935 7952 7953 7954
f 7935 7954 7955 7949
f 7935 7956 7957 7952
f 7935 7951 7958 7956
f 7936 7959 7960 7961
f 7936 7962 7963 7959
f 7936 7964 7965 7962
f 7936 7966 7967 7964
f 7936 7961 7968 7966
f 7937 7969 7970 7971
f 7937 7972 7973 7969
f 7937 7971 7974 7972
f 7938 7975 7976 7977
f 7938 7978 7979 7975
f 7938 7977 7980 7978
f 7939 7981 7982 7983
f 7939 7983 7984 7985
f 7939 7985 7986 7981
f 7940 7990 7991 7992
f 7940 7993 7994 7990
f 7940 7992 7995 7993
f 7941 7996 7997 7998
f 7941 7999 7967 7996
f 7941 7998 8000 7999
f 7942 8001 8002 8003
f 7942 8003 8004 8005
f 7942 8005 8006 8001
f 7943 8007 8008 8009
f 7943 8010 8011 8007
f 7943 8009 8012 8010
f 7944 8013 8014 8015
f 7944 8016 8017 8018
f 7944 8018 8019 8013
f 7944 8020 8021 8016
f 7944 8015 8022 8020
f 7945 8023 8024 8025
f 7945 8025 8026 8027
f 7945 8027 8028 8023
f 7946 8029 8030 8031
f 7946 8031 8020 8022
f 7946 8022 8028 8029
f 7947 8032 8033 8034
f 8036 8037 8032 7947
f 7947 8034 8035 8036
f 7948 8038 8039 8040
f 7948 8041 8042 8038
f 7948 8040 8043 8041
f 8043 8040 8044 8045
f 8043 8045 8046 8047
f 8043 8047 8048 8041
f 8048 8049 8042 8041
f 8048 8047 8050 8051
f 8048 8051 8052 8049
f 8052 8053 8054 8049
f 8052 8051 8055 8056
f 8052 8056 8057 8053
f 8057 8058 8059 8053
f 8057 8056 8060 8061
f 8057 8061 8062 8058
f 8062 8063 8064 8058
f 8062 8061 8065 8066
f 8062 8066 8067 8063
f 8067 8068 8069 8063
f 8067 8066 8070 8071
f 8067 8071 8072 8068
f 8072 8073 8074 8068
f 8072 8071 8075 8076
f 8072 8076 8077 8073
f 8077 8078 8079 8073
f 8077 8076 8080 8081
f 8077 8081 8082 8078
f 8082 8083 8084 8078
f 8082 8081 8085 8086
f 8082 8086 8087 8083
f 8087 8088 8089 8083
f 8087 8086 8090 8091
f 8087 8091 8092 8088
f 8092 8093 8094 8088
f 8092 8091 8095 8096
f 8092 8096 8097 8093
f 8097 8098 8099 8093
f 8097 8096 8100 8101
f 8097 8101 8102 8098
f 8102 8103 8104 8098
f 8102 8101 8105 8106
f 8102 8106 8107 8103
f 8107 7986 8108 8103
f 8107 8106 8109 8110
f 8107 8110 7981 7986
f 8110 8109 8111 8112
f 8110 8112 7982 7981
f 8112 8111 8113 8114
f 8112 8114 8115 7982
f 8115 8116 7983 7982
f 8115 8114 8117 8118
f 8115 8118 8119 8116
f 8119 8120 8121 8116
f 8119 8118 8122 8123
f 8119 8123 8124 8120
f 8124 8123 8125 8126
f 8124 8126 8127 8128
f 8124 8128 8129 8120
f 8129 8128 8130 8131
f 8129 8131 8132 8133
f 8129 8133 8121 8120
f 8133 8132 8134 8135
f 8133 8135 7984 8121
f 8135 8134 8136 8137
f 8135 8137 7985 7984
f 8137 8136 8138 8108
f 8137 8108 7986 7985
f 8138 8136 8007 8011
f 8138 8011 8139 8104
f 8138 8104 8103 8108
f 8139 8011 8010 8140
f 8139 8140 8141 8099
f 8139 8099 8098 8104
f 8141 8140 8142 8143
f 8141 8143 8144 8094
f 8141 8094 8093 8099
f 8144 8143 8145 8146
f 8144 8146 8147 8089
f 8144 8089 8088 8094
f 8147 8146 8148 8149
f 8147 8149 8150 8084
f 8147 8084 8083 8089
f 8150 8149 8151 8152
f 8150 8152 8153 8079
f 8150 8079 8078 8084
f 8153 8152 8154 8155
f 8153 8155 8156 8074
f 8153 8074 8073 8079
f 8156 8155 8157 8158
f 8156 8158 8159 8069
f 8156 8069 8068 8074
f 8159 8158 8160 8161
f 8159 8161 8162 8064
f 8159 8064 8063 8069
f 8162 8161 8037 8163
f 8162 8163 8164 8059
f 8162 8059 8058 8064
f 8164 8163 8165 8166
f 8164 8166 8167 8054
f 8164 8054 8053 8059
f 8167 8166 8168 8169
f 8167 8169 8038 8042
f 8167 8042 8049 8054
f 8169 8168 8170 8171
f 8169 8171 8039 8038
f 8171 8170 8172 8173
f 8171 8173 8174 8039
f 8174 8173 8175 8176
f 8174 8176 8177 8044
f 8174 8044 8040 8039
f 8177 8176 8178 8179
f 8177 8179 8180 8181
f 8177 8181 8045 8044
f 8181 8180 7989 8182
f 8181 8182 8046 8045
f 8182 7989 7988 8183
f 8182 8183 8184 8046
f 8184 8050 8047 8046
f 8184 8183 7949 7955
f 8184 7955 8185 8050
f 8185 8055 8051 8050
f 8185 7955 7954 8186
f 8185 8186 8187 8055
f 8187 8060 8056 8055
f 8187 8186 8188 8189
f 8187 8189 8190 8060
f 8190 8065 8061 8060
f 8190 8189 8191 8192
f 8190 8192 8193 8065
f 8193 8070 8066 8065
f 8193 8192 8194 8195
f 8193 8195 8196 8070
f 8196 8075 8071 8070
f 8196 8195 7969 7973
f 8196 7973 8197 8075
f 8197 8080 8076 8075
f 8197 7973 7972 8198
f 8197 8198 8199 8080
f 8199 8085 8081 8080
f 8199 8198 7960 7959
f 8199 7959 7963 8085
f 8198 7972 7974 7960
f 8195 8194 7970 7969
f 8194 8192 8191 8200
f 8194 8200 8201 7970
f 8201 8200 8202 8203
f 8201 8203 8204 8205
f 8201 8205 7971 7970
f 8205 8206 7974 7971
f 8205 8204 8207 8206
f 8207 7968 7961 8206
f 8207 8204 8208 8209
f 8207 8209 8210 7968
f 8210 8211 7966 7968
f 8210 8209 8212 8213
f 8210 8213 8214 8211
f 8214 7997 7996 8211
f 8214 8213 8215 8216
f 8214 8216 8217 7997
f 8217 8218 7998 7997
f 8217 8216 8219 8220
f 8217 8220 8221 8218
f 8221 8222 8223 8218
f 8221 8220 8224 8225
f 8221 8225 8226 8222
f 8226 8227 8228 8222
f 8226 8225 8229 8230
f 8226 8230 8231 8227
f 8231 8232 8233 8227
f 8231 8230 8234 8235
f 8231 8235 8236 8232
f 8236 8237 8238 8232
f 8236 8235 8017 8239
f 8236 8239 8240 8237
f 8240 8241 8242 8237
f 8240 8239 8243 8244
f 8240 8244 8245 8241
f 8245 8246 8247 8241
f 8245 8244 8248 8249
f 8245 8249 8250 8246
f 8250 8251 8252 8246
f 8250 8249 8253 8254
f 8250 8254 8255 8251
f 8255 8256 8257 8251
f 8255 8254 8258 8259
f 8255 8259 8260 8256
f 8260 8261 8262 8256
f 8260 8259 8263 8264
f 8260 8264 8265 8261
f 8265 8002 8266 8261
f 8265 8264 8267 8268
f 8265 8268 8003 8002
f 8268 8267 8269 8270
f 8268 8270 8004 8003
f 8270 8269 8271 8272
f 8270 8272 8273 8004
f 8273 8274 8005 8004
f 8273 8272 8275 8276
f 8273 8276 8277 8274
f 8277 8278 8279 8274
f 8277 8276 8280 8281
f 8277 8281 8282 8278
f 8282 8283 7979 8278
f 8282 8281 8284 8285
f 8282 8285 8286 8283
f 8286 8287 8288 8283
f 8286 8285 8289 8290
f 8286 8290 8127 8287
f 8290 8289 8291 8130
f 8290 8130 8128 8127
f 8291 8289 8292 8293
f 8291 8293 8294 8295
f 8291 8295 8131 8130
f 8295 8294 8296 8297
f 8295 8297 8132 8131
f 8297 8296 8009 8008
f 8297 8008 8134 8132
f 8296 8294 8298 8299
f 8296 8299 8012 8009
f 8299 8298 8300 8301
f 8299 8301 8142 8012
f 8301 8300 8302 8145
f 8301 8145 8143 8142
f 8302 8300 8303 8304
f 8302 8304 8305 8148
f 8302 8148 8146 8145
f 8305 8304 8306 8307
f 8305 8307 8308 8151
f 8305 8151 8149 8148
f 8308 8307 8309 8310
f 8308 8310 8311 8154
f 8308 8154 8152 8151
f 8311 8310 8312 8313
f 8311 8313 8314 8157
f 8311 8157 8155 8154
f 8314 8313 8315 8033
f 8314 8033 8032 8160
f 8314 8160 8158 8157
f 8315 8316 8317 8318
f 8315 8318 8034 8033
f 8315 8313 8312 8316
f 8318 8317 8319 8320
f 8318 8320 8321 8034
f 8321 8320 8322 8323
f 8321 8323 8324 8325
f 8321 8325 8035 8034
f 8325 8324 8326 8327
f 8325 8327 8328 8035
f 8328 8327 8329 8330
f 8328 8330 8331 8332
f 8328 8332 8036 8035
f 8332 8331 8333 8334
f 8332 8334 8165 8036
f 8334 8333 8170 8168
f 8334 8168 8166 8165
f 8333 8331 8335 8336
f 8333 8336 8172 8170
f 8336 8335 8337 8338
f 8336 8338 8339 8172
f 8339 8338 8340 8341
f 8339 8341 8342 8175
f 8339 8175 8173 8172
f 8342 8341 8343 8344
f 8342 8344 8345 8178
f 8342 8178 8176 8175
f 8345 8344 8346 8347
f 8345 8347 7958 8348
f 8345 8348 8179 8178
f 8348 7958 7951 8349
f 8348 8349 8180 8179
f 8349 7951 7950 7987
f 8349 7987 7989 8180
f 8347 8346 8350 8351
f 8347 8351 7956 7958
f 8351 8350 8352 8353
f 8351 8353 7957 7956
f 8353 8352 8354 8355
f 8353 8355 8356 7957
f 8356 8357 7952 7957
f 8356 8355 7995 8358
f 8356 8358 8359 8357
f 8359 8360 8361 8357
f 8359 8358 8362 8363
f 8359 8363 8364 8360
f 8364 8203 8202 8360
f 8364 8363 8365 8208
f 8364 8208 8204 8203
f 8365 8212 8209 8208
f 8365 8363 8362 8366
f 8365 8366 8367 8212
f 8367 8215 8213 8212
f 8367 8366 7991 8368
f 8367 8368 8369 8215
f 8369 8219 8216 8215
f 8369 8368 8370 8371
f 8369 8371 8372 8219
f 8372 8224 8220 8219
f 8372 8371 8373 8374
f 8372 8374 8375 8224
f 8375 8229 8225 8224
f 8375 8374 8376 8377
f 8375 8377 8378 8229
f 8378 8234 8230 8229
f 8378 8377 8379 8019
f 8378 8019 8018 8234
f 8379 8377 8376 8380
f 8379 8380 8381 8382
f 8379 8382 8013 8019
f 8382 8381 8383 8384
f 8382 8384 8014 8013
f 8384 8383 8385 8386
f 8384 8386 8024 8014
f 8386 8385 8387 8388
f 8386 8388 8025 8024
f 8388 8387 8389 8390
f 8388 8390 8026 8025
f 8390 8389 8391 8392
f 8390 8392 8393 8026
f 8393 8394 8395 8396
f 8393 8396 8027 8026
f 8393 8392 8329 8394
f 8396 8395 8030 8029
f 8396 8029 8028 8027
f 8395 8397 8398 8030
f 8395 8394 8326 8397
f 8398 8399 8400 8401
f 8398 8401 8031 8030
f 8398 8397 8402 8399
f 8402 8403 8404 8399
f 8402 8397 8326 8324
f 8402 8324 8323 8403
f 8404 8405 8253 8406
f 8404 8406 8400 8399
f 8404 8403 8407 8405
f 8407 8408 8258 8405
f 8407 8403 8323 8322
f 8407 8322 8409 8408
f 8409 8410 8263 8408
f 8409 8322 8320 8319
f 8409 8319 8411 8410
f 8411 8269 8267 8410
f 8411 8319 8317 8412
f 8411 8412 8271 8269
f 8412 8317 8316 8413
f 8412 8413 8414 8271
f 8414 8275 8272 8271
f 8414 8413 8415 8416
f 8414 8416 8417 8275
f 8417 8280 8276 8275
f 8417 8416 8418 8419
f 8417 8419 8420 8280
f 8420 8284 8281 8280
f 8420 8419 8421 8422
f 8420 8422 8292 8284
f 8422 8421 8303 8423
f 8422 8423 8293 8292
f 8423 8303 8300 8298
f 8423 8298 8294 8293
f 8421 8419 8418 8306
f 8421 8306 8304 8303
f 8418 8416 8415 8309
f 8418 8309 8307 8306
f 8415 8413 8316 8312
f 8415 8312 8310 8309
f 8410 8267 8264 8263
f 8408 8263 8259 8258
f 8406 8253 8249 8248
f 8406 8248 8424 8400
f 8424 8248 8244 8243
f 8424 8243 8016 8021
f 8424 8021 8401 8400
f 8405 8258 8254 8253
f 8401 8021 8020 8031
f 8394 8329 8327 8326
f 8392 8391 8330 8329
f 8391 8389 8337 8335
f 8391 8335 8331 8330
f 8389 8387 8425 8337
f 8425 8387 8385 8426
f 8425 8426 8427 8340
f 8425 8340 8338 8337
f 8427 8426 8428 8429
f 8427 8429 8430 8343
f 8427 8343 8341 8340
f 8430 8429 8431 8432
f 8430 8432 8350 8346
f 8430 8346 8344 8343
f 8432 8431 8433 8434
f 8432 8434 8352 8350
f 8434 8433 8435 8436
f 8434 8436 8354 8352
f 8436 8435 8437 7994
f 8436 7994 7993 8354
f 8437 8373 8371 8370
f 8437 8370 7990 7994
f 8437 8435 8438 8373
f 8438 8376 8374 8373
f 8438 8435 8433 8439
f 8438 8439 8380 8376
f 8439 8433 8431 8440
f 8439 8440 8381 8380
f 8440 8431 8429 8428
f 8440 8428 8383 8381
f 8428 8426 8385 8383
f 8370 8368 7991 7990
f 8366 8362 7992 7991
f 8362 8358 7995 7992
f 8361 8441 8188 7953
f 8361 7953 7952 8357
f 8361 8360 8202 8441
f 8441 8191 8189 8188
f 8441 8202 8200 8191
f 8355 8354 7993 7995
f 8292 8289 8285 8284
f 8288 8442 7976 7975
f 8288 7975 7979 8283
f 8288 8287 8443 8442
f 8443 8287 8127 8126
f 8443 8126 8125 8444
f 8443 8444 8445 8442
f 8445 8444 8446 8447
f 8445 8447 8448 8449
f 8445 8449 7976 8442
f 8449 8448 8450 8451
f 8449 8451 7977 7976
f 8451 8450 8266 8452
f 8451 8452 7980 7977
f 8452 8266 8002 8001
f 8452 8001 8006 7980
f 8450 8448 8453 8262
f 8450 8262 8261 8266
f 8453 8448 8447 8454
f 8453 8454 8455 8257
f 8453 8257 8256 8262
f 8455 8454 8456 8457
f 8455 8457 8458 8252
f 8455 8252 8251 8257
f 8458 8457 8459 8460
f 8458 8460 8461 8247
f 8458 8247 8246 8252
f 8461 8460 8462 8463
f 8461 8463 8464 8242
f 8461 8242 8241 8247
f 8464 8463 8465 8466
f 8464 8466 8467 8238
f 8464 8238 8237 8242
f 8467 8466 8468 8469
f 8467 8469 8470 8233
f 8467 8233 8232 8238
f 8470 8469 8471 8472
f 8470 8472 8473 8228
f 8470 8228 8227 8233
f 8473 8472 8474 8475
f 8473 8475 8000 8223
f 8473 8223 8222 8228
f 8475 8474 8476 8477
f 8475 8477 7999 8000
f 8477 8476 7965 7964
f 8477 7964 7967 7999
f 8476 8478 8479 7965
f 8476 8474 8480 8478
f 8480 8481 8482 8478
f 8480 8474 8472 8471
f 8480 8471 8483 8481
f 8483 8484 8485 8481
f 8483 8471 8469 8468
f 8483 8468 8486 8484
f 8486 8487 8488 8484
f 8486 8468 8466 8465
f 8486 8465 8489 8487
f 8489 8490 8113 8487
f 8489 8465 8463 8462
f 8489 8462 8491 8490
f 8491 8492 8117 8490
f 8491 8462 8460 8459
f 8491 8459 8493 8492
f 8493 8494 8122 8492
f 8493 8459 8457 8456
f 8493 8456 8446 8494
f 8494 8125 8123 8122
f 8494 8446 8444 8125
f 8492 8122 8118 8117
f 8490 8117 8114 8113
f 8488 8111 8109 8495
f 8488 8495 8485 8484
f 8488 8487 8113 8111
f 8495 8109 8106 8105
f 8495 8105 8496 8485
f 8496 8105 8101 8100
f 8496 8100 8497 8482
f 8496 8482 8481 8485
f 8497 8100 8096 8095
f 8497 8095 8498 8479
f 8497 8479 8478 8482
f 8498 8095 8091 8090
f 8498 8090 7963 7962
f 8498 7962 7965 8479
f 8456 8454 8447 8446
f 8279 7978 7980 8006
f 8279 8006 8005 8274
f 8279 8278 7979 7978
f 8243 8239 8017 8016
f 8235 8234 8018 8017
f 8223 8000 7998 8218
f 8211 7996 7967 7966
f 8206 7961 7960 7974
f 8188 8186 7954 7953
f 8183 7988 7950 7949
f 8165 8163 8037 8036
f 8161 8160 8032 8037
f 8142 8140 8010 8012
f 8136 8134 8008 8007
f 8121 7984 7983 8116
f 8090 8086 8085 7963
f 8028 8022 8015 8023
f 8024 8023 8015 8014
f 7950 7988 7989 7987
f 8499 8508 8509 8510
f 8499 8511 8512 8508
f 8500 8513 8514 8515
f 8500 8515 8516 8517
f 8500 8518 8519 8513
f 8500 8517 8520 8521
f 8500 8521 8522 8518
f 8501 8523 8524 8525
f 8501 8525 8526 8527
f 8501 8527 8528 8523
f 8502 8529 8530 8531
f 8502 8532 8533 8529
f 8502 8531 8534 8532
f 8503 8537 8538 8539
f 8503 8539 8540 8541
f 8503 8541 8542 8537
f 8504 8543 8544 8545
f 8504 8545 8546 8547
f 8504 8547 8548 8543
f 8505 8549 8550 8551
f 8505 8551 8552 8553
f 8505 8553 8554 8549
f 8506 8555 8556 8557
f 8506 8558 8559 8555
f 8506 8557 8560 8558
f 8507 8561 8562 8563
f 8507 8564 8565 8561
f 8507 8563 8566 8564
f 8566 8567 8568 8564
f 8566 8563 8569 8570
f 8566 8570 8571 8567
f 8571 8572 8573 8567
f 8571 8570 8574 8575
f 8571 8575 8576 8572
f 8576 8577 8578 8572
f 8576 8575 8579 8580
f 8576 8580 8581 8577
f 8581 8582 8583 8577
f 8581 8580 8584 8585
f 8581 8585 8586 8582
f 8586 8587 8588 8582
f 8586 8585 8589 8590
f 8586 8590 8591 8587
f 8591 8592 8593 8587
f 8591 8590 8594 8595
f 8591 8595 8596 8592
f 8596 8597 8598 8592
f 8596 8595 8599 8600
f 8596 8600 8601 8597
f 8601 8602 8603 8597
f 8601 8600 8604 8605
f 8601 8605 8606 8602
f 8606 8607 8608 8602
f 8606 8605 8609 8610
f 8606 8610 8611 8607
f 8611 8612 8613 8607
f 8611 8610 8614 8615
f 8611 8615 8616 8612
f 8616 8617 8618 8612
f 8616 8615 8619 8620
f 8616 8620 8621 8617
f 8621 8622 8623 8617
f 8621 8620 8624 8625
f 8621 8625 8626 8622
f 8626 8627 8628 8622
f 8626 8625 8629 8630
f 8626 8630 8631 8627
f 8631 8632 8633 8627
f 8631 8630 8634 8635
f 8631 8635 8636 8632
f 8636 8637 8638 8632
f 8636 8635 8639 8640
f 8636 8640 8641 8637
f 8641 8642 8643 8637
f 8641 8640 8644 8645
f 8641 8645 8646 8642
f 8646 8647 8648 8642
f 8646 8645 8649 8650
f 8646 8650 8651 8647
f 8651 8652 8653 8647
f 8651 8650 8654 8655
f 8651 8655 8656 8652
f 8656 8657 8658 8652
f 8656 8655 8659 8660
f 8656 8660 8661 8657
f 8661 8662 8663 8657
f 8661 8660 8664 8665
f 8661 8665 8509 8662
f 8665 8664 8666 8667
f 8665 8667 8510 8509
f 8667 8666 8668 8669
f 8667 8669 8670 8510
f 8669 8668 8671 8672
f 8669 8672 8673 8670
f 8672 8671 8674 8675
f 8672 8675 8676 8673
f 8676 8677 8499 8673
f 8676 8675 8678 8679
f 8676 8679 8680 8677
f 8680 8681 8682 8677
f 8680 8679 8683 8684
f 8680 8684 8685 8681
f 8685 8686 8687 8681
f 8685 8684 8688 8689
f 8685 8689 8690 8686
f 8690 8691 8692 8686
f 8690 8689 8693 8694
f 8690 8694 8695 8691
f 8695 8696 8697 8691
f 8695 8694 8698 8699
f 8695 8699 8700 8696
f 8700 8701 8702 8696
f 8700 8699 8703 8704
f 8700 8704 8705 8701
f 8705 8706 8707 8701
f 8705 8704 8708 8709
f 8705 8709 8710 8706
f 8710 8711 8712 8706
f 8710 8709 8713 8714
f 8710 8714 8715 8711
f 8715 8716 8717 8711
f 8715 8714 8718 8719
f 8715 8719 8720 8716
f 8720 8721 8722 8716
f 8720 8719 8723 8724
f 8720 8724 8725 8721
f 8725 8726 8727 8721
f 8725 8724 8728 8729
f 8725 8729 8730 8726
f 8730 8731 8732 8726
f 8730 8729 8733 8734
f 8730 8734 8735 8731
f 8735 8736 8737 8731
f 8735 8734 8738 8739
f 8735 8739 8740 8736
f 8740 8741 8742 8736
f 8740 8739 8743 8744
f 8740 8744 8745 8741
f 8745 8746 8747 8741
f 8745 8744 8748 8749
f 8745 8749 8750 8746
f 8750 8555 8559 8746
f 8750 8749 8751 8752
f 8750 8752 8556 8555
f 8752 8751 8753 8754
f 8752 8754 8755 8556
f 8755 8754 8530 8756
f 8755 8756 8757 8758
f 8755 8758 8557 8556
f 8758 8757 8759 8760
f 8758 8760 8560 8557
f 8760 8759 8761 8762
f 8760 8762 8763 8560
f 8763 8764 8558 8560
f 8763 8762 8765 8766
f 8763 8766 8767 8764
f 8767 8768 8769 8764
f 8767 8766 8770 8771
f 8767 8771 8772 8768
f 8772 8771 8773 8774
f 8772 8774 8775 8776
f 8772 8776 8777 8768
f 8777 8776 8778 8742
f 8777 8742 8741 8747
f 8777 8747 8769 8768
f 8778 8776 8775 8779
f 8778 8779 8780 8737
f 8778 8737 8736 8742
f 8780 8779 8781 8782
f 8780 8782 8783 8732
f 8780 8732 8731 8737
f 8783 8782 8784 8785
f 8783 8785 8786 8727
f 8783 8727 8726 8732
f 8786 8785 8787 8788
f 8786 8788 8789 8722
f 8786 8722 8721 8727
f 8789 8788 8790 8791
f 8789 8791 8792 8717
f 8789 8717 8716 8722
f 8792 8791 8793 8794
f 8792 8794 8795 8712
f 8792 8712 8711 8717
f 8795 8794 8796 8797
f 8795 8797 8798 8707
f 8795 8707 8706 8712
f 8798 8797 8799 8800
f 8798 8800 8801 8702
f 8798 8702 8701 8707
f 8801 8800 8802 8803
f 8801 8803 8804 8697
f 8801 8697 8696 8702
f 8804 8803 8805 8806
f 8804 8806 8807 8692
f 8804 8692 8691 8697
f 8807 8806 8808 8809
f 8807 8809 8810 8687
f 8807 8687 8686 8692
f 8810 8809 8811 8812
f 8810 8812 8511 8682
f 8810 8682 8681 8687
f 8812 8811 8813 8814
f 8812 8814 8512 8511
f 8814 8813 8815 8816
f 8814 8816 8817 8512
f 8817 8816 8818 8819
f 8817 8819 8820 8821
f 8817 8821 8508 8512
f 8821 8820 8663 8662
f 8821 8662 8509 8508
f 8820 8819 8822 8823
f 8820 8823 8824 8663
f 8824 8823 8825 8826
f 8824 8826 8827 8658
f 8824 8658 8657 8663
f 8827 8826 8828 8829
f 8827 8829 8830 8653
f 8827 8653 8652 8658
f 8830 8829 8831 8832
f 8830 8832 8833 8648
f 8830 8648 8647 8653
f 8833 8832 8834 8835
f 8833 8835 8836 8643
f 8833 8643 8642 8648
f 8836 8835 8837 8838
f 8836 8838 8839 8638
f 8836 8638 8637 8643
f 8839 8838 8840 8841
f 8839 8841 8842 8633
f 8839 8633 8632 8638
f 8842 8841 8843 8844
f 8842 8844 8845 8628
f 8842 8628 8627 8633
f 8845 8844 8846 8847
f 8845 8847 8848 8623
f 8845 8623 8622 8628
f 8848 8847 8849 8850
f 8848 8850 8851 8618
f 8848 8618 8617 8623
f 8851 8850 8852 8853
f 8851 8853 8854 8613
f 8851 8613 8612 8618
f 8854 8853 8855 8856
f 8854 8856 8857 8608
f 8854 8608 8607 8613
f 8857 8856 8858 8859
f 8857 8859 8860 8603
f 8857 8603 8602 8608
f 8860 8859 8861 8862
f 8860 8862 8863 8598
f 8860 8598 8597 8603
f 8863 8862 8864 8865
f 8863 8865 8866 8593
f 8863 8593 8592 8598
f 8866 8865 8867 8868
f 8866 8868 8869 8588
f 8866 8588 8587 8593
f 8869 8868 8870 8871
f 8869 8871 8872 8583
f 8869 8583 8582 8588
f 8872 8871 8873 8874
f 8872 8874 8875 8578
f 8872 8578 8577 8583
f 8875 8874 8876 8877
f 8875 8877 8878 8573
f 8875 8573 8572 8578
f 8878 8877 8879 8880
f 8878 8880 8881 8568
f 8878 8568 8567 8573
f 8881 8880 8882 8883
f 8881 8883 8884 8565
f 8881 8565 8564 8568
f 8884 8883 8885 8886
f 8884 8886 8887 8888
f 8884 8888 8561 8565
f 8888 8887 8889 8890
f 8888 8890 8562 8561
f 8890 8889 8891 8892
f 8890 8892 8893 8562
f 8893 8569 8563 8562
f 8893 8892 8894 8895
f 8893 8895 8896 8569
f 8896 8574 8570 8569
f 8896 8895 8897 8898
f 8896 8898 8899 8574
f 8899 8579 8575 8574
f 8899 8898 8900 8901
f 8899 8901 8902 8579
f 8902 8584 8580 8579
f 8902 8901 8903 8904
f 8902 8904 8905 8584
f 8905 8589 8585 8584
f 8905 8904 8906 8907
f 8905 8907 8908 8589
f 8908 8594 8590 8589
f 8908 8907 8909 8910
f 8908 8910 8911 8594
f 8911 8599 8595 8594
f 8911 8910 8912 8913
f 8911 8913 8914 8599
f 8914 8604 8600 8599
f 8914 8913 8915 8916
f 8914 8916 8917 8604
f 8917 8609 8605 8604
f 8917 8916 8918 8919
f 8917 8919 8920 8609
f 8920 8614 8610 8609
f 8920 8919 8921 8922
f 8920 8922 8923 8614
f 8923 8619 8615 8614
f 8923 8922 8924 8925
f 8923 8925 8926 8619
f 8926 8624 8620 8619
f 8926 8925 8927 8928
f 8926 8928 8929 8624
f 8929 8629 8625 8624
f 8929 8928 8930 8931
f 8929 8931 8932 8629
f 8932 8634 8630 8629
f 8932 8931 8933 8934
f 8932 8934 8935 8634
f 8935 8639 8635 8634
f 8935 8934 8936 8937
f 8935 8937 8938 8639
f 8938 8644 8640 8639
f 8938 8937 8939 8940
f 8938 8940 8941 8644
f 8941 8649 8645 8644
f 8941 8940 8942 8943
f 8941 8943 8944 8649
f 8944 8654 8650 8649
f 8944 8943 8945 8946
f 8944 8946 8947 8654
f 8947 8659 8655 8654
f 8947 8946 8948 8949
f 8947 8949 8950 8659
f 8950 8664 8660 8659
f 8950 8949 8951 8952
f 8950 8952 8666 8664
f 8952 8951 8953 8954
f 8952 8954 8668 8666
f 8954 8953 8955 8956
f 8954 8956 8671 8668
f 8956 8955 8957 8958
f 8956 8958 8674 8671
f 8958 8957 8959 8960
f 8958 8960 8961 8674
f 8961 8678 8675 8674
f 8961 8960 8962 8963
f 8961 8963 8964 8678
f 8964 8683 8679 8678
f 8964 8963 8965 8966
f 8964 8966 8967 8683
f 8967 8688 8684 8683
f 8967 8966 8968 8969
f 8967 8969 8970 8688
f 8970 8693 8689 8688
f 8970 8969 8971 8972
f 8970 8972 8973 8693
f 8973 8698 8694 8693
f 8973 8972 8974 8975
f 8973 8975 8976 8698
f 8976 8703 8699 8698
f 8976 8975 8977 8978
f 8976 8978 8979 8703
f 8979 8708 8704 8703
f 8979 8978 8980 8981
f 8979 8981 8982 8708
f 8982 8713 8709 8708
f 8982 8981 8983 8984
f 8982 8984 8985 8713
f 8985 8718 8714 8713
f 8985 8984 8986 8987
f 8985 8987 8988 8718
f 8988 8723 8719 8718
f 8988 8987 8989 8990
f 8988 8990 8991 8723
f 8991 8728 8724 8723
f 8991 8990 8992 8993
f 8991 8993 8994 8728
f 8994 8733 8729 8728
f 8994 8993 8995 8996
f 8994 8996 8997 8733
f 8997 8738 8734 8733
f 8997 8996 8998 8999
f 8997 8999 9000 8738
f 9000 8743 8739 8738
f 9000 8999 9001 9002
f 9000 9002 9003 8743
f 9003 8748 8744 8743
f 9003 9002 9004 9005
f 9003 9005 9006 8748
f 9006 8751 8749 8748
f 9006 9005 9007 9008
f 9006 9008 8753 8751
f 9008 9007 9009 8534
f 9008 8534 8531 8753
f 9009 9007 9010 9011
f 9009 9011 9012 9013
f 9009 9013 8532 8534
f 9013 9012 9014 9015
f 9013 9015 8533 8532
f 9015 9014 9016 9017
f 9015 9017 9018 8533
f 9018 9019 8529 8533
f 9018 9017 9020 9021
f 9018 9021 9022 9019
f 9022 8757 8756 9019
f 9022 9021 9023 9024
f 9022 9024 8759 8757
f 9024 9023 9025 9026
f 9024 9026 8761 8759
f 9026 9025 9027 9028
f 9026 9028 9029 8761
f 9029 8765 8762 8761
f 9029 9028 9030 9031
f 9029 9031 9032 8765
f 9032 8770 8766 8765
f 9032 9031 9033 9034
f 9032 9034 9035 8770
f 9035 8773 8771 8770
f 9035 9034 9036 9037
f 9035 9037 9038 8773
f 9038 9037 9039 9040
f 9038 9040 9041 9042
f 9038 9042 8774 8773
f 9042 9041 9043 9044
f 9042 9044 8775 8774
f 9044 9043 9045 8781
f 9044 8781 8779 8775
f 9045 9043 9046 9047
f 9045 9047 9048 8784
f 9045 8784 8782 8781
f 9048 9047 9049 9050
f 9048 9050 9051 8787
f 9048 8787 8785 8784
f 9051 9050 9052 9053
f 9051 9053 9054 8790
f 9051 8790 8788 8787
f 9054 9053 9055 9056
f 9054 9056 9057 8793
f 9054 8793 8791 8790
f 9057 9056 9058 9059
f 9057 9059 9060 8796
f 9057 8796 8794 8793
f 9060 9059 9061 9062
f 9060 9062 9063 8799
f 9060 8799 8797 8796
f 9063 9062 9064 9065
f 9063 9065 9066 8802
f 9063 8802 8800 8799
f 9066 9065 9067 9068
f 9066 9068 9069 8805
f 9066 8805 8803 8802
f 9069 9068 9070 9071
f 9069 9071 9072 8808
f 9069 8808 8806 8805
f 9072 9071 9073 9074
f 9072 9074 8813 8811
f 9072 8811 8809 8808
f 9074 9073 9075 9076
f 9074 9076 8815 8813
f 9076 9075 9077 9078
f 9076 9078 9079 8815
f 9079 9078 9080 9081
f 9079 9081 9082 8818
f 9079 8818 8816 8815
f 9082 9081 9083 9084
f 9082 9084 9085 8822
f 9082 8822 8819 8818
f 9085 9084 9086 9087
f 9085 9087 9088 8825
f 9085 8825 8823 8822
f 9088 9087 9089 9090
f 9088 9090 9091 8828
f 9088 8828 8826 8825
f 9091 9090 9092 9093
f 9091 9093 9094 8831
f 9091 8831 8829 8828
f 9094 9093 9095 9096
f 9094 9096 9097 8834
f 9094 8834 8832 8831
f 9097 9096 9098 9099
f 9097 9099 9100 8837
f 9097 8837 8835 8834
f 9100 9099 9101 9102
f 9100 9102 9103 8840
f 9100 8840 8838 8837
f 9103 9102 9104 9105
f 9103 9105 9106 8843
f 9103 8843 8841 8840
f 9106 9105 9107 9108
f 9106 9108 9109 8846
f 9106 8846 8844 8843
f 9109 9108 9110 9111
f 9109 9111 9112 8849
f 9109 8849 8847 8846
f 9112 9111 9113 9114
f 9112 9114 9115 8852
f 9112 8852 8850 8849
f 9115 9114 9116 9117
f 9115 9117 9118 8855
f 9115 8855 8853 8852
f 9118 9117 9119 9120
f 9118 9120 9121 8858
f 9118 8858 8856 8855
f 9121 9120 9122 9123
f 9121 9123 9124 8861
f 9121 8861 8859 8858
f 9124 9123 9125 9126
f 9124 9126 9127 8864
f 9124 8864 8862 8861
f 9127 9126 9128 9129
f 9127 9129 9130 8867
f 9127 8867 8865 8864
f 9130 9129 9131 9132
f 9130 9132 9133 8870
f 9130 8870 8868 8867
f 9133 9132 9134 9135
f 9133 9135 9136 8873
f 9133 8873 8871 8870
f 9136 9135 9137 9138
f 9136 9138 9139 8876
f 9136 8876 8874 8873
f 9139 9138 9140 9141
f 9139 9141 9142 8879
f 9139 8879 8877 8876
f 9142 9141 9143 9144
f 9142 9144 9145 8882
f 9142 8882 8880 8879
f 9145 9144 9146 9147
f 9145 9147 9148 8885
f 9145 8885 8883 8882
f 9148 9147 9149 9150
f 9148 9150 9151 9152
f 9148 9152 8886 8885
f 9152 9151 9153 9154
f 9152 9154 8887 8886
f 9154 9153 9155 9156
f 9154 9156 8889 8887
f 9156 9155 9157 9158
f 9156 9158 8891 8889
f 9158 9157 9159 9160
f 9158 9160 9161 8891
f 9161 9160 9162 9163
f 9161 9163 9164 8894
f 9161 8894 8892 8891
f 9164 8897 8895 8894
f 9164 9163 8520 9165
f 9164 9165 9166 8897
f 9166 8900 8898 8897
f 9166 9165 9167 9168
f 9166 9168 9169 8900
f 9169 8903 8901 8900
f 9169 9168 9170 9171
f 9169 9171 9172 8903
f 9172 8906 8904 8903
f 9172 9171 9173 9174
f 9172 9174 9175 8906
f 9175 8909 8907 8906
f 9175 9174 9176 9177
f 9175 9177 9178 8909
f 9178 8912 8910 8909
f 9178 9177 9179 9180
f 9178 9180 9181 8912
f 9181 8915 8913 8912
f 9181 9180 9182 9183
f 9181 9183 9184 8915
f 9184 8918 8916 8915
f 9184 9183 9185 9186
f 9184 9186 9187 8918
f 9187 8921 8919 8918
f 9187 9186 9188 9189
f 9187 9189 9190 8921
f 9190 8924 8922 8921
f 9190 9189 9191 9192
f 9190 9192 9193 8924
f 9193 8927 8925 8924
f 9193 9192 9194 9195
f 9193 9195 9196 8927
f 9196 8930 8928 8927
f 9196 9195 9197 9198
f 9196 9198 9199 8930
f 9199 8933 8931 8930
f 9199 9198 9200 9201
f 9199 9201 9202 8933
f 9202 8936 8934 8933
f 9202 9201 9203 9204
f 9202 9204 9205 8936
f 9205 8939 8937 8936
f 9205 9204 9206 9207
f 9205 9207 9208 8939
f 9208 8942 8940 8939
f 9208 9207 9209 9210
f 9208 9210 9211 8942
f 9211 8945 8943 8942
f 9211 9210 9212 9213
f 9211 9213 9214 8945
f 9214 8948 8946 8945
f 9214 9213 9215 9216
f 9214 9216 9217 8948
f 9217 8951 8949 8948
f 9217 9216 9218 9219
f 9217 9219 8953 8951
f 9219 9218 9220 9221
f 9219 9221 8955 8953
f 9221 9220 9222 9223
f 9221 9223 8957 8955
f 9223 9222 9224 9225
f 9223 9225 8959 8957
f 9225 9224 9226 9227
f 9225 9227 9228 8959
f 9228 8962 8960 8959
f 9228 9227 9229 9230
f 9228 9230 9231 8962
f 9231 8965 8963 8962
f 9231 9230 9232 9233
f 9231 9233 9234 8965
f 9234 8968 8966 8965
f 9234 9233 9235 9236
f 9234 9236 9237 8968
f 9237 8971 8969 8968
f 9237 9236 9238 9239
f 9237 9239 9240 8971
f 9240 8974 8972 8971
f 9240 9239 9241 9242
f 9240 9242 9243 8974
f 9243 8977 8975 8974
f 9243 9242 9244 9245
f 9243 9245 9246 8977
f 9246 8980 8978 8977
f 9246 9245 9247 9248
f 9246 9248 9249 8980
f 9249 8983 8981 8980
f 9249 9248 9250 9251
f 9249 9251 9252 8983
f 9252 8986 8984 8983
f 9252 9251 9253 9254
f 9252 9254 9255 8986
f 9255 8989 8987 8986
f 9255 9254 9256 9257
f 9255 9257 9258 8989
f 9258 8992 8990 8989
f 9258 9257 9259 9260
f 9258 9260 9261 8992
f 9261 8995 8993 8992
f 9261 9260 9262 9263
f 9261 9263 9264 8995
f 9264 8998 8996 8995
f 9264 9263 9265 9266
f 9264 9266 9267 8998
f 9267 9001 8999 8998
f 9267 9266 9268 9269
f 9267 9269 9270 9001
f 9270 9004 9002 9001
f 9270 9269 9271 9272
f 9270 9272 9010 9004
f 9272 9271 9273 9274
f 9272 9274 9011 9010
f 9274 9273 9275 9276
f 9274 9276 9012 9011
f 9276 9275 9277 9278
f 9276 9278 9014 9012
f 9278 9277 9279 9280
f 9278 9280 9016 9014
f 9280 9279 9281 9282
f 9280 9282 9283 9016
f 9283 9020 9017 9016
f 9283 9282 9284 9285
f 9283 9285 9286 9020
f 9286 9023 9021 9020
f 9286 9285 9287 9288
f 9286 9288 9025 9023
f 9288 9287 9289 9290
f 9288 9290 9027 9025
f 9290 9289 9291 9292
f 9290 9292 9293 9027
f 9293 9030 9028 9027
f 9293 9292 9294 9295
f 9293 9295 9296 9030
f 9296 9033 9031 9030
f 9296 9295 9297 9298
f 9296 9298 9299 9033
f 9299 9036 9034 9033
f 9299 9298 9300 9301
f 9299 9301 9302 9036
f 9302 9039 9037 9036
f 9302 9301 9303 9304
f 9302 9304 9305 9039
f 9305 9306 9040 9039
f 9305 9304 9307 9308
f 9305 9308 9309 9306
f 9309 9310 9311 9306
f 9309 9308 9312 9313
f 9309 9313 9314 9310
f 9314 9313 9315 9316
f 9314 9316 9317 9318
f 9314 9318 9319 9310
f 9319 9318 9320 9049
f 9319 9049 9047 9046
f 9319 9046 9311 9310
f 9320 9318 9317 9321
f 9320 9321 9322 9052
f 9320 9052 9050 9049
f 9322 9321 9323 9324
f 9322 9324 9325 9055
f 9322 9055 9053 9052
f 9325 9324 9326 9327
f 9325 9327 9328 9058
f 9325 9058 9056 9055
f 9328 9327 9329 9330
f 9328 9330 9331 9061
f 9328 9061 9059 9058
f 9331 9330 9332 9333
f 9331 9333 9334 9064
f 9331 9064 9062 9061
f 9334 9333 9335 9336
f 9334 9336 9337 9067
f 9334 9067 9065 9064
f 9337 9336 9338 9339
f 9337 9339 9340 9070
f 9337 9070 9068 9067
f 9340 9339 9341 9342
f 9340 9342 9075 9073
f 9340 9073 9071 9070
f 9342 9341 9343 9344
f 9342 9344 9077 9075
f 9344 9343 9345 9346
f 9344 9346 9347 9077
f 9347 9346 9348 9349
f 9347 9349 9350 9080
f 9347 9080 9078 9077
f 9350 9349 9351 9352
f 9350 9352 9353 9083
f 9350 9083 9081 9080
f 9353 9352 9354 9355
f 9353 9355 9356 9086
f 9353 9086 9084 9083
f 9356 9355 9357 9358
f 9356 9358 9359 9089
f 9356 9089 9087 9086
f 9359 9358 9360 9361
f 9359 9361 9362 9092
f 9359 9092 9090 9089
f 9362 9361 9363 9364
f 9362 9364 9365 9095
f 9362 9095 9093 9092
f 9365 9364 9366 9367
f 9365 9367 9368 9098
f 9365 9098 9096 9095
f 9368 9367 9369 9370
f 9368 9370 9371 9101
f 9368 9101 9099 9098
f 9371 9370 9372 9373
f 9371 9373 9374 9104
f 9371 9104 9102 9101
f 9374 9373 9375 9376
f 9374 9376 9377 9107
f 9374 9107 9105 9104
f 9377 9376 9378 9379
f 9377 9379 9380 9110
f 9377 9110 9108 9107
f 9380 9379 9381 9382
f 9380 9382 9383 9113
f 9380 9113 9111 9110
f 9383 9382 9384 9385
f 9383 9385 9386 9116
f 9383 9116 9114 9113
f 9386 9385 9387 9388
f 9386 9388 9389 9119
f 9386 9119 9117 9116
f 9389 9388 9390 9391
f 9389 9391 9392 9122
f 9389 9122 9120 9119
f 9392 9391 9393 9394
f 9392 9394 9395 9125
f 9392 9125 9123 9122
f 9395 9394 9396 9397
f 9395 9397 9398 9128
f 9395 9128 9126 9125
f 9398 9397 9399 9400
f 9398 9400 9401 9131
f 9398 9131 9129 9128
f 9401 9400 9402 9403
f 9401 9403 9404 9134
f 9401 9134 9132 9131
f 9404 9403 9405 9406
f 9404 9406 9407 9137
f 9404 9137 9135 9134
f 9407 9406 9408 9409
f 9407 9409 9410 9140
f 9407 9140 9138 9137
f 9410 9409 9411 9412
f 9410 9412 9413 9143
f 9410 9143 9141 9140
f 9413 9412 9414 9415
f 9413 9415 9416 9146
f 9413 9146 9144 9143
f 9416 9415 9417 9418
f 9416 9418 9419 9149
f 9416 9149 9147 9146
f 9419 9418 9420 9421
f 9419 9421 9422 9423
f 9419 9423 9150 9149
f 9423 9422 9424 9425
f 9423 9425 9151 9150
f 9425 9424 9426 9427
f 9425 9427 9153 9151
f 9427 9426 9428 9429
f 9427 9429 9155 9153
f 9429 9428 9430 9431
f 9429 9431 9157 9155
f 9431 9430 8519 9432
f 9431 9432 9159 9157
f 9432 8519 8518 8535
f 9432 8535 8536 9159
f 9430 9428 9433 9434
f 9430 9434 8513 8519
f 9434 9433 9435 9436
f 9434 9436 8514 8513
f 9436 9435 9437 9438
f 9436 9438 9439 8514
f 9439 9438 9440 9441
f 9439 9441 9442 9443
f 9439 9443 8515 8514
f 9443 9444 8516 8515
f 9443 9442 9445 9444
f 9445 9446 9447 9444
f 9445 9442 9448 9449
f 9445 9449 9450 9446
f 9450 9451 9452 9446
f 9450 9449 9453 9454
f 9450 9454 9455 9451
f 9455 9456 9457 9451
f 9455 9454 9458 9459
f 9455 9459 9460 9456
f 9460 9461 9462 9456
f 9460 9459 9463 9464
f 9460 9464 9465 9461
f 9465 9466 9467 9461
f 9465 9464 9468 9469
f 9465 9469 9470 9466
f 9470 9471 9472 9466
f 9470 9469 9473 9474
f 9470 9474 9475 9471
f 9475 9476 9477 9471
f 9475 9474 9478 9479
f 9475 9479 9480 9476
f 9480 9481 9482 9476
f 9480 9479 9483 9484
f 9480 9484 9485 9481
f 9485 9486 9487 9481
f 9485 9484 9488 9489
f 9485 9489 9490 9486
f 9490 9491 9492 9486
f 9490 9489 9493 9494
f 9490 9494 9495 9491
f 9495 9496 9497 9491
f 9495 9494 9498 9499
f 9495 9499 9500 9496
f 9500 9501 9502 9496
f 9500 9499 9503 9504
f 9500 9504 9505 9501
f 9505 9506 9507 9501
f 9505 9504 9508 9509
f 9505 9509 9510 9506
f 9510 9511 9512 9506
f 9510 9509 9513 9514
f 9510 9514 9515 9511
f 9515 9516 9517 9511
f 9515 9514 9518 9519
f 9515 9519 9520 9516
f 9520 9521 9522 9516
f 9520 9519 9523 9524
f 9520 9524 9525 9521
f 9525 9526 9527 9521
f 9525 9524 9528 9529
f 9525 9529 9530 9526
f 9530 9224 9222 9526
f 9530 9529 9531 9532
f 9530 9532 9226 9224
f 9532 9531 9533 9534
f 9532 9534 9535 9226
f 9535 9229 9227 9226
f 9535 9534 9536 9537
f 9535 9537 9538 9229
f 9538 9232 9230 9229
f 9538 9537 9539 9540
f 9538 9540 9541 9232
f 9541 9235 9233 9232
f 9541 9540 9542 9543
f 9541 9543 9544 9235
f 9544 9238 9236 9235
f 9544 9543 9545 9546
f 9544 9546 9547 9238
f 9547 9241 9239 9238
f 9547 9546 9548 9549
f 9547 9549 9550 9241
f 9550 9244 9242 9241
f 9550 9549 9551 9552
f 9550 9552 9553 9244
f 9553 9247 9245 9244
f 9553 9552 9554 9555
f 9553 9555 9556 9247
f 9556 9250 9248 9247
f 9556 9555 9557 9558
f 9556 9558 9559 9250
f 9559 9253 9251 9250
f 9559 9558 9560 9561
f 9559 9561 9562 9253
f 9562 9256 9254 9253
f 9562 9561 9563 9564
f 9562 9564 9565 9256
f 9565 9259 9257 9256
f 9565 9564 9566 9567
f 9565 9567 9568 9259
f 9568 9262 9260 9259
f 9568 9567 9569 9570
f 9568 9570 9571 9262
f 9571 9265 9263 9262
f 9571 9570 9572 9573
f 9571 9573 9574 9265
f 9574 9268 9266 9265
f 9574 9573 9575 9576
f 9574 9576 9577 9268
f 9577 9271 9269 9268
f 9577 9576 9578 9579
f 9577 9579 9273 9271
f 9579 9578 9580 9581
f 9579 9581 9275 9273
f 9581 9580 9582 9583
f 9581 9583 9277 9275
f 9583 9582 9584 9585
f 9583 9585 9279 9277
f 9585 9584 9586 9587
f 9585 9587 9281 9279
f 9587 9586 9588 9589
f 9587 9589 9590 9281
f 9590 9284 9282 9281
f 9590 9589 9591 9592
f 9590 9592 9593 9284
f 9593 9287 9285 9284
f 9593 9592 9594 9595
f 9593 9595 9289 9287
f 9595 9594 9596 9597
f 9595 9597 9291 9289
f 9597 9596 9598 9599
f 9597 9599 9600 9291
f 9600 9294 9292 9291
f 9600 9599 9601 9602
f 9600 9602 9603 9294
f 9603 9297 9295 9294
f 9603 9602 9604 9605
f 9603 9605 9606 9297
f 9606 9300 9298 9297
f 9606 9605 9607 9608
f 9606 9608 9609 9300
f 9609 9303 9301 9300
f 9609 9608 9610 9611
f 9609 9611 9612 9303
f 9612 9307 9304 9303
f 9612 9611 9613 9614
f 9612 9614 9615 9307
f 9615 9312 9308 9307
f 9615 9614 9616 9617
f 9615 9617 9618 9312
f 9618 9315 9313 9312
f 9618 9617 9619 9620
f 9618 9620 9621 9315
f 9621 9622 9316 9315
f 9621 9620 9623 9624
f 9621 9624 8526 9622
f 9624 9623 9625 9626
f 9624 9626 8527 8526
f 9626 9625 9627 9628
f 9626 9628 8528 8527
f 9628 9627 9629 9630
f 9628 9630 9631 8528
f 9631 9630 9632 9633
f 9631 9633 9329 9634
f 9631 9634 8523 8528
f 9634 9329 9327 9326
f 9634 9326 8524 8523
f 9633 9632 9635 9332
f 9633 9332 9330 9329
f 9635 9632 9636 9637
f 9635 9637 9638 9335
f 9635 9335 9333 9332
f 9638 9637 9639 9640
f 9638 9640 9641 9338
f 9638 9338 9336 9335
f 9641 9640 9642 9643
f 9641 9643 9343 9341
f 9641 9341 9339 9338
f 9643 9642 9644 9645
f 9643 9645 9345 9343
f 9645 9644 9646 9647
f 9645 9647 9648 9345
f 9648 9647 9649 9650
f 9648 9650 9651 9348
f 9648 9348 9346 9345
f 9651 9650 9652 9653
f 9651 9653 9654 9351
f 9651 9351 9349 9348
f 9654 9653 9655 9656
f 9654 9656 9657 9354
f 9654 9354 9352 9351
f 9657 9656 9658 9659
f 9657 9659 9660 9357
f 9657 9357 9355 9354
f 9660 9659 9661 9662
f 9660 9662 9663 9360
f 9660 9360 9358 9357
f 9663 9662 9664 9665
f 9663 9665 9666 9363
f 9663 9363 9361 9360
f 9666 9665 9667 9668
f 9666 9668 9669 9366
f 9666 9366 9364 9363
f 9669 9668 9670 9671
f 9669 9671 9672 9369
f 9669 9369 9367 9366
f 9672 9671 9673 9674
f 9672 9674 9675 9372
f 9672 9372 9370 9369
f 9675 9674 9676 9677
f 9675 9677 9678 9375
f 9675 9375 9373 9372
f 9678 9677 9679 9680
f 9678 9680 9681 9378
f 9678 9378 9376 9375
f 9681 9680 9682 9683
f 9681 9683 9684 9381
f 9681 9381 9379 9378
f 9684 9683 9685 9686
f 9684 9686 9687 9384
f 9684 9384 9382 9381
f 9687 9686 9688 9689
f 9687 9689 9690 9387
f 9687 9387 9385 9384
f 9690 9689 9691 9692
f 9690 9692 9693 9390
f 9690 9390 9388 9387
f 9693 9692 9694 9695
f 9693 9695 9696 9393
f 9693 9393 9391 9390
f 9696 9695 9697 9698
f 9696 9698 9699 9396
f 9696 9396 9394 9393
f 9699 9698 9700 9701
f 9699 9701 9702 9399
f 9699 9399 9397 9396
f 9702 9701 9703 9704
f 9702 9704 9705 9402
f 9702 9402 9400 9399
f 9705 9704 9706 9707
f 9705 9707 9708 9405
f 9705 9405 9403 9402
f 9708 9707 9709 9710
f 9708 9710 9711 9408
f 9708 9408 9406 9405
f 9711 9710 9712 9713
f 9711 9713 9714 9411
f 9711 9411 9409 9408
f 9714 9713 9715 9716
f 9714 9716 9717 9414
f 9714 9414 9412 9411
f 9717 9716 9718 9719
f 9717 9719 9720 9417
f 9717 9417 9415 9414
f 9720 9719 9721 9722
f 9720 9722 9723 9420
f 9720 9420 9418 9417
f 9723 9722 9724 9725
f 9723 9725 9726 9727
f 9723 9727 9421 9420
f 9727 9726 9728 9729
f 9727 9729 9422 9421
f 9729 9728 9730 9731
f 9729 9731 9424 9422
f 9731 9730 9732 9733
f 9731 9733 9426 9424
f 9733 9732 9435 9433
f 9733 9433 9428 9426
f 9732 9730 9734 9735
f 9732 9735 9437 9435
f 9735 9734 9736 9737
f 9735 9737 9738 9437
f 9738 9737 9739 9740
f 9738 9740 9741 9440
f 9738 9440 9438 9437
f 9741 9740 9742 9743
f 9741 9743 9744 9745
f 9741 9745 9441 9440
f 9745 9448 9442 9441
f 9745 9744 9746 9448
f 9746 9453 9449 9448
f 9746 9744 9747 9748
f 9746 9748 9749 9453
f 9749 9458 9454 9453
f 9749 9748 9750 9751
f 9749 9751 9752 9458
f 9752 9463 9459 9458
f 9752 9751 9753 9754
f 9752 9754 9755 9463
f 9755 9468 9464 9463
f 9755 9754 9756 9757
f 9755 9757 9758 9468
f 9758 9473 9469 9468
f 9758 9757 8540 8539
f 9758 8539 8538 9473
f 9757 9756 9759 8540
f 9759 9756 9760 9761
f 9759 9761 9762 9763
f 9759 9763 8541 8540
f 9763 9764 8542 8541
f 9763 9762 9765 9764
f 9765 9766 9767 9764
f 9765 9762 9768 9769
f 9765 9769 9770 9766
f 9770 9771 9772 9766
f 9770 9769 9773 9774
f 9770 9774 9775 9771
f 9775 9776 9777 9771
f 9775 9774 9778 9779
f 9775 9779 9780 9776
f 9780 9781 9782 9776
f 9780 9779 9783 9784
f 9780 9784 9785 9781
f 9785 9786 9787 9781
f 9785 9784 9788 9789
f 9785 9789 9790 9786
f 9790 9791 9792 9786
f 9790 9789 9793 9794
f 9790 9794 9795 9791
f 9795 9796 9797 9791
f 9795 9794 9798 9799
f 9795 9799 9800 9796
f 9800 9801 9802 9796
f 9800 9799 9803 9804
f 9800 9804 9805 9801
f 9805 9806 9807 9801
f 9805 9804 9808 9809
f 9805 9809 9810 9806
f 9810 9811 9812 9806
f 9810 9809 9813 9814
f 9810 9814 9815 9811
f 9815 9816 9817 9811
f 9815 9814 9818 9819
f 9815 9819 9820 9816
f 9820 9821 9822 9816
f 9820 9819 9823 9824
f 9820 9824 9825 9821
f 9825 9826 9827 9821
f 9825 9824 9828 9829
f 9825 9829 9830 9826
f 9830 9831 9832 9826
f 9830 9829 9833 9834
f 9830 9834 9835 9831
f 9835 9836 9837 9831
f 9835 9834 9838 9839
f 9835 9839 9840 9836
f 9840 9841 9842 9836
f 9840 9839 9843 9844
f 9840 9844 9845 9841
f 9845 9846 9847 9841
f 9845 9844 9848 9849
f 9845 9849 9850 9846
f 9850 9851 9852 9846
f 9850 9849 9853 9854
f 9850 9854 9855 9851
f 9855 9856 9857 9851
f 9855 9854 9858 9859
f 9855 9859 9860 9856
f 9860 9861 9862 9856
f 9860 9859 9863 9864
f 9860 9864 9865 9861
f 9865 9866 9867 9861
f 9865 9864 9868 9869
f 9865 9869 9870 9866
f 9870 9871 9872 9866
f 9870 9869 9873 9874
f 9870 9874 9875 9871
f 9875 9876 9877 9871
f 9875 9874 9878 9879
f 9875 9879 9880 9876
f 9880 9881 9882 9876
f 9880 9879 9883 9884
f 9880 9884 9885 9881
f 9885 9886 9887 9881
f 9885 9884 9888 9889
f 9885 9889 9890 9886
f 9890 9891 9892 9886
f 9890 9889 9893 9894
f 9890 9894 9895 9891
f 9895 9584 9582 9891
f 9895 9894 9896 9897
f 9895 9897 9586 9584
f 9897 9896 9898 9899
f 9897 9899 9588 9586
f 9899 9898 9900 9901
f 9899 9901 9902 9588
f 9902 9591 9589 9588
f 9902 9901 9903 9904
f 9902 9904 9905 9591
f 9905 9594 9592 9591
f 9905 9904 9906 9907
f 9905 9907 9596 9594
f 9907 9906 9908 9909
f 9907 9909 9598 9596
f 9909 9908 9910 9911
f 9909 9911 9912 9598
f 9912 9601 9599 9598
f 9912 9911 9913 9914
f 9912 9914 9915 9601
f 9915 9604 9602 9601
f 9915 9914 9916 9917
f 9915 9917 9918 9604
f 9918 9607 9605 9604
f 9918 9917 9919 9920
f 9918 9920 9921 9607
f 9921 9610 9608 9607
f 9921 9920 9922 9923
f 9921 9923 9924 9610
f 9924 9613 9611 9610
f 9924 9923 9925 9926
f 9924 9926 9927 9613
f 9927 9616 9614 9613
f 9927 9926 9928 9929
f 9927 9929 9930 9616
f 9930 9619 9617 9616
f 9930 9929 9931 9932
f 9930 9932 9933 9619
f 9933 9623 9620 9619
f 9933 9932 8550 9934
f 9933 9934 9625 9623
f 9934 8550 8549 9935
f 9934 9935 9627 9625
f 9935 8549 8554 9936
f 9935 9936 9629 9627
f 9936 8554 9937 9938
f 9936 9938 9636 9629
f 9938 9937 9939 9639
f 9938 9639 9637 9636
f 9939 9937 9940 9941
f 9939 9941 9644 9642
f 9939 9642 9640 9639
f 9941 9940 9942 9943
f 9941 9943 9646 9644
f 9943 9942 9944 9945
f 9943 9945 9946 9646
f 9946 9945 9947 9948
f 9946 9948 9949 9649
f 9946 9649 9647 9646
f 9949 9948 9950 9951
f 9949 9951 9952 9652
f 9949 9652 9650 9649
f 9952 9951 9953 9954
f 9952 9954 9955 9655
f 9952 9655 9653 9652
f 9955 9954 9956 9957
f 9955 9957 9958 9658
f 9955 9658 9656 9655
f 9958 9957 9959 9960
f 9958 9960 9961 9661
f 9958 9661 9659 9658
f 9961 9960 9962 9963
f 9961 9963 9964 9664
f 9961 9664 9662 9661
f 9964 9963 9965 9966
f 9964 9966 9967 9667
f 9964 9667 9665 9664
f 9967 9966 9968 9969
f 9967 9969 9970 9670
f 9967 9670 9668 9667
f 9970 9969 9971 9972
f 9970 9972 9973 9673
f 9970 9673 9671 9670
f 9973 9972 9974 9975
f 9973 9975 9976 9676
f 9973 9676 9674 9673
f 9976 9975 9977 9978
f 9976 9978 9979 9679
f 9976 9679 9677 9676
f 9979 9978 9980 9981
f 9979 9981 9982 9682
f 9979 9682 9680 9679
f 9982 9981 9983 9984
f 9982 9984 9985 9685
f 9982 9685 9683 9682
f 9985 9984 9986 9987
f 9985 9987 9988 9688
f 9985 9688 9686 9685
f 9988 9987 9989 9990
f 9988 9990 9991 9691
f 9988 9691 9689 9688
f 9991 9990 9992 9993
f 9991 9993 9994 9694
f 9991 9694 9692 9691
f 9994 9993 9995 9996
f 9994 9996 9997 9697
f 9994 9697 9695 9694
f 9997 9996 9998 9999
f 9997 9999 10000 9700
f 9997 9700 9698 9697
f 10000 9999 10001 10002
f 10000 10002 10003 9703
f 10000 9703 9701 9700
f 10003 10002 10004 10005
f 10003 10005 10006 9706
f 10003 9706 9704 9703
f 10006 10005 10007 10008
f 10006 10008 10009 9709
f 10006 9709 9707 9706
f 10009 10008 10010 10011
f 10009 10011 10012 9712
f 10009 9712 9710 9709
f 10012 10011 10013 10014
f 10012 10014 10015 9715
f 10012 9715 9713 9712
f 10015 10014 10016 10017
f 10015 10017 10018 9718
f 10015 9718 9716 9715
f 10018 10017 10019 10020
f 10018 10020 10021 9721
f 10018 9721 9719 9718
f 10021 10020 10022 10023
f 10021 10023 10024 9724
f 10021 9724 9722 9721
f 10024 10023 10025 10026
f 10024 10026 10027 10028
f 10024 10028 9725 9724
f 10028 10027 10029 10030
f 10028 10030 9726 9725
f 10030 10029 10031 10032
f 10030 10032 9728 9726
f 10032 10031 9736 9734
f 10032 9734 9730 9728
f 10031 10029 10033 10034
f 10031 10034 10035 9736
f 10035 10034 10036 10037
f 10035 10037 10038 9739
f 10035 9739 9737 9736
f 10038 10037 10039 10040
f 10038 10040 10041 9742
f 10038 9742 9740 9739
f 10041 10040 10042 10043
f 10041 10043 10044 10045
f 10041 10045 9743 9742
f 10045 10044 10046 9747
f 10045 9747 9744 9743
f 10046 9750 9748 9747
f 10046 10044 10047 10048
f 10046 10048 10049 9750
f 10049 9753 9751 9750
f 10049 10048 10050 10051
f 10049 10051 9760 9753
f 10051 10050 10052 10053
f 10051 10053 9761 9760
f 10053 10052 10054 9768
f 10053 9768 9762 9761
f 10054 9773 9769 9768
f 10054 10052 10055 10056
f 10054 10056 10057 9773
f 10057 9778 9774 9773
f 10057 10056 8547 8546
f 10057 8546 10058 9778
f 10058 9783 9779 9778
f 10058 8546 8545 10059
f 10058 10059 10060 9783
f 10060 9788 9784 9783
f 10060 10059 10061 10062
f 10060 10062 10063 9788
f 10063 9793 9789 9788
f 10063 10062 10064 10065
f 10063 10065 10066 9793
f 10066 9798 9794 9793
f 10066 10065 10067 10068
f 10066 10068 10069 9798
f 10069 9803 9799 9798
f 10069 10068 10070 10071
f 10069 10071 10072 9803
f 10072 9808 9804 9803
f 10072 10071 10073 10074
f 10072 10074 10075 9808
f 10075 9813 9809 9808
f 10075 10074 10076 10077
f 10075 10077 10078 9813
f 10078 9818 9814 9813
f 10078 10077 10079 10080
f 10078 10080 10081 9818
f 10081 9823 9819 9818
f 10081 10080 10082 10083
f 10081 10083 10084 9823
f 10084 9828 9824 9823
f 10084 10083 10085 10086
f 10084 10086 10087 9828
f 10087 9833 9829 9828
f 10087 10086 10088 10089
f 10087 10089 10090 9833
f 10090 9838 9834 9833
f 10090 10089 10091 10092
f 10090 10092 10093 9838
f 10093 9843 9839 9838
f 10093 10092 10094 10095
f 10093 10095 10096 9843
f 10096 9848 9844 9843
f 10096 10095 10097 10098
f 10096 10098 10099 9848
f 10099 9853 9849 9848
f 10099 10098 10100 10101
f 10099 10101 10102 9853
f 10102 9858 9854 9853
f 10102 10101 10103 10104
f 10102 10104 10105 9858
f 10105 9863 9859 9858
f 10105 10104 10106 10107
f 10105 10107 10108 9863
f 10108 9868 9864 9863
f 10108 10107 10109 10110
f 10108 10110 10111 9868
f 10111 9873 9869 9868
f 10111 10110 10112 10113
f 10111 10113 10114 9873
f 10114 9878 9874 9873
f 10114 10113 10115 10116
f 10114 10116 10117 9878
f 10117 9883 9879 9878
f 10117 10116 10118 10119
f 10117 10119 10120 9883
f 10120 9888 9884 9883
f 10120 10119 10121 10122
f 10120 10122 10123 9888
f 10123 9893 9889 9888
f 10123 10122 10124 10125
f 10123 10125 10126 9893
f 10126 9896 9894 9893
f 10126 10125 10127 10128
f 10126 10128 9898 9896
f 10128 10127 10129 10130
f 10128 10130 9900 9898
f 10130 10129 10131 10132
f 10130 10132 10133 9900
f 10133 9903 9901 9900
f 10133 10132 10134 10135
f 10133 10135 10136 9903
f 10136 9906 9904 9903
f 10136 10135 10137 10138
f 10136 10138 9908 9906
f 10138 10137 9965 10139
f 10138 10139 9910 9908
f 10139 9965 9963 9962
f 10139 9962 10140 9910
f 10140 9913 9911 9910
f 10140 9962 9960 9959
f 10140 9959 10141 9913
f 10141 9916 9914 9913
f 10141 9959 9957 9956
f 10141 9956 10142 9916
f 10142 9919 9917 9916
f 10142 9956 9954 9953
f 10142 9953 10143 9919
f 10143 9922 9920 9919
f 10143 9953 9951 9950
f 10143 9950 10144 9922
f 10144 9925 9923 9922
f 10144 9950 9948 9947
f 10144 9947 10145 9925
f 10145 9928 9926 9925
f 10145 9947 9945 9944
f 10145 9944 10146 9928
f 10146 9931 9929 9928
f 10146 9944 9942 8552
f 10146 8552 8551 9931
f 10137 10135 10134 9968
f 10137 9968 9966 9965
f 10134 10132 10131 9971
f 10134 9971 9969 9968
f 10131 10129 10147 9974
f 10131 9974 9972 9971
f 10147 10129 10127 10148
f 10147 10148 10149 9977
f 10147 9977 9975 9974
f 10149 10148 10124 10150
f 10149 10150 10151 9980
f 10149 9980 9978 9977
f 10151 10150 10121 10152
f 10151 10152 10153 9983
f 10151 9983 9981 9980
f 10153 10152 10118 10154
f 10153 10154 10155 9986
f 10153 9986 9984 9983
f 10155 10154 10115 10156
f 10155 10156 10157 9989
f 10155 9989 9987 9986
f 10157 10156 10112 10158
f 10157 10158 10159 9992
f 10157 9992 9990 9989
f 10159 10158 10109 10160
f 10159 10160 10161 9995
f 10159 9995 9993 9992
f 10161 10160 10106 10162
f 10161 10162 10163 9998
f 10161 9998 9996 9995
f 10163 10162 10103 10164
f 10163 10164 10165 10001
f 10163 10001 9999 9998
f 10165 10164 10100 10166
f 10165 10166 10167 10004
f 10165 10004 10002 10001
f 10167 10166 10097 10168
f 10167 10168 10169 10007
f 10167 10007 10005 10004
f 10169 10168 10094 10170
f 10169 10170 10171 10010
f 10169 10010 10008 10007
f 10171 10170 10091 10172
f 10171 10172 10173 10013
f 10171 10013 10011 10010
f 10173 10172 10088 10174
f 10173 10174 10175 10016
f 10173 10016 10014 10013
f 10175 10174 10085 10176
f 10175 10176 10177 10019
f 10175 10019 10017 10016
f 10177 10176 10082 10178
f 10177 10178 10179 10022
f 10177 10022 10020 10019
f 10179 10178 10079 10180
f 10179 10180 10181 10025
f 10179 10025 10023 10022
f 10181 10180 10076 10182
f 10181 10182 10183 10184
f 10181 10184 10026 10025
f 10184 10183 10185 10186
f 10184 10186 10027 10026
f 10186 10185 10187 10033
f 10186 10033 10029 10027
f 10187 10185 10188 10189
f 10187 10189 10190 10036
f 10187 10036 10034 10033
f 10190 10189 10191 10192
f 10190 10192 10193 10039
f 10190 10039 10037 10036
f 10193 10192 10194 10195
f 10193 10195 10196 10042
f 10193 10042 10040 10039
f 10196 10195 10197 10198
f 10196 10198 10199 10200
f 10196 10200 10043 10042
f 10200 10199 10201 10047
f 10200 10047 10044 10043
f 10201 10050 10048 10047
f 10201 10199 8548 10055
f 10201 10055 10052 10050
f 10199 10198 8543 8548
f 10198 10197 8544 8543
f 10197 10202 10061 8544
f 10197 10195 10194 10202
f 10202 10064 10062 10061
f 10202 10194 10203 10064
f 10203 10067 10065 10064
f 10203 10194 10192 10191
f 10203 10191 10204 10067
f 10204 10070 10068 10067
f 10204 10191 10189 10188
f 10204 10188 10205 10070
f 10205 10073 10071 10070
f 10205 10188 10185 10183
f 10205 10183 10182 10073
f 10182 10076 10074 10073
f 10180 10079 10077 10076
f 10178 10082 10080 10079
f 10176 10085 10083 10082
f 10174 10088 10086 10085
f 10172 10091 10089 10088
f 10170 10094 10092 10091
f 10168 10097 10095 10094
f 10166 10100 10098 10097
f 10164 10103 10101 10100
f 10162 10106 10104 10103
f 10160 10109 10107 10106
f 10158 10112 10110 10109
f 10156 10115 10113 10112
f 10154 10118 10116 10115
f 10152 10121 10119 10118
f 10150 10124 10122 10121
f 10148 10127 10125 10124
f 10061 10059 8545 8544
f 10056 10055 8548 8547
f 9942 9940 8553 8552
f 9940 9937 8554 8553
f 9932 9931 8551 8550
f 9892 9580 9578 10206
f 9892 10206 9887 9886
f 9892 9891 9582 9580
f 10206 9578 9576 9575
f 10206 9575 10207 9887
f 10207 9575 9573 9572
f 10207 9572 10208 9882
f 10207 9882 9881 9887
f 10208 9572 9570 9569
f 10208 9569 10209 9877
f 10208 9877 9876 9882
f 10209 9569 9567 9566
f 10209 9566 10210 9872
f 10209 9872 9871 9877
f 10210 9566 9564 9563
f 10210 9563 10211 9867
f 10210 9867 9866 9872
f 10211 9563 9561 9560
f 10211 9560 10212 9862
f 10211 9862 9861 9867
f 10212 9560 9558 9557
f 10212 9557 10213 9857
f 10212 9857 9856 9862
f 10213 9557 9555 9554
f 10213 9554 10214 9852
f 10213 9852 9851 9857
f 10214 9554 9552 9551
f 10214 9551 10215 9847
f 10214 9847 9846 9852
f 10215 9551 9549 9548
f 10215 9548 10216 9842
f 10215 9842 9841 9847
f 10216 9548 9546 9545
f 10216 9545 10217 9837
f 10216 9837 9836 9842
f 10217 9545 9543 9542
f 10217 9542 10218 9832
f 10217 9832 9831 9837
f 10218 9542 9540 9539
f 10218 9539 10219 9827
f 10218 9827 9826 9832
f 10219 9539 9537 9536
f 10219 9536 10220 9822
f 10219 9822 9821 9827
f 10220 9536 9534 9533
f 10220 9533 10221 9817
f 10220 9817 9816 9822
f 10221 9533 9531 10222
f 10221 10222 10223 9812
f 10221 9812 9811 9817
f 10223 10222 9528 10224
f 10223 10224 10225 9807
f 10223 9807 9806 9812
f 10225 10224 9523 10226
f 10225 10226 10227 9802
f 10225 9802 9801 9807
f 10227 10226 9518 10228
f 10227 10228 10229 9797
f 10227 9797 9796 9802
f 10229 10228 9513 10230
f 10229 10230 10231 9792
f 10229 9792 9791 9797
f 10231 10230 9508 10232
f 10231 10232 10233 9787
f 10231 9787 9786 9792
f 10233 10232 9503 10234
f 10233 10234 10235 9782
f 10233 9782 9781 9787
f 10235 10234 9498 10236
f 10235 10236 10237 9777
f 10235 9777 9776 9782
f 10237 10236 9493 10238
f 10237 10238 10239 9772
f 10237 9772 9771 9777
f 10239 10238 9488 10240
f 10239 10240 10241 9767
f 10239 9767 9766 9772
f 10241 10240 9483 10242
f 10241 10242 8537 8542
f 10241 8542 9764 9767
f 10242 9483 9479 9478
f 10242 9478 8538 8537
f 10240 9488 9484 9483
f 10238 9493 9489 9488
f 10236 9498 9494 9493
f 10234 9503 9499 9498
f 10232 9508 9504 9503
f 10230 9513 9509 9508
f 10228 9518 9514 9513
f 10226 9523 9519 9518
f 10224 9528 9524 9523
f 10222 9531 9529 9528
f 9760 9756 9754 9753
f 9636 9632 9630 9629
f 9622 10243 9317 9316
f 9622 8526 8525 10243
f 10243 8525 8524 9323
f 10243 9323 9321 9317
f 9527 9220 9218 10244
f 9527 10244 9522 9521
f 9527 9526 9222 9220
f 10244 9218 9216 9215
f 10244 9215 10245 9522
f 10245 9215 9213 9212
f 10245 9212 10246 9517
f 10245 9517 9516 9522
f 10246 9212 9210 9209
f 10246 9209 10247 9512
f 10246 9512 9511 9517
f 10247 9209 9207 9206
f 10247 9206 10248 9507
f 10247 9507 9506 9512
f 10248 9206 9204 9203
f 10248 9203 10249 9502
f 10248 9502 9501 9507
f 10249 9203 9201 9200
f 10249 9200 10250 9497
f 10249 9497 9496 9502
f 10250 9200 9198 9197
f 10250 9197 10251 9492
f 10250 9492 9491 9497
f 10251 9197 9195 9194
f 10251 9194 10252 9487
f 10251 9487 9486 9492
f 10252 9194 9192 9191
f 10252 9191 10253 9482
f 10252 9482 9481 9487
f 10253 9191 9189 9188
f 10253 9188 10254 9477
f 10253 9477 9476 9482
f 10254 9188 9186 9185
f 10254 9185 10255 9472
f 10254 9472 9471 9477
f 10255 9185 9183 9182
f 10255 9182 10256 9467
f 10255 9467 9466 9472
f 10256 9182 9180 9179
f 10256 9179 10257 9462
f 10256 9462 9461 9467
f 10257 9179 9177 9176
f 10257 9176 10258 9457
f 10257 9457 9456 9462
f 10258 9176 9174 9173
f 10258 9173 10259 9452
f 10258 9452 9451 9457
f 10259 9173 9171 9170
f 10259 9170 10260 9447
f 10259 9447 9446 9452
f 10260 9170 9168 9167
f 10260 9167 8517 8516
f 10260 8516 9444 9447
f 9478 9474 9473 8538
f 9326 9324 9323 8524
f 9311 9046 9043 9041
f 9311 9041 9040 9306
f 9167 9165 8520 8517
f 9163 9162 8521 8520
f 9162 9160 9159 8536
f 9162 8536 8522 8521
f 9019 8756 8530 8529
f 9010 9007 9005 9004
f 8769 8747 8746 8559
f 8769 8559 8558 8764
f 8754 8753 8531 8530
f 8682 8511 8499 8677
f 8670 8673 8499 8510
f 8518 8522 8536 8535
f 10261 10271 10272 10273
f 10261 10274 10275 10271
f 10261 10273 10276 10274
f 10262 10277 10278 10279
f 10262 10279 10280 10281
f 10262 10281 10282 10277
f 10263 10283 10284 10285
f 10263 10285 10286 10287
f 10263 10287 10288 10283
f 10264 10289 10290 10291
f 10264 10291 10292 10293
f 10264 10293 10294 10289
f 10265 10295 10296 10297
f 10265 10297 10298 10299
f 10265 10299 10300 10295
f 10266 10301 10302 10303
f 10266 10303 10304 10305
f 10266 10305 10306 10301
f 10267 10307 10308 10309
f 10267 10310 10311 10307
f 10267 10309 10312 10313
f 10267 10314 10315 10310
f 10267 10313 10316 10314
f 10268 10317 10318 10319
f 10268 10319 10320 10321
f 10268 10321 10322 10317
f 10269 10323 10324 10325
f 10269 10326 10327 10323
f 10269 10325 10328 10326
f 10270 10329 10330 10331
f 10270 10331 10332 10333
f 10270 10333 10312 10329
f 10333 10332 10334 10335
f 10333 10335 10313 10312
f 10335 10334 10336 10337
f 10335 10337 10316 10313
f 10337 10336 10338 10339
f 10337 10339 10340 10316
f 10340 10339 10341 10342
f 10340 10342 10343 10344
f 10340 10344 10314 10316
f 10344 10343 10345 10346
f 10344 10346 10315 10314
f 10346 10345 10347 10348
f 10346 10348 10349 10315
f 10349 10350 10310 10315
f 10349 10348 10351 10352
f 10349 10352 10353 10350
f 10353 10354 10355 10350
f 10353 10352 10356 10357
f 10353 10357 10358 10354
f 10358 10359 10360 10354
f 10358 10357 10361 10362
f 10358 10362 10363 10359
f 10363 10364 10365 10359
f 10363 10362 10366 10367
f 10363 10367 10368 10364
f 10368 10369 10370 10364
f 10368 10367 10371 10372
f 10368 10372 10373 10369
f 10373 10374 10375 10369
f 10373 10372 10376 10377
f 10373 10377 10378 10374
f 10378 10379 10380 10374
f 10378 10377 10381 10382
f 10378 10382 10383 10379
f 10383 10384 10385 10379
f 10383 10382 10386 10387
f 10383 10387 10388 10384
f 10388 10389 10390 10384
f 10388 10387 10391 10278
f 10388 10278 10277 10389
f 10391 10387 10386 10392
f 10391 10392 10393 10394
f 10391 10394 10279 10278
f 10394 10393 10395 10396
f 10394 10396 10280 10279
f 10396 10395 10397 10398
f 10396 10398 10399 10280
f 10399 10400 10281 10280
f 10399 10398 10401 10402
f 10399 10402 10403 10400
f 10403 10402 10404 10405
f 10403 10405 10406 10407
f 10403 10407 10408 10400
f 10408 10282 10281 10400
f 10408 10407 10409 10410
f 10408 10410 10411 10282
f 10411 10389 10277 10282
f 10411 10410 10412 10413
f 10411 10413 10390 10389
f 10413 10412 10414 10415
f 10413 10415 10416 10390
f 10416 10415 10417 10418
f 10416 10418 10419 10385
f 10416 10385 10384 10390
f 10419 10418 10420 10421
f 10419 10421 10422 10380
f 10419 10380 10379 10385
f 10422 10421 10423 10424
f 10422 10424 10425 10375
f 10422 10375 10374 10380
f 10425 10424 10426 10427
f 10425 10427 10428 10370
f 10425 10370 10369 10375
f 10428 10427 10429 10430
f 10428 10430 10431 10365
f 10428 10365 10364 10370
f 10431 10430 10432 10433
f 10431 10433 10434 10360
f 10431 10360 10359 10365
f 10434 10433 10435 10436
f 10434 10436 10311 10355
f 10434 10355 10354 10360
f 10436 10435 10437 10438
f 10436 10438 10307 10311
f 10438 10437 10439 10440
f 10438 10440 10308 10307
f 10440 10439 10441 10442
f 10440 10442 10443 10308
f 10443 10442 10444 10445
f 10443 10445 10446 10447
f 10443 10447 10309 10308
f 10447 10446 10330 10329
f 10447 10329 10312 10309
f 10446 10445 10448 10449
f 10446 10449 10450 10330
f 10450 10449 10451 10452
f 10450 10452 10453 10454
f 10450 10454 10331 10330
f 10454 10453 10455 10456
f 10454 10456 10332 10331
f 10456 10455 10457 10458
f 10456 10458 10334 10332
f 10458 10457 10459 10460
f 10458 10460 10336 10334
f 10460 10459 10461 10462
f 10460 10462 10338 10336
f 10462 10461 10463 10464
f 10462 10464 10465 10338
f 10465 10464 10466 10467
f 10465 10467 10468 10341
f 10465 10341 10339 10338
f 10468 10467 10469 10276
f 10468 10276 10273 10470
f 10468 10470 10342 10341
f 10470 10273 10272 10471
f 10470 10471 10343 10342
f 10471 10272 10472 10473
f 10471 10473 10345 10343
f 10473 10472 10290 10474
f 10473 10474 10347 10345
f 10474 10290 10289 10475
f 10474 10475 10476 10347
f 10476 10351 10348 10347
f 10476 10475 10477 10478
f 10476 10478 10479 10351
f 10479 10356 10352 10351
f 10479 10478 10480 10481
f 10479 10481 10482 10356
f 10482 10361 10357 10356
f 10482 10481 10483 10484
f 10482 10484 10485 10361
f 10485 10366 10362 10361
f 10485 10484 10486 10487
f 10485 10487 10488 10366
f 10488 10371 10367 10366
f 10488 10487 10489 10490
f 10488 10490 10491 10371
f 10491 10376 10372 10371
f 10491 10490 10492 10493
f 10491 10493 10494 10376
f 10494 10381 10377 10376
f 10494 10493 10495 10496
f 10494 10496 10497 10381
f 10497 10386 10382 10381
f 10497 10496 10498 10499
f 10497 10499 10392 10386
f 10499 10498 10500 10501
f 10499 10501 10393 10392
f 10501 10500 10502 10503
f 10501 10503 10395 10393
f 10503 10502 10504 10505
f 10503 10505 10397 10395
f 10505 10504 10506 10507
f 10505 10507 10508 10397
f 10508 10401 10398 10397
f 10508 10507 10327 10326
f 10508 10326 10328 10401
f 10507 10506 10509 10327
f 10509 10506 10510 10511
f 10509 10511 10512 10513
f 10509 10513 10323 10327
f 10513 10512 10514 10515
f 10513 10515 10324 10323
f 10515 10514 10516 10517
f 10515 10517 10518 10324
f 10518 10519 10325 10324
f 10518 10517 10520 10521
f 10518 10521 10522 10519
f 10522 10405 10404 10519
f 10522 10521 10523 10524
f 10522 10524 10406 10405
f 10524 10523 10525 10526
f 10524 10526 10527 10406
f 10527 10409 10407 10406
f 10527 10526 10528 10529
f 10527 10529 10530 10409
f 10530 10412 10410 10409
f 10530 10529 10531 10532
f 10530 10532 10414 10412
f 10532 10531 10533 10534
f 10532 10534 10535 10414
f 10535 10417 10415 10414
f 10535 10534 10536 10537
f 10535 10537 10538 10417
f 10538 10420 10418 10417
f 10538 10537 10539 10540
f 10538 10540 10541 10420
f 10541 10540 10318 10317
f 10541 10317 10322 10423
f 10541 10423 10421 10420
f 10540 10539 10542 10318
f 10542 10539 10543 10544
f 10542 10544 10545 10546
f 10542 10546 10319 10318
f 10546 10545 10286 10547
f 10546 10547 10320 10319
f 10547 10286 10285 10548
f 10547 10548 10549 10320
f 10549 10548 10550 10551
f 10549 10551 10429 10552
f 10549 10552 10321 10320
f 10552 10429 10427 10426
f 10552 10426 10322 10321
f 10551 10550 10553 10432
f 10551 10432 10430 10429
f 10553 10550 10284 10554
f 10553 10554 10437 10435
f 10553 10435 10433 10432
f 10554 10284 10283 10555
f 10554 10555 10439 10437
f 10555 10283 10288 10556
f 10555 10556 10441 10439
f 10556 10288 10557 10558
f 10556 10558 10559 10441
f 10559 10558 10560 10561
f 10559 10561 10562 10444
f 10559 10444 10442 10441
f 10562 10561 10563 10564
f 10562 10564 10565 10448
f 10562 10448 10445 10444
f 10565 10564 10566 10567
f 10565 10567 10568 10451
f 10565 10451 10449 10448
f 10568 10567 10569 10570
f 10568 10570 10571 10572
f 10568 10572 10452 10451
f 10572 10571 10573 10574
f 10572 10574 10453 10452
f 10574 10573 10575 10576
f 10574 10576 10455 10453
f 10576 10575 10577 10578
f 10576 10578 10457 10455
f 10578 10577 10579 10580
f 10578 10580 10459 10457
f 10580 10579 10581 10582
f 10580 10582 10461 10459
f 10582 10581 10583 10584
f 10582 10584 10463 10461
f 10584 10583 10585 10586
f 10584 10586 10587 10463
f 10587 10586 10588 10589
f 10587 10589 10590 10466
f 10587 10466 10464 10463
f 10590 10589 10591 10592
f 10590 10592 10593 10469
f 10590 10469 10467 10466
f 10593 10592 10594 10595
f 10593 10595 10275 10274
f 10593 10274 10276 10469
f 10595 10594 10596 10597
f 10595 10597 10598 10275
f 10598 10597 10599 10292
f 10598 10292 10291 10600
f 10598 10600 10271 10275
f 10600 10472 10272 10271
f 10600 10291 10290 10472
f 10599 10601 10602 10603
f 10599 10603 10293 10292
f 10599 10597 10596 10601
f 10603 10604 10294 10293
f 10603 10602 10605 10604
f 10605 10606 10607 10604
f 10605 10602 10608 10609
f 10605 10609 10610 10606
f 10610 10611 10612 10606
f 10610 10609 10613 10614
f 10610 10614 10615 10611
f 10615 10616 10617 10611
f 10615 10614 10618 10619
f 10615 10619 10620 10616
f 10620 10621 10622 10616
f 10620 10619 10623 10624
f 10620 10624 10625 10621
f 10625 10626 10627 10621
f 10625 10624 10628 10629
f 10625 10629 10630 10626
f 10630 10631 10632 10626
f 10630 10629 10633 10634
f 10630 10634 10635 10631
f 10635 10636 10637 10631
f 10635 10634 10638 10639
f 10635 10639 10640 10636
f 10640 10502 10500 10636
f 10640 10639 10641 10642
f 10640 10642 10504 10502
f 10642 10641 10643 10510
f 10642 10510 10506 10504
f 10643 10641 10644 10645
f 10643 10645 10646 10647
f 10643 10647 10511 10510
f 10647 10646 10648 10649
f 10647 10649 10512 10511
f 10649 10648 10650 10651
f 10649 10651 10514 10512
f 10651 10650 10652 10653
f 10651 10653 10516 10514
f 10653 10652 10654 10655
f 10653 10655 10656 10516
f 10656 10520 10517 10516
f 10656 10655 10657 10658
f 10656 10658 10659 10520
f 10659 10523 10521 10520
f 10659 10658 10660 10661
f 10659 10661 10525 10523
f 10661 10660 10662 10663
f 10661 10663 10664 10525
f 10664 10528 10526 10525
f 10664 10663 10665 10666
f 10664 10666 10667 10528
f 10667 10531 10529 10528
f 10667 10666 10668 10669
f 10667 10669 10533 10531
f 10669 10668 10670 10671
f 10669 10671 10672 10533
f 10672 10536 10534 10533
f 10672 10671 10673 10674
f 10672 10674 10543 10536
f 10674 10673 10675 10676
f 10674 10676 10544 10543
f 10676 10675 10557 10677
f 10676 10677 10545 10544
f 10677 10557 10288 10287
f 10677 10287 10286 10545
f 10675 10673 10678 10560
f 10675 10560 10558 10557
f 10678 10673 10671 10670
f 10678 10670 10679 10563
f 10678 10563 10561 10560
f 10679 10670 10668 10680
f 10679 10680 10681 10566
f 10679 10566 10564 10563
f 10681 10680 10665 10682
f 10681 10682 10683 10569
f 10681 10569 10567 10566
f 10683 10682 10662 10684
f 10683 10684 10685 10686
f 10683 10686 10570 10569
f 10686 10685 10687 10688
f 10686 10688 10571 10570
f 10688 10687 10689 10690
f 10688 10690 10573 10571
f 10690 10689 10691 10692
f 10690 10692 10575 10573
f 10692 10691 10693 10694
f 10692 10694 10577 10575
f 10694 10693 10695 10696
f 10694 10696 10579 10577
f 10696 10695 10697 10698
f 10696 10698 10581 10579
f 10698 10697 10699 10700
f 10698 10700 10583 10581
f 10700 10699 10701 10702
f 10700 10702 10585 10583
f 10702 10701 10703 10704
f 10702 10704 10705 10585
f 10705 10704 10706 10707
f 10705 10707 10708 10588
f 10705 10588 10586 10585
f 10708 10707 10304 10709
f 10708 10709 10710 10591
f 10708 10591 10589 10588
f 10710 10709 10711 10712
f 10710 10712 10596 10594
f 10710 10594 10592 10591
f 10712 10711 10713 10714
f 10712 10714 10601 10596
f 10714 10608 10602 10601
f 10714 10713 10715 10608
f 10715 10613 10609 10608
f 10715 10713 10302 10716
f 10715 10716 10717 10613
f 10717 10618 10614 10613
f 10717 10716 10718 10719
f 10717 10719 10720 10618
f 10720 10623 10619 10618
f 10720 10719 10721 10722
f 10720 10722 10723 10623
f 10723 10628 10624 10623
f 10723 10722 10724 10725
f 10723 10725 10726 10628
f 10726 10633 10629 10628
f 10726 10725 10727 10728
f 10726 10728 10729 10633
f 10729 10638 10634 10633
f 10729 10728 10730 10731
f 10729 10731 10644 10638
f 10731 10730 10732 10733
f 10731 10733 10645 10644
f 10733 10732 10734 10735
f 10733 10735 10646 10645
f 10735 10734 10736 10737
f 10735 10737 10648 10646
f 10737 10736 10300 10738
f 10737 10738 10650 10648
f 10738 10300 10299 10739
f 10738 10739 10652 10650
f 10739 10299 10298 10740
f 10739 10740 10654 10652
f 10740 10298 10741 10742
f 10740 10742 10743 10654
f 10743 10657 10655 10654
f 10743 10742 10744 10745
f 10743 10745 10746 10657
f 10746 10660 10658 10657
f 10746 10745 10685 10684
f 10746 10684 10662 10660
f 10745 10744 10687 10685
f 10744 10742 10741 10747
f 10744 10747 10689 10687
f 10747 10741 10748 10749
f 10747 10749 10691 10689
f 10749 10748 10750 10751
f 10749 10751 10693 10691
f 10751 10750 10752 10753
f 10751 10753 10695 10693
f 10753 10752 10754 10755
f 10753 10755 10697 10695
f 10755 10754 10756 10757
f 10755 10757 10699 10697
f 10757 10756 10758 10759
f 10757 10759 10701 10699
f 10759 10758 10760 10761
f 10759 10761 10703 10701
f 10761 10760 10762 10763
f 10761 10763 10764 10703
f 10764 10763 10765 10306
f 10764 10306 10305 10706
f 10764 10706 10704 10703
f 10765 10721 10719 10718
f 10765 10718 10301 10306
f 10765 10763 10762 10721
f 10762 10724 10722 10721
f 10762 10760 10766 10724
f 10766 10727 10725 10724
f 10766 10760 10758 10767
f 10766 10767 10768 10727
f 10768 10730 10728 10727
f 10768 10767 10769 10770
f 10768 10770 10732 10730
f 10770 10769 10771 10772
f 10770 10772 10734 10732
f 10772 10771 10773 10774
f 10772 10774 10736 10734
f 10774 10773 10296 10295
f 10774 10295 10300 10736
f 10773 10771 10754 10752
f 10773 10752 10750 10296
f 10771 10769 10756 10754
f 10769 10767 10758 10756
f 10750 10748 10297 10296
f 10748 10741 10298 10297
f 10718 10716 10302 10301
f 10713 10711 10303 10302
f 10711 10709 10304 10303
f 10707 10706 10305 10304
f 10682 10665 10663 10662
f 10680 10668 10666 10665
f 10644 10641 10639 10638
f 10637 10498 10496 10495
f 10637 10495 10632 10631
f 10637 10636 10500 10498
f 10632 10495 10493 10492
f 10632 10492 10627 10626
f 10627 10492 10490 10489
f 10627 10489 10622 10621
f 10622 10489 10487 10486
f 10622 10486 10617 10616
f 10617 10486 10484 10483
f 10617 10483 10612 10611
f 10612 10483 10481 10480
f 10612 10480 10607 10606
f 10607 10480 10478 10477
f 10607 10477 10294 10604
f 10550 10548 10285 10284
f 10543 10539 10537 10536
f 10519 10404 10328 10325
f 10477 10475 10289 10294
f 10426 10424 10423 10322
f 10404 10402 10401 10328
f 10355 10311 10310 10350
f 10775 10784 10785 10786
f 10775 10786 10787 10788
f 10775 10789 10790 10784
f 10775 10788 10791 10792
f 10775 10792 10777 10789
f 10776 10793 10794 10795
f 10776 10795 10796 10797
f 10776 10797 10798 10793
f 10777 10803 10804 10789
f 10777 10792 10805 10803
f 10778 10806 10807 10808
f 10778 10808 10809 10779
f 10778 10779 10810 10806
f 10779 10809 10811 10810
f 10780 10812 10813 10814
f 10780 10815 10816 10812
f 10780 10814 10817 10815
f 10781 10818 10819 10820
f 10781 10821 10822 10818
f 10781 10823 10824 10821
f 10781 10820 10825 10823
f 10782 10826 10827 10828
f 10782 10828 10829 10830
f 10782 10830 10831 10826
f 10783 10832 10833 10834
f 10783 10835 10836 10832
f 10783 10834 10837 10835
f 10837 10838 10839 10835
f 10837 10834 10840 10841
f 10837 10841 10842 10838
f 10842 10843 10844 10838
f 10842 10841 10845 10846
f 10842 10846 10847 10843
f 10847 10820 10819 10843
f 10847 10846 10848 10849
f 10847 10849 10825 10820
f 10849 10848 10850 10851
f 10849 10851 10852 10825
f 10852 10853 10823 10825
f 10852 10851 10854 10855
f 10852 10855 10856 10853
f 10856 10857 10858 10853
f 10856 10855 10859 10860
f 10856 10860 10807 10857
f 10860 10859 10861 10862
f 10860 10862 10808 10807
f 10862 10861 10863 10864
f 10862 10864 10809 10808
f 10864 10863 10815 10817
f 10864 10817 10811 10809
f 10863 10861 10865 10866
f 10863 10866 10816 10815
f 10866 10865 10867 10868
f 10866 10868 10869 10816
f 10869 10868 10870 10871
f 10869 10871 10872 10873
f 10869 10873 10812 10816
f 10873 10872 10874 10875
f 10873 10875 10813 10812
f 10875 10874 10876 10877
f 10875 10877 10878 10813
f 10878 10879 10814 10813
f 10878 10877 10880 10881
f 10878 10881 10882 10879
f 10882 10881 10883 10884
f 10882 10884 10806 10810
f 10882 10810 10811 10879
f 10884 10883 10858 10857
f 10884 10857 10807 10806
f 10883 10881 10880 10885
f 10883 10885 10824 10858
f 10885 10880 10886 10887
f 10885 10887 10821 10824
f 10887 10886 10888 10889
f 10887 10889 10822 10821
f 10889 10888 10804 10890
f 10889 10890 10891 10822
f 10891 10890 10892 10893
f 10891 10893 10894 10895
f 10891 10895 10818 10822
f 10895 10894 10896 10897
f 10895 10897 10819 10818
f 10897 10896 10898 10844
f 10897 10844 10843 10819
f 10898 10896 10899 10900
f 10898 10900 10901 10839
f 10898 10839 10838 10844
f 10901 10900 10902 10903
f 10901 10903 10904 10836
f 10901 10836 10835 10839
f 10904 10903 10905 10906
f 10904 10906 10907 10908
f 10904 10908 10832 10836
f 10908 10907 10828 10827
f 10908 10827 10833 10832
f 10907 10906 10909 10910
f 10907 10910 10829 10828
f 10910 10909 10911 10912
f 10910 10912 10913 10829
f 10913 10914 10830 10829
f 10913 10912 10915 10916
f 10913 10916 10917 10914
f 10917 10918 10919 10914
f 10917 10916 10920 10921
f 10917 10921 10922 10918
f 10922 10923 10924 10918
f 10922 10921 10925 10926
f 10922 10926 10927 10923
f 10927 10928 10929 10923
f 10927 10926 10930 10931
f 10927 10931 10932 10928
f 10932 10933 10934 10928
f 10932 10931 10935 10936
f 10932 10936 10870 10933
f 10936 10935 10937 10938
f 10936 10938 10871 10870
f 10938 10937 10786 10785
f 10938 10785 10872 10871
f 10937 10935 10939 10940
f 10937 10940 10787 10786
f 10940 10939 10941 10942
f 10940 10942 10943 10787
f 10943 10942 10944 10945
f 10943 10945 10797 10796
f 10943 10796 10788 10787
f 10945 10944 10946 10947
f 10945 10947 10798 10797
f 10947 10946 10948 10949
f 10947 10949 10950 10798
f 10950 10951 10793 10798
f 10950 10949 10952 10953
f 10950 10953 10954 10951
f 10954 10955 10956 10951
f 10954 10953 10957 10958
f 10954 10958 10959 10955
f 10959 10960 10961 10955
f 10959 10958 10962 10963
f 10959 10963 10964 10960
f 10964 10899 10965 10960
f 10964 10963 10966 10902
f 10964 10902 10900 10899
f 10966 10963 10962 10967
f 10966 10967 10968 10905
f 10966 10905 10903 10902
f 10968 10967 10969 10970
f 10968 10970 10911 10909
f 10968 10909 10906 10905
f 10970 10969 10971 10972
f 10970 10972 10973 10911
f 10973 10972 10974 10975
f 10973 10975 10976 10915
f 10973 10915 10912 10911
f 10976 10920 10916 10915
f 10976 10975 10977 10978
f 10976 10978 10979 10920
f 10979 10925 10921 10920
f 10979 10978 10980 10981
f 10979 10981 10982 10925
f 10982 10930 10926 10925
f 10982 10981 10983 10941
f 10982 10941 10939 10930
f 10983 10981 10980 10984
f 10983 10984 10946 10944
f 10983 10944 10942 10941
f 10984 10980 10985 10986
f 10984 10986 10948 10946
f 10986 10985 10987 10988
f 10986 10988 10989 10948
f 10989 10952 10949 10948
f 10989 10988 10800 10990
f 10989 10990 10991 10952
f 10991 10957 10953 10952
f 10991 10990 10992 10993
f 10991 10993 10994 10957
f 10994 10962 10958 10957
f 10994 10993 10971 10969
f 10994 10969 10967 10962
f 10993 10992 10995 10971
f 10995 10992 10799 10802
f 10995 10802 10996 10974
f 10995 10974 10972 10971
f 10996 10802 10801 10987
f 10996 10987 10985 10977
f 10996 10977 10975 10974
f 10992 10990 10800 10799
f 10988 10987 10801 10800
f 10985 10980 10978 10977
f 10965 10894 10893 10997
f 10965 10997 10961 10960
f 10965 10899 10896 10894
f 10997 10893 10892 10998
f 10997 10998 10999 10961
f 10999 10998 10805 11000
f 10999 11000 10794 10956
f 10999 10956 10955 10961
f 11000 10805 10792 10791
f 11000 10791 10795 10794
f 10998 10892 10803 10805
f 10956 10794 10793 10951
f 10939 10935 10931 10930
f 10934 11001 11002 11003
f 10934 11003 10929 10928
f 10934 10933 10867 11001
f 11003 11002 10850 11004
f 11003 11004 11005 10929
f 11005 11004 11006 11007
f 11005 11007 11008 10924
f 11005 10924 10923 10929
f 11008 11007 11009 11010
f 11008 11010 10831 10919
f 11008 10919 10918 10924
f 11010 11009 10840 11011
f 11010 11011 10826 10831
f 11011 10840 10834 10833
f 11011 10833 10827 10826
f 11009 10845 10841 10840
f 11009 11007 11006 10845
f 11006 10848 10846 10845
f 11006 11004 10850 10848
f 11002 10854 10851 10850
f 11002 11001 11012 10854
f 11012 10859 10855 10854
f 11012 11001 10867 10865
f 11012 10865 10861 10859
f 10933 10870 10868 10867
f 10919 10831 10830 10914
f 10892 10890 10804 10803
f 10888 10886 10876 10790
f 10888 10790 10789 10804
f 10886 10880 10877 10876
f 10879 10811 10817 10814
f 10876 10874 10784 10790
f 10874 10872 10785 10784
f 10858 10824 10823 10853
f 10796 10795 10791 10788
f 10799 10800 10801 10802
f 11013 11021 11022 11023
f 11013 11023 11024 11025
f 11013 11025 11026 11021
f 11014 11030 11031 11032
f 11014 11032 11033 11034
f 11014 11034 11035 11030
f 11015 11036 11037 11038
f 11015 11039 11040 11036
f 11015 11038 11041 11039
f 11016 11029 11042 11043
f 11016 11043 11044 11045
f 11017 11046 11047 11048
f 11017 11049 11050 11046
f 11017 11048 11051 11049
f 11018 11052 11053 11054
f 11018 11055 11056 11052
f 11018 11054 11057 11055
f 11019 11058 11059 11060
f 11019 11060 11061 11062
f 11019 11062 11063 11058
f 11020 11064 11065 11066
f 11020 11066 11067 11068
f 11020 11068 11069 11064
f 11069 11068 11070 11071
f 11069 11071 11072 11073
f 11069 11073 11074 11064
f 11074 11075 11065 11064
f 11074 11073 11076 11077
f 11074 11077 11078 11075
f 11078 11079 11080 11075
f 11078 11077 11081 11082
f 11078 11082 11083 11079
f 11083 11084 11085 11079
f 11083 11082 11086 11087
f 11083 11087 11088 11084
f 11088 11089 11090 11084
f 11088 11087 11091 11092
f 11088 11092 11093 11089
f 11093 11094 11095 11089
f 11093 11092 11096 11097
f 11093 11097 11098 11094
f 11098 11099 11100 11094
f 11098 11097 11101 11102
f 11098 11102 11103 11099
f 11103 11104 11105 11099
f 11103 11102 11106 11107
f 11103 11107 11108 11104
f 11108 11109 11110 11104
f 11108 11107 11111 11112
f 11108 11112 11113 11109
f 11113 11114 11115 11109
f 11113 11112 11116 11117
f 11113 11117 11118 11114
f 11118 11119 11120 11114
f 11118 11117 11121 11122
f 11118 11122 11123 11119
f 11123 11124 11125 11119
f 11123 11122 11126 11127
f 11123 11127 11128 11124
f 11128 11129 11026 11124
f 11128 11127 11130 11131
f 11128 11131 11132 11129
f 11132 11133 11134 11129
f 11132 11131 11135 11136
f 11132 11136 11137 11133
f 11137 11138 11139 11133
f 11137 11136 11140 11141
f 11137 11141 11142 11138
f 11142 11143 11144 11145
f 11142 11145 11146 11138
f 11142 11141 11147 11143
f 11147 11141 11140 11148
f 11147 11148 11149 11150
f 11147 11150 11151 11143
f 11151 11152 11153 11154
f 11151 11154 11144 11143
f 11151 11150 11155 11152
f 11155 11150 11149 11156
f 11155 11156 11037 11036
f 11155 11036 11040 11152
f 11156 11149 11157 11158
f 11156 11158 11159 11037
f 11159 11158 11160 11161
f 11159 11161 11162 11163
f 11159 11163 11038 11037
f 11163 11162 11164 11165
f 11163 11165 11041 11038
f 11165 11164 11166 11167
f 11165 11167 11168 11041
f 11168 11169 11039 11041
f 11168 11167 11170 11171
f 11168 11171 11172 11169
f 11172 11173 11174 11169
f 11172 11171 11175 11176
f 11172 11176 11177 11173
f 11177 11178 11179 11173
f 11177 11176 11180 11181
f 11177 11181 11182 11178
f 11182 11183 11184 11178
f 11182 11181 11185 11186
f 11182 11186 11187 11183
f 11187 11188 11189 11183
f 11187 11186 11190 11191
f 11187 11191 11033 11188
f 11191 11190 11192 11193
f 11191 11193 11034 11033
f 11193 11192 11194 11195
f 11193 11195 11035 11034
f 11195 11194 11055 11057
f 11195 11057 11196 11035
f 11196 11057 11054 11197
f 11196 11197 11198 11199
f 11196 11199 11030 11035
f 11199 11198 11200 11201
f 11199 11201 11031 11030
f 11201 11200 11202 11203
f 11201 11203 11204 11031
f 11204 11205 11032 11031
f 11204 11203 11206 11207
f 11204 11207 11208 11205
f 11208 11189 11188 11205
f 11208 11207 11209 11210
f 11208 11210 11211 11189
f 11211 11184 11183 11189
f 11211 11210 11212 11213
f 11211 11213 11214 11184
f 11214 11179 11178 11184
f 11214 11213 11144 11154
f 11214 11154 11153 11179
f 11213 11212 11145 11144
f 11212 11210 11209 11215
f 11212 11215 11146 11145
f 11215 11209 11216 11217
f 11215 11217 11218 11146
f 11218 11217 11219 11220
f 11218 11220 11221 11139
f 11218 11139 11138 11146
f 11221 11220 11222 11022
f 11221 11022 11021 11134
f 11221 11134 11133 11139
f 11222 11220 11219 11223
f 11222 11223 11224 11225
f 11222 11225 11023 11022
f 11225 11224 11226 11227
f 11225 11227 11024 11023
f 11227 11226 11228 11229
f 11227 11229 11230 11024
f 11230 11229 11231 11120
f 11230 11120 11119 11125
f 11230 11125 11025 11024
f 11231 11229 11228 11232
f 11231 11232 11233 11115
f 11231 11115 11114 11120
f 11233 11232 11234 11235
f 11233 11235 11236 11110
f 11233 11110 11109 11115
f 11236 11235 11237 11238
f 11236 11238 11239 11105
f 11236 11105 11104 11110
f 11239 11238 11240 11241
f 11239 11241 11242 11100
f 11239 11100 11099 11105
f 11242 11241 11243 11244
f 11242 11244 11245 11095
f 11242 11095 11094 11100
f 11245 11244 11246 11247
f 11245 11247 11248 11090
f 11245 11090 11089 11095
f 11248 11247 11249 11250
f 11248 11250 11251 11085
f 11248 11085 11084 11090
f 11251 11250 11252 11253
f 11251 11253 11254 11080
f 11251 11080 11079 11085
f 11254 11253 11255 11256
f 11254 11256 11066 11065
f 11254 11065 11075 11080
f 11256 11255 11257 11258
f 11256 11258 11067 11066
f 11258 11257 11259 11260
f 11258 11260 11261 11067
f 11261 11260 11262 11263
f 11261 11263 11264 11070
f 11261 11070 11068 11067
f 11264 11263 11265 11266
f 11264 11266 11267 11268
f 11264 11268 11071 11070
f 11268 11267 11269 11270
f 11268 11270 11072 11071
f 11270 11269 11045 11044
f 11270 11044 11271 11072
f 11271 11076 11073 11072
f 11271 11044 11043 11272
f 11271 11272 11273 11076
f 11273 11081 11077 11076
f 11273 11272 11274 11275
f 11273 11275 11276 11081
f 11276 11086 11082 11081
f 11276 11275 11277 11278
f 11276 11278 11279 11086
f 11279 11091 11087 11086
f 11279 11278 11280 11281
f 11279 11281 11282 11091
f 11282 11096 11092 11091
f 11282 11281 11283 11284
f 11282 11284 11285 11096
f 11285 11101 11097 11096
f 11285 11284 11050 11286
f 11285 11286 11287 11101
f 11287 11106 11102 11101
f 11287 11286 11288 11289
f 11287 11289 11290 11106
f 11290 11111 11107 11106
f 11290 11289 11291 11292
f 11290 11292 11293 11111
f 11293 11116 11112 11111
f 11293 11292 11294 11295
f 11293 11295 11296 11116
f 11296 11121 11117 11116
f 11296 11295 11297 11298
f 11296 11298 11299 11121
f 11299 11126 11122 11121
f 11299 11298 11300 11301
f 11299 11301 11302 11126
f 11302 11130 11127 11126
f 11302 11301 11303 11304
f 11302 11304 11305 11130
f 11305 11135 11131 11130
f 11305 11304 11306 11307
f 11305 11307 11308 11135
f 11308 11140 11136 11135
f 11308 11307 11309 11310
f 11308 11310 11148 11140
f 11310 11309 11311 11157
f 11310 11157 11149 11148
f 11311 11309 11312 11313
f 11311 11313 11314 11160
f 11311 11160 11158 11157
f 11314 11313 11315 11316
f 11314 11316 11317 11318
f 11314 11318 11161 11160
f 11318 11317 11319 11320
f 11318 11320 11162 11161
f 11320 11319 11321 11322
f 11320 11322 11164 11162
f 11322 11321 11323 11324
f 11322 11324 11166 11164
f 11324 11323 11325 11326
f 11324 11326 11327 11166
f 11327 11170 11167 11166
f 11327 11326 11328 11329
f 11327 11329 11330 11170
f 11330 11175 11171 11170
f 11330 11329 11331 11332
f 11330 11332 11333 11175
f 11333 11180 11176 11175
f 11333 11332 11334 11335
f 11333 11335 11336 11180
f 11336 11185 11181 11180
f 11336 11335 11337 11338
f 11336 11338 11339 11185
f 11339 11190 11186 11185
f 11339 11338 11340 11341
f 11339 11341 11192 11190
f 11341 11340 11342 11343
f 11341 11343 11194 11192
f 11343 11342 11344 11056
f 11343 11056 11055 11194
f 11344 11342 11345 11346
f 11344 11346 11347 11348
f 11344 11348 11052 11056
f 11348 11347 11349 11350
f 11348 11350 11053 11052
f 11350 11349 11351 11352
f 11350 11352 11353 11053
f 11353 11197 11054 11053
f 11353 11352 11354 11355
f 11353 11355 11198 11197
f 11355 11354 11356 11357
f 11355 11357 11200 11198
f 11357 11356 11358 11359
f 11357 11359 11202 11200
f 11359 11358 11360 11361
f 11359 11361 11362 11202
f 11362 11206 11203 11202
f 11362 11361 11363 11364
f 11362 11364 11216 11206
f 11364 11363 11223 11219
f 11364 11219 11217 11216
f 11363 11361 11360 11365
f 11363 11365 11224 11223
f 11365 11360 11366 11367
f 11365 11367 11226 11224
f 11367 11366 11368 11369
f 11367 11369 11228 11226
f 11369 11368 11370 11234
f 11369 11234 11232 11228
f 11370 11368 11371 11372
f 11370 11372 11373 11237
f 11370 11237 11235 11234
f 11373 11372 11374 11375
f 11373 11375 11376 11240
f 11373 11240 11238 11237
f 11376 11375 11377 11378
f 11376 11378 11379 11243
f 11376 11243 11241 11240
f 11379 11378 11380 11381
f 11379 11381 11382 11246
f 11379 11246 11244 11243
f 11382 11381 11383 11384
f 11382 11384 11385 11249
f 11382 11249 11247 11246
f 11385 11384 11386 11387
f 11385 11387 11388 11252
f 11385 11252 11250 11249
f 11388 11387 11389 11390
f 11388 11390 11257 11255
f 11388 11255 11253 11252
f 11390 11389 11391 11392
f 11390 11392 11259 11257
f 11392 11391 11393 11394
f 11392 11394 11395 11259
f 11395 11394 11396 11397
f 11395 11397 11398 11262
f 11395 11262 11260 11259
f 11398 11397 11399 11400
f 11398 11400 11401 11265
f 11398 11265 11263 11262
f 11401 11400 11402 11403
f 11401 11403 11404 11405
f 11401 11405 11266 11265
f 11405 11404 11406 11407
f 11405 11407 11267 11266
f 11407 11406 11408 11409
f 11407 11409 11269 11267
f 11409 11408 11410 11411
f 11409 11411 11045 11269
f 11411 11410 11412 11027
f 11411 11027 11016 11045
f 11412 11413 11414 11415
f 11412 11415 11028 11027
f 11412 11410 11416 11413
f 11416 11417 11418 11413
f 11416 11410 11408 11419
f 11416 11419 11420 11417
f 11420 11421 11422 11417
f 11420 11419 11423 11424
f 11420 11424 11425 11421
f 11425 11426 11427 11421
f 11425 11424 11428 11059
f 11425 11059 11058 11426
f 11428 11424 11423 11429
f 11428 11429 11430 11431
f 11428 11431 11060 11059
f 11431 11432 11061 11060
f 11431 11430 11433 11432
f 11433 11434 11435 11432
f 11433 11430 11403 11402
f 11433 11402 11436 11434
f 11436 11437 11438 11434
f 11436 11402 11400 11399
f 11436 11399 11439 11437
f 11439 11440 11441 11437
f 11439 11399 11397 11396
f 11439 11396 11442 11440
f 11442 11443 11444 11440
f 11442 11396 11394 11393
f 11442 11393 11445 11443
f 11445 11446 11447 11443
f 11445 11393 11391 11448
f 11445 11448 11449 11446
f 11449 11450 11451 11446
f 11449 11448 11452 11453
f 11449 11453 11454 11450
f 11454 11455 11456 11450
f 11454 11453 11457 11458
f 11454 11458 11459 11455
f 11459 11460 11461 11455
f 11459 11458 11462 11463
f 11459 11463 11464 11460
f 11464 11465 11466 11460
f 11464 11463 11467 11468
f 11464 11468 11469 11465
f 11469 11351 11349 11465
f 11469 11468 11470 11471
f 11469 11471 11472 11351
f 11472 11354 11352 11351
f 11472 11471 11473 11474
f 11472 11474 11356 11354
f 11474 11473 11371 11475
f 11474 11475 11358 11356
f 11475 11371 11368 11366
f 11475 11366 11360 11358
f 11473 11471 11470 11374
f 11473 11374 11372 11371
f 11470 11468 11467 11377
f 11470 11377 11375 11374
f 11467 11463 11462 11380
f 11467 11380 11378 11377
f 11466 11347 11346 11476
f 11466 11476 11461 11460
f 11466 11465 11349 11347
f 11476 11346 11345 11477
f 11476 11477 11478 11461
f 11478 11477 11479 11480
f 11478 11480 11481 11456
f 11478 11456 11455 11461
f 11481 11480 11482 11483
f 11481 11483 11484 11451
f 11481 11451 11450 11456
f 11484 11483 11485 11486
f 11484 11486 11487 11447
f 11484 11447 11446 11451
f 11487 11486 11488 11489
f 11487 11489 11490 11444
f 11487 11444 11443 11447
f 11490 11489 11491 11492
f 11490 11492 11493 11441
f 11490 11441 11440 11444
f 11493 11492 11494 11495
f 11493 11495 11496 11438
f 11493 11438 11437 11441
f 11496 11495 11497 11498
f 11496 11498 11499 11435
f 11496 11435 11434 11438
f 11499 11498 11500 11501
f 11499 11501 11062 11061
f 11499 11061 11432 11435
f 11501 11500 11502 11503
f 11501 11503 11063 11062
f 11503 11502 11504 11505
f 11503 11505 11506 11063
f 11506 11505 11507 11508
f 11506 11508 11427 11426
f 11506 11426 11058 11063
f 11508 11507 11509 11510
f 11508 11510 11511 11427
f 11511 11510 11512 11513
f 11511 11513 11514 11422
f 11511 11422 11421 11427
f 11514 11513 11515 11516
f 11514 11516 11517 11418
f 11514 11418 11417 11422
f 11517 11516 11518 11519
f 11517 11519 11520 11414
f 11517 11414 11413 11418
f 11520 11519 11521 11522
f 11520 11522 11523 11524
f 11520 11524 11415 11414
f 11524 11523 11042 11029
f 11524 11029 11028 11415
f 11523 11522 11525 11526
f 11523 11526 11274 11042
f 11526 11277 11275 11274
f 11526 11525 11527 11277
f 11527 11280 11278 11277
f 11527 11525 11528 11529
f 11527 11529 11530 11280
f 11530 11283 11281 11280
f 11530 11529 11531 11047
f 11530 11047 11046 11283
f 11531 11532 11048 11047
f 11531 11529 11528 11533
f 11531 11533 11534 11532
f 11534 11535 11536 11532
f 11534 11533 11537 11538
f 11534 11538 11539 11535
f 11539 11540 11541 11535
f 11539 11538 11542 11543
f 11539 11543 11544 11540
f 11544 11545 11546 11540
f 11544 11543 11547 11548
f 11544 11548 11549 11545
f 11549 11550 11551 11545
f 11549 11548 11552 11553
f 11549 11553 11554 11550
f 11554 11555 11556 11550
f 11554 11553 11557 11558
f 11554 11558 11559 11555
f 11559 11560 11561 11555
f 11559 11558 11562 11563
f 11559 11563 11564 11560
f 11564 11316 11315 11560
f 11564 11563 11565 11566
f 11564 11566 11317 11316
f 11566 11565 11567 11568
f 11566 11568 11319 11317
f 11568 11567 11569 11570
f 11568 11570 11321 11319
f 11570 11569 11571 11572
f 11570 11572 11323 11321
f 11572 11571 11494 11573
f 11572 11573 11325 11323
f 11573 11494 11492 11491
f 11573 11491 11574 11325
f 11574 11328 11326 11325
f 11574 11491 11489 11488
f 11574 11488 11575 11328
f 11575 11331 11329 11328
f 11575 11488 11486 11485
f 11575 11485 11576 11331
f 11576 11334 11332 11331
f 11576 11485 11483 11482
f 11576 11482 11577 11334
f 11577 11337 11335 11334
f 11577 11482 11480 11479
f 11577 11479 11578 11337
f 11578 11340 11338 11337
f 11578 11479 11477 11345
f 11578 11345 11342 11340
f 11571 11569 11579 11497
f 11571 11497 11495 11494
f 11579 11569 11567 11580
f 11579 11580 11502 11500
f 11579 11500 11498 11497
f 11580 11567 11565 11581
f 11580 11581 11504 11502
f 11581 11565 11563 11562
f 11581 11562 11582 11504
f 11582 11562 11558 11557
f 11582 11557 11509 11507
f 11582 11507 11505 11504
f 11561 11583 11584 11585
f 11561 11585 11556 11555
f 11561 11560 11315 11583
f 11585 11584 11303 11586
f 11585 11586 11587 11556
f 11587 11586 11300 11588
f 11587 11588 11589 11551
f 11587 11551 11550 11556
f 11589 11588 11297 11590
f 11589 11590 11591 11546
f 11589 11546 11545 11551
f 11591 11590 11294 11592
f 11591 11592 11593 11541
f 11591 11541 11540 11546
f 11593 11592 11291 11594
f 11593 11594 11051 11536
f 11593 11536 11535 11541
f 11594 11291 11289 11288
f 11594 11288 11049 11051
f 11592 11294 11292 11291
f 11590 11297 11295 11294
f 11588 11300 11298 11297
f 11586 11303 11301 11300
f 11584 11306 11304 11303
f 11584 11583 11312 11306
f 11583 11315 11313 11312
f 11557 11553 11552 11509
f 11552 11548 11547 11512
f 11552 11512 11510 11509
f 11547 11543 11542 11515
f 11547 11515 11513 11512
f 11542 11538 11537 11518
f 11542 11518 11516 11515
f 11537 11533 11528 11521
f 11537 11521 11519 11518
f 11536 11051 11048 11532
f 11528 11525 11522 11521
f 11462 11458 11457 11383
f 11462 11383 11381 11380
f 11457 11453 11452 11386
f 11457 11386 11384 11383
f 11452 11448 11391 11389
f 11452 11389 11387 11386
f 11430 11429 11404 11403
f 11429 11423 11406 11404
f 11423 11419 11408 11406
f 11312 11309 11307 11306
f 11288 11286 11050 11049
f 11284 11283 11046 11050
f 11274 11272 11043 11042
f 11216 11209 11207 11206
f 11205 11188 11033 11032
f 11179 11153 11174 11173
f 11174 11153 11152 11040
f 11174 11040 11039 11169
f 11134 11021 11026 11129
f 11125 11124 11026 11025
f 11016 11027 11028 11029
f 11595 11603 11604 11605
f 11595 11605 11606 11607
f 11595 11607 11608 11603
f 11596 11609 11610 11611
f 11596 11612 11613 11609
f 11596 11611 11614 11612
f 11597 11615 11616 11617
f 11597 11618 11619 11615
f 11597 11617 11620 11618
f 11598 11621 11622 11623
f 11598 11623 11624 11625
f 11598 11625 11626 11621
f 11599 11627 11628 11629
f 11599 11630 11631 11627
f 11599 11629 11632 11630
f 11600 11633 11634 11635
f 11600 11635 11636 11637
f 11600 11637 11638 11633
f 11601 11639 11640 11641
f 11601 11642 11643 11639
f 11601 11641 11644 11642
f 11602 11645 11646 11647
f 11602 11648 11649 11645
f 11602 11647 11650 11648
f 11650 11647 11651 11652
f 11650 11652 11653 11654
f 11650 11654 11655 11648
f 11655 11656 11649 11648
f 11655 11654 11657 11658
f 11655 11658 11659 11656
f 11659 11660 11661 11656
f 11659 11658 11662 11663
f 11659 11663 11664 11660
f 11664 11665 11666 11660
f 11664 11663 11667 11668
f 11664 11668 11669 11665
f 11669 11670 11671 11665
f 11669 11668 11672 11673
f 11669 11673 11674 11670
f 11674 11675 11676 11670
f 11674 11673 11677 11678
f 11674 11678 11679 11675
f 11679 11680 11681 11675
f 11679 11678 11682 11683
f 11679 11683 11684 11680
f 11684 11685 11686 11680
f 11684 11683 11687 11688
f 11684 11688 11689 11685
f 11689 11690 11691 11685
f 11689 11688 11692 11693
f 11689 11693 11694 11690
f 11694 11695 11696 11690
f 11694 11693 11697 11698
f 11694 11698 11699 11695
f 11699 11700 11701 11695
f 11699 11698 11702 11703
f 11699 11703 11704 11700
f 11704 11705 11706 11700
f 11704 11703 11707 11708
f 11704 11708 11709 11705
f 11709 11710 11711 11705
f 11709 11708 11712 11713
f 11709 11713 11714 11710
f 11714 11715 11716 11710
f 11714 11713 11717 11718
f 11714 11718 11719 11715
f 11719 11720 11721 11715
f 11719 11718 11722 11723
f 11719 11723 11724 11720
f 11724 11725 11726 11720
f 11724 11723 11727 11728
f 11724 11728 11729 11725
f 11729 11730 11731 11725
f 11729 11728 11732 11733
f 11729 11733 11734 11730
f 11734 11735 11736 11730
f 11734 11733 11737 11608
f 11734 11608 11607 11735
f 11737 11733 11732 11738
f 11737 11738 11739 11740
f 11737 11740 11603 11608
f 11740 11739 11741 11742
f 11740 11742 11604 11603
f 11742 11741 11743 11744
f 11742 11744 11745 11604
f 11745 11744 11746 11747
f 11745 11747 11748 11749
f 11745 11749 11605 11604
f 11749 11748 11750 11751
f 11749 11751 11606 11605
f 11751 11750 11752 11753
f 11751 11753 11754 11606
f 11754 11753 11755 11756
f 11754 11756 11736 11735
f 11754 11735 11607 11606
f 11756 11755 11757 11758
f 11756 11758 11759 11736
f 11759 11758 11760 11761
f 11759 11761 11762 11731
f 11759 11731 11730 11736
f 11762 11761 11763 11764
f 11762 11764 11765 11726
f 11762 11726 11725 11731
f 11765 11764 11766 11767
f 11765 11767 11768 11721
f 11765 11721 11720 11726
f 11768 11767 11769 11770
f 11768 11770 11771 11716
f 11768 11716 11715 11721
f 11771 11770 11772 11773
f 11771 11773 11774 11711
f 11771 11711 11710 11716
f 11774 11773 11775 11776
f 11774 11776 11777 11706
f 11774 11706 11705 11711
f 11777 11776 11778 11779
f 11777 11779 11780 11701
f 11777 11701 11700 11706
f 11780 11779 11781 11782
f 11780 11782 11783 11696
f 11780 11696 11695 11701
f 11783 11782 11784 11785
f 11783 11785 11786 11691
f 11783 11691 11690 11696
f 11786 11785 11787 11788
f 11786 11788 11789 11686
f 11786 11686 11685 11691
f 11789 11788 11790 11791
f 11789 11791 11792 11681
f 11789 11681 11680 11686
f 11792 11791 11793 11794
f 11792 11794 11795 11676
f 11792 11676 11675 11681
f 11795 11794 11796 11797
f 11795 11797 11798 11671
f 11795 11671 11670 11676
f 11798 11797 11799 11800
f 11798 11800 11801 11666
f 11798 11666 11665 11671
f 11801 11800 11802 11803
f 11801 11803 11804 11661
f 11801 11661 11660 11666
f 11804 11803 11805 11806
f 11804 11806 11645 11649
f 11804 11649 11656 11661
f 11806 11805 11807 11808
f 11806 11808 11646 11645
f 11808 11807 11809 11810
f 11808 11810 11811 11646
f 11811 11810 11812 11813
f 11811 11813 11814 11651
f 11811 11651 11647 11646
f 11814 11813 11815 11816
f 11814 11816 11817 11818
f 11814 11818 11652 11651
f 11818 11817 11819 11820
f 11818 11820 11653 11652
f 11820 11819 11821 11822
f 11820 11822 11823 11653
f 11823 11657 11654 11653
f 11823 11822 11824 11825
f 11823 11825 11826 11657
f 11826 11662 11658 11657
f 11826 11825 11827 11828
f 11826 11828 11829 11662
f 11829 11667 11663 11662
f 11829 11828 11830 11831
f 11829 11831 11832 11667
f 11832 11672 11668 11667
f 11832 11831 11833 11834
f 11832 11834 11835 11672
f 11835 11677 11673 11672
f 11835 11834 11836 11837
f 11835 11837 11838 11677
f 11838 11682 11678 11677
f 11838 11837 11839 11840
f 11838 11840 11841 11682
f 11841 11687 11683 11682
f 11841 11840 11842 11843
f 11841 11843 11844 11687
f 11844 11692 11688 11687
f 11844 11843 11845 11846
f 11844 11846 11847 11692
f 11847 11697 11693 11692
f 11847 11846 11848 11849
f 11847 11849 11850 11697
f 11850 11702 11698 11697
f 11850 11849 11851 11852
f 11850 11852 11853 11702
f 11853 11707 11703 11702
f 11853 11852 11854 11855
f 11853 11855 11856 11707
f 11856 11712 11708 11707
f 11856 11855 11857 11858
f 11856 11858 11859 11712
f 11859 11717 11713 11712
f 11859 11858 11860 11861
f 11859 11861 11862 11717
f 11862 11722 11718 11717
f 11862 11861 11863 11864
f 11862 11864 11865 11722
f 11865 11727 11723 11722
f 11865 11864 11866 11867
f 11865 11867 11868 11727
f 11868 11732 11728 11727
f 11868 11867 11869 11870
f 11868 11870 11738 11732
f 11870 11869 11871 11872
f 11870 11872 11739 11738
f 11872 11871 11873 11874
f 11872 11874 11741 11739
f 11874 11873 11875 11876
f 11874 11876 11743 11741
f 11876 11875 11877 11878
f 11876 11878 11879 11743
f 11879 11878 11880 11881
f 11879 11881 11882 11746
f 11879 11746 11744 11743
f 11882 11881 11883 11884
f 11882 11884 11885 11886
f 11882 11886 11747 11746
f 11886 11885 11887 11888
f 11886 11888 11748 11747
f 11888 11887 11889 11890
f 11888 11890 11750 11748
f 11890 11889 11891 11892
f 11890 11892 11752 11750
f 11892 11891 11893 11894
f 11892 11894 11895 11752
f 11895 11894 11896 11897
f 11895 11897 11757 11755
f 11895 11755 11753 11752
f 11897 11896 11898 11899
f 11897 11899 11900 11757
f 11900 11899 11901 11902
f 11900 11902 11903 11760
f 11900 11760 11758 11757
f 11903 11902 11904 11905
f 11903 11905 11906 11763
f 11903 11763 11761 11760
f 11906 11905 11907 11908
f 11906 11908 11909 11766
f 11906 11766 11764 11763
f 11909 11908 11910 11911
f 11909 11911 11912 11769
f 11909 11769 11767 11766
f 11912 11911 11913 11914
f 11912 11914 11915 11772
f 11912 11772 11770 11769
f 11915 11914 11916 11917
f 11915 11917 11918 11775
f 11915 11775 11773 11772
f 11918 11917 11919 11920
f 11918 11920 11921 11778
f 11918 11778 11776 11775
f 11921 11920 11922 11923
f 11921 11923 11924 11781
f 11921 11781 11779 11778
f 11924 11923 11925 11926
f 11924 11926 11927 11784
f 11924 11784 11782 11781
f 11927 11926 11928 11929
f 11927 11929 11930 11787
f 11927 11787 11785 11784
f 11930 11929 11931 11932
f 11930 11932 11933 11790
f 11930 11790 11788 11787
f 11933 11932 11934 11935
f 11933 11935 11936 11793
f 11933 11793 11791 11790
f 11936 11935 11937 11938
f 11936 11938 11939 11796
f 11936 11796 11794 11793
f 11939 11938 11940 11941
f 11939 11941 11942 11799
f 11939 11799 11797 11796
f 11942 11941 11943 11944
f 11942 11944 11945 11802
f 11942 11802 11800 11799
f 11945 11944 11946 11947
f 11945 11947 11807 11805
f 11945 11805 11803 11802
f 11947 11946 11948 11949
f 11947 11949 11809 11807
f 11949 11948 11950 11951
f 11949 11951 11952 11809
f 11952 11951 11953 11954
f 11952 11954 11955 11812
f 11952 11812 11810 11809
f 11955 11954 11956 11957
f 11955 11957 11958 11815
f 11955 11815 11813 11812
f 11958 11957 11959 11960
f 11958 11960 11961 11962
f 11958 11962 11816 11815
f 11962 11961 11963 11964
f 11962 11964 11817 11816
f 11964 11963 11965 11966
f 11964 11966 11819 11817
f 11966 11965 11967 11968
f 11966 11968 11821 11819
f 11968 11967 11969 11970
f 11968 11970 11971 11821
f 11971 11824 11822 11821
f 11971 11970 11972 11973
f 11971 11973 11974 11824
f 11974 11827 11825 11824
f 11974 11973 11975 11976
f 11974 11976 11977 11827
f 11977 11830 11828 11827
f 11977 11976 11978 11979
f 11977 11979 11980 11830
f 11980 11833 11831 11830
f 11980 11979 11981 11982
f 11980 11982 11983 11833
f 11983 11836 11834 11833
f 11983 11982 11984 11985
f 11983 11985 11986 11836
f 11986 11839 11837 11836
f 11986 11985 11987 11988
f 11986 11988 11989 11839
f 11989 11842 11840 11839
f 11989 11988 11990 11991
f 11989 11991 11992 11842
f 11992 11845 11843 11842
f 11992 11991 11993 11994
f 11992 11994 11995 11845
f 11995 11848 11846 11845
f 11995 11994 11996 11997
f 11995 11997 11998 11848
f 11998 11851 11849 11848
f 11998 11997 11999 12000
f 11998 12000 12001 11851
f 12001 11854 11852 11851
f 12001 12000 12002 12003
f 12001 12003 12004 11854
f 12004 11857 11855 11854
f 12004 12003 12005 12006
f 12004 12006 12007 11857
f 12007 11860 11858 11857
f 12007 12006 12008 12009
f 12007 12009 12010 11860
f 12010 11863 11861 11860
f 12010 12009 12011 12012
f 12010 12012 12013 11863
f 12013 11866 11864 11863
f 12013 12012 12014 12015
f 12013 12015 12016 11866
f 12016 11869 11867 11866
f 12016 12015 12017 12018
f 12016 12018 11871 11869
f 12018 12017 12019 12020
f 12018 12020 11873 11871
f 12020 12019 12021 12022
f 12020 12022 11875 11873
f 12022 12021 12023 12024
f 12022 12024 11877 11875
f 12024 12023 12025 12026
f 12024 12026 12027 11877
f 12027 12026 12028 12029
f 12027 12029 12030 11880
f 12027 11880 11878 11877
f 12030 12029 12031 12032
f 12030 12032 12033 11883
f 12030 11883 11881 11880
f 12033 12032 12034 12035
f 12033 12035 11630 11632
f 12033 11632 11884 11883
f 12035 12034 12036 12037
f 12035 12037 11631 11630
f 12037 12036 12038 12039
f 12037 12039 12040 11631
f 12040 12039 12041 12042
f 12040 12042 12043 12044
f 12040 12044 11627 11631
f 12044 12043 12045 12046
f 12044 12046 11628 11627
f 12046 12045 11891 11889
f 12046 11889 11887 11628
f 12045 12043 12047 12048
f 12045 12048 11893 11891
f 12048 12047 12049 12050
f 12048 12050 12051 11893
f 12051 12050 12052 12053
f 12051 12053 11898 11896
f 12051 11896 11894 11893
f 12053 12052 12054 12055
f 12053 12055 12056 11898
f 12056 12055 12057 12058
f 12056 12058 12059 11901
f 12056 11901 11899 11898
f 12059 12058 12060 12061
f 12059 12061 12062 11904
f 12059 11904 11902 11901
f 12062 12061 12063 12064
f 12062 12064 12065 11907
f 12062 11907 11905 11904
f 12065 12064 12066 12067
f 12065 12067 12068 11910
f 12065 11910 11908 11907
f 12068 12067 12069 12070
f 12068 12070 12071 11913
f 12068 11913 11911 11910
f 12071 12070 12072 12073
f 12071 12073 12074 11916
f 12071 11916 11914 11913
f 12074 12073 12075 12076
f 12074 12076 12077 11919
f 12074 11919 11917 11916
f 12077 12076 12078 12079
f 12077 12079 12080 11922
f 12077 11922 11920 11919
f 12080 12079 12081 12082
f 12080 12082 12083 11925
f 12080 11925 11923 11922
f 12083 12082 12084 12085
f 12083 12085 12086 11928
f 12083 11928 11926 11925
f 12086 12085 12087 12088
f 12086 12088 12089 11931
f 12086 11931 11929 11928
f 12089 12088 12090 12091
f 12089 12091 12092 11934
f 12089 11934 11932 11931
f 12092 12091 12093 12094
f 12092 12094 12095 11937
f 12092 11937 11935 11934
f 12095 12094 12096 12097
f 12095 12097 12098 11940
f 12095 11940 11938 11937
f 12098 12097 12099 12100
f 12098 12100 12101 11943
f 12098 11943 11941 11940
f 12101 12100 12102 12103
f 12101 12103 11948 11946
f 12101 11946 11944 11943
f 12103 12102 12104 12105
f 12103 12105 11950 11948
f 12105 12104 12106 12107
f 12105 12107 12108 11950
f 12108 12107 11617 11616
f 12108 11616 12109 11953
f 12108 11953 11951 11950
f 12109 11616 11615 12110
f 12109 12110 12111 11956
f 12109 11956 11954 11953
f 12111 12110 12112 12113
f 12111 12113 12114 11959
f 12111 11959 11957 11956
f 12114 12113 12115 12116
f 12114 12116 12117 12118
f 12114 12118 11960 11959
f 12118 12117 12119 12120
f 12118 12120 11961 11960
f 12120 12119 12121 12122
f 12120 12122 11963 11961
f 12122 12121 12123 12124
f 12122 12124 11965 11963
f 12124 12123 12125 12126
f 12124 12126 11967 11965
f 12126 12125 12127 12128
f 12126 12128 11969 11967
f 12128 12127 12129 12130
f 12128 12130 12131 11969
f 12131 11972 11970 11969
f 12131 12130 12132 12133
f 12131 12133 12134 11972
f 12134 11975 11973 11972
f 12134 12133 12135 12136
f 12134 12136 12137 11975
f 12137 11978 11976 11975
f 12137 12136 12138 12139
f 12137 12139 12140 11978
f 12140 11981 11979 11978
f 12140 12139 12141 12142
f 12140 12142 12143 11981
f 12143 11984 11982 11981
f 12143 12142 12144 12145
f 12143 12145 12146 11984
f 12146 11987 11985 11984
f 12146 12145 12147 12148
f 12146 12148 12149 11987
f 12149 11990 11988 11987
f 12149 12148 12150 12151
f 12149 12151 12152 11990
f 12152 11993 11991 11990
f 12152 12151 12153 12154
f 12152 12154 12155 11993
f 12155 11996 11994 11993
f 12155 12154 12156 12157
f 12155 12157 12158 11996
f 12158 11999 11997 11996
f 12158 12157 12159 12160
f 12158 12160 12161 11999
f 12161 12002 12000 11999
f 12161 12160 12162 12163
f 12161 12163 12164 12002
f 12164 12005 12003 12002
f 12164 12163 12165 12166
f 12164 12166 12167 12005
f 12167 12008 12006 12005
f 12167 12166 12168 12169
f 12167 12169 12170 12008
f 12170 12011 12009 12008
f 12170 12169 12171 12172
f 12170 12172 12173 12011
f 12173 12014 12012 12011
f 12173 12172 12174 12175
f 12173 12175 12176 12014
f 12176 12175 12177 12178
f 12176 12178 12019 12017
f 12176 12017 12015 12014
f 12178 12177 12179 12180
f 12178 12180 12021 12019
f 12180 12179 12181 12182
f 12180 12182 12023 12021
f 12182 12181 12183 12184
f 12182 12184 12025 12023
f 12184 12183 12185 12186
f 12184 12186 12187 12025
f 12187 12186 12188 12189
f 12187 12189 12190 12028
f 12187 12028 12026 12025
f 12190 12189 12191 12192
f 12190 12192 12193 12031
f 12190 12031 12029 12028
f 12193 12192 12194 12195
f 12193 12195 12036 12034
f 12193 12034 12032 12031
f 12195 12194 12196 12197
f 12195 12197 12038 12036
f 12197 12196 12198 12199
f 12197 12199 12200 12038
f 12200 12199 12201 12202
f 12200 12202 12203 12041
f 12200 12041 12039 12038
f 12203 12202 12204 12205
f 12203 12205 12206 12207
f 12203 12207 12042 12041
f 12207 12206 12049 12047
f 12207 12047 12043 12042
f 12206 12205 12208 12209
f 12206 12209 12210 12049
f 12210 12209 12211 12212
f 12210 12212 12054 12052
f 12210 12052 12050 12049
f 12212 12211 12213 12214
f 12212 12214 12215 12054
f 12215 12214 12216 12217
f 12215 12217 12218 12057
f 12215 12057 12055 12054
f 12218 12217 12219 12220
f 12218 12220 12221 12060
f 12218 12060 12058 12057
f 12221 12220 12222 12223
f 12221 12223 12224 12063
f 12221 12063 12061 12060
f 12224 12223 12225 12226
f 12224 12226 12227 12066
f 12224 12066 12064 12063
f 12227 12226 12228 12229
f 12227 12229 12230 12069
f 12227 12069 12067 12066
f 12230 12229 12231 12232
f 12230 12232 12233 12072
f 12230 12072 12070 12069
f 12233 12232 12234 12235
f 12233 12235 12236 12075
f 12233 12075 12073 12072
f 12236 12235 12237 12238
f 12236 12238 12239 12078
f 12236 12078 12076 12075
f 12239 12238 12240 12241
f 12239 12241 12242 12081
f 12239 12081 12079 12078
f 12242 12241 12243 12244
f 12242 12244 12245 12084
f 12242 12084 12082 12081
f 12245 12244 12246 12247
f 12245 12247 12248 12087
f 12245 12087 12085 12084
f 12248 12247 12249 12250
f 12248 12250 12251 12090
f 12248 12090 12088 12087
f 12251 12250 12252 12253
f 12251 12253 12254 12093
f 12251 12093 12091 12090
f 12254 12253 12255 12256
f 12254 12256 12257 12096
f 12254 12096 12094 12093
f 12257 12256 12258 12259
f 12257 12259 12260 12099
f 12257 12099 12097 12096
f 12260 12259 12261 12262
f 12260 12262 12104 12102
f 12260 12102 12100 12099
f 12262 12261 12263 12264
f 12262 12264 12106 12104
f 12264 12263 12265 12266
f 12264 12266 11620 12106
f 12266 12265 12267 12268
f 12266 12268 11618 11620
f 12268 12267 12269 12270
f 12268 12270 11619 11618
f 12270 12269 12271 12272
f 12270 12272 12112 11619
f 12272 12271 12273 12115
f 12272 12115 12113 12112
f 12273 12271 12274 12275
f 12273 12275 12276 12277
f 12273 12277 12116 12115
f 12277 12276 12278 12279
f 12277 12279 12117 12116
f 12279 12278 12280 12281
f 12279 12281 12119 12117
f 12281 12280 12282 12283
f 12281 12283 12121 12119
f 12283 12282 12284 12285
f 12283 12285 12123 12121
f 12285 12284 12286 12287
f 12285 12287 12125 12123
f 12287 12286 12288 12289
f 12287 12289 12127 12125
f 12289 12288 12290 12291
f 12289 12291 12129 12127
f 12291 12290 12292 12293
f 12291 12293 12294 12129
f 12294 12132 12130 12129
f 12294 12293 12295 12296
f 12294 12296 12297 12132
f 12297 12135 12133 12132
f 12297 12296 12298 12299
f 12297 12299 12300 12135
f 12300 12138 12136 12135
f 12300 12299 12301 12302
f 12300 12302 12303 12138
f 12303 12141 12139 12138
f 12303 12302 12304 12305
f 12303 12305 12306 12141
f 12306 12144 12142 12141
f 12306 12305 12307 12308
f 12306 12308 12309 12144
f 12309 12147 12145 12144
f 12309 12308 12310 12311
f 12309 12311 12312 12147
f 12312 12150 12148 12147
f 12312 12311 12313 12314
f 12312 12314 12315 12150
f 12315 12153 12151 12150
f 12315 12314 12316 12317
f 12315 12317 12318 12153
f 12318 12156 12154 12153
f 12318 12317 12319 12320
f 12318 12320 12321 12156
f 12321 12159 12157 12156
f 12321 12320 12322 12323
f 12321 12323 12324 12159
f 12324 12162 12160 12159
f 12324 12323 12325 12326
f 12324 12326 12327 12162
f 12327 12165 12163 12162
f 12327 12326 12328 12329
f 12327 12329 12330 12165
f 12330 12168 12166 12165
f 12330 12329 12331 12332
f 12330 12332 12333 12168
f 12333 12171 12169 12168
f 12333 12332 11643 12334
f 12333 12334 12335 12171
f 12335 12334 12336 12337
f 12335 12337 12338 12174
f 12335 12174 12172 12171
f 12338 12337 12339 12340
f 12338 12340 12179 12177
f 12338 12177 12175 12174
f 12340 12339 12341 12342
f 12340 12342 12181 12179
f 12342 12341 12343 12344
f 12342 12344 12183 12181
f 12344 12343 12345 12346
f 12344 12346 12185 12183
f 12346 12345 12347 12348
f 12346 12348 12349 12185
f 12349 12348 12350 12351
f 12349 12351 12352 12188
f 12349 12188 12186 12185
f 12352 12351 12353 12354
f 12352 12354 12355 12191
f 12352 12191 12189 12188
f 12355 12354 12356 12357
f 12355 12357 12196 12194
f 12355 12194 12192 12191
f 12357 12356 12358 12359
f 12357 12359 12198 12196
f 12359 12358 12360 12361
f 12359 12361 12362 12198
f 12362 12361 12363 12364
f 12362 12364 12365 12201
f 12362 12201 12199 12198
f 12365 12364 12366 12367
f 12365 12367 12368 12204
f 12365 12204 12202 12201
f 12368 12367 12369 12370
f 12368 12370 12371 12208
f 12368 12208 12205 12204
f 12371 12370 12372 12373
f 12371 12373 12213 12211
f 12371 12211 12209 12208
f 12373 12372 12374 12375
f 12373 12375 12376 12213
f 12376 12375 12377 12378
f 12376 12378 12379 12216
f 12376 12216 12214 12213
f 12379 12378 12380 12381
f 12379 12381 12382 12219
f 12379 12219 12217 12216
f 12382 12381 12383 12384
f 12382 12384 12385 12222
f 12382 12222 12220 12219
f 12385 12384 12386 12387
f 12385 12387 12388 12225
f 12385 12225 12223 12222
f 12388 12387 12389 12390
f 12388 12390 12391 12228
f 12388 12228 12226 12225
f 12391 12390 12392 12393
f 12391 12393 12394 12231
f 12391 12231 12229 12228
f 12394 12393 12395 12396
f 12394 12396 12397 12234
f 12394 12234 12232 12231
f 12397 12396 12398 12399
f 12397 12399 12400 12237
f 12397 12237 12235 12234
f 12400 12399 12401 12402
f 12400 12402 12403 12240
f 12400 12240 12238 12237
f 12403 12402 12404 12405
f 12403 12405 12406 12243
f 12403 12243 12241 12240
f 12406 12405 11611 11610
f 12406 11610 12407 12246
f 12406 12246 12244 12243
f 12407 11610 11609 12408
f 12407 12408 12409 12249
f 12407 12249 12247 12246
f 12409 12408 12410 12411
f 12409 12411 12412 12252
f 12409 12252 12250 12249
f 12412 12411 12413 12414
f 12412 12414 12415 12255
f 12412 12255 12253 12252
f 12415 12414 12416 12417
f 12415 12417 12418 12258
f 12415 12258 12256 12255
f 12418 12417 12419 12420
f 12418 12420 12263 12261
f 12418 12261 12259 12258
f 12420 12419 12421 12422
f 12420 12422 12265 12263
f 12422 12421 12423 12424
f 12422 12424 12267 12265
f 12424 12423 12425 12426
f 12424 12426 12269 12267
f 12426 12425 12427 12274
f 12426 12274 12271 12269
f 12427 12425 12428 12429
f 12427 12429 12430 12431
f 12427 12431 12275 12274
f 12431 12430 12432 12433
f 12431 12433 12276 12275
f 12433 12432 12434 12435
f 12433 12435 12278 12276
f 12435 12434 12436 12437
f 12435 12437 12280 12278
f 12437 12436 12438 12439
f 12437 12439 12282 12280
f 12439 12438 12440 12441
f 12439 12441 12284 12282
f 12441 12440 12442 12443
f 12441 12443 12286 12284
f 12443 12442 12444 12445
f 12443 12445 12288 12286
f 12445 12444 12446 12447
f 12445 12447 12290 12288
f 12447 12446 12448 12449
f 12447 12449 12292 12290
f 12449 12448 12450 12451
f 12449 12451 12452 12292
f 12452 12295 12293 12292
f 12452 12451 12453 12454
f 12452 12454 12455 12295
f 12455 12298 12296 12295
f 12455 12454 12456 12457
f 12455 12457 12458 12298
f 12458 12301 12299 12298
f 12458 12457 12459 12460
f 12458 12460 12461 12301
f 12461 12304 12302 12301
f 12461 12460 12462 12463
f 12461 12463 12464 12304
f 12464 12307 12305 12304
f 12464 12463 12465 12466
f 12464 12466 12467 12307
f 12467 12310 12308 12307
f 12467 12466 12468 12469
f 12467 12469 12470 12310
f 12470 12313 12311 12310
f 12470 12469 12471 12472
f 12470 12472 12473 12313
f 12473 12316 12314 12313
f 12473 12472 12474 12475
f 12473 12475 12476 12316
f 12476 12319 12317 12316
f 12476 12475 12477 12478
f 12476 12478 12479 12319
f 12479 12322 12320 12319
f 12479 12478 12480 12481
f 12479 12481 12482 12322
f 12482 12325 12323 12322
f 12482 12481 12483 12484
f 12482 12484 12485 12325
f 12485 12328 12326 12325
f 12485 12484 12486 12487
f 12485 12487 12488 12328
f 12488 12331 12329 12328
f 12488 12487 12489 11640
f 12488 11640 11639 12331
f 12489 12487 12486 12490
f 12489 12490 12491 12492
f 12489 12492 11641 11640
f 12492 12491 12493 12494
f 12492 12494 11644 11641
f 12494 12493 12495 12496
f 12494 12496 12497 11644
f 12497 12496 12341 12339
f 12497 12339 12337 12336
f 12497 12336 11642 11644
f 12496 12495 12343 12341
f 12495 12493 12498 12499
f 12495 12499 12345 12343
f 12499 12498 12500 12501
f 12499 12501 12347 12345
f 12501 12500 12502 12503
f 12501 12503 12504 12347
f 12504 12503 12505 12506
f 12504 12506 12507 12350
f 12504 12350 12348 12347
f 12507 12506 12508 12509
f 12507 12509 12510 12353
f 12507 12353 12351 12350
f 12510 12509 12511 12512
f 12510 12512 12358 12356
f 12510 12356 12354 12353
f 12512 12511 12513 12514
f 12512 12514 12360 12358
f 12514 12513 12515 12516
f 12514 12516 12517 12360
f 12517 12516 12518 12519
f 12517 12519 12520 12363
f 12517 12363 12361 12360
f 12520 12519 12521 12522
f 12520 12522 12523 12366
f 12520 12366 12364 12363
f 12523 12522 12524 12525
f 12523 12525 12526 12369
f 12523 12369 12367 12366
f 12526 12525 12527 12528
f 12526 12528 12374 12372
f 12526 12372 12370 12369
f 12528 12527 12529 12530
f 12528 12530 12531 12374
f 12531 12530 12532 12533
f 12531 12533 12534 12377
f 12531 12377 12375 12374
f 12534 12533 12535 12536
f 12534 12536 12537 12380
f 12534 12380 12378 12377
f 12537 12536 12538 12539
f 12537 12539 12540 12383
f 12537 12383 12381 12380
f 12540 12539 12541 12542
f 12540 12542 12543 12386
f 12540 12386 12384 12383
f 12543 12542 12544 12545
f 12543 12545 12546 12389
f 12543 12389 12387 12386
f 12546 12545 12547 12548
f 12546 12548 12549 12392
f 12546 12392 12390 12389
f 12549 12548 12550 12551
f 12549 12551 12552 12395
f 12549 12395 12393 12392
f 12552 12551 12553 12554
f 12552 12554 12555 12398
f 12552 12398 12396 12395
f 12555 12554 12556 12557
f 12555 12557 12558 12401
f 12555 12401 12399 12398
f 12558 12557 12559 12560
f 12558 12560 11614 12404
f 12558 12404 12402 12401
f 12560 12559 12561 12562
f 12560 12562 11612 11614
f 12562 12561 12563 12564
f 12562 12564 11613 11612
f 12564 12563 12565 12566
f 12564 12566 12410 11613
f 12566 12565 12567 12413
f 12566 12413 12411 12410
f 12567 12565 12568 12569
f 12567 12569 12570 12416
f 12567 12416 12414 12413
f 12570 12569 12571 12572
f 12570 12572 12421 12419
f 12570 12419 12417 12416
f 12572 12571 12573 12574
f 12572 12574 12423 12421
f 12574 12573 12575 12428
f 12574 12428 12425 12423
f 12575 12576 12577 12578
f 12575 12578 12429 12428
f 12575 12573 12579 12576
f 12579 12580 12581 12576
f 12579 12573 12571 12582
f 12579 12582 12583 12580
f 12583 12584 12585 12580
f 12583 12582 12568 12586
f 12583 12586 12587 12584
f 12587 12586 12563 12561
f 12587 12561 12559 12588
f 12587 12588 12589 12584
f 12589 12590 12585 12584
f 12589 12588 12556 12591
f 12589 12591 12592 12590
f 12592 12593 12594 12590
f 12592 12591 12553 12595
f 12592 12595 12596 12593
f 12596 12597 12598 12593
f 12596 12595 12550 12599
f 12596 12599 12600 12597
f 12600 12601 12602 12597
f 12600 12599 12547 12603
f 12600 12603 12604 12601
f 12604 12605 12606 12601
f 12604 12603 12544 12607
f 12604 12607 12608 12605
f 12608 12609 12610 12605
f 12608 12607 12541 12611
f 12608 12611 12612 12609
f 12612 12613 12614 12609
f 12612 12611 12538 12615
f 12612 12615 12616 12613
f 12616 12617 12618 12613
f 12616 12615 12535 12619
f 12616 12619 12620 12617
f 12620 12621 12622 12617
f 12620 12619 12532 12623
f 12620 12623 12624 12621
f 12624 12625 12626 12621
f 12624 12623 12529 12627
f 12624 12627 12628 12625
f 12628 12629 12630 12625
f 12628 12627 12631 12632
f 12628 12632 12633 12629
f 12633 12634 12635 12629
f 12633 12632 12636 12637
f 12633 12637 12638 12634
f 12638 12639 12640 12634
f 12638 12637 12641 12642
f 12638 12642 12643 12639
f 12643 12644 12645 12639
f 12643 12642 12646 12647
f 12643 12647 12648 12644
f 12648 12649 12650 12644
f 12648 12647 12651 12652
f 12648 12652 12653 12649
f 12653 12654 12655 12649
f 12653 12652 12656 12657
f 12653 12657 12658 12654
f 12658 12659 12660 12654
f 12658 12657 12661 12662
f 12658 12662 12663 12659
f 12663 12664 12665 12659
f 12663 12662 11636 11635
f 12663 11635 11634 12664
f 12665 12480 12478 12477
f 12665 12477 12660 12659
f 12665 12664 12666 12480
f 12666 12483 12481 12480
f 12666 12664 11634 12667
f 12666 12667 12668 12483
f 12668 12486 12484 12483
f 12668 12667 12669 12670
f 12668 12670 12490 12486
f 12670 12669 12671 12672
f 12670 12672 12491 12490
f 12672 12671 12500 12498
f 12672 12498 12493 12491
f 12671 12669 11633 11638
f 12671 11638 12502 12500
f 12669 12667 11634 11633
f 12662 12661 12673 11636
f 12673 12661 12674 12675
f 12673 12675 12505 12676
f 12673 12676 11637 11636
f 12676 12505 12503 12502
f 12676 12502 11638 11637
f 12675 12674 12677 12508
f 12675 12508 12506 12505
f 12677 12674 12656 12678
f 12677 12678 12513 12511
f 12677 12511 12509 12508
f 12678 12656 12652 12651
f 12678 12651 12515 12513
f 12674 12661 12657 12656
f 12660 12477 12475 12474
f 12660 12474 12655 12654
f 12655 12474 12472 12471
f 12655 12471 12650 12649
f 12651 12647 12646 12515
f 12650 12471 12469 12468
f 12650 12468 12645 12644
f 12646 12642 12641 12518
f 12646 12518 12516 12515
f 12645 12468 12466 12465
f 12645 12465 12640 12639
f 12641 12637 12636 12521
f 12641 12521 12519 12518
f 12640 12465 12463 12462
f 12640 12462 12635 12634
f 12636 12632 12631 12524
f 12636 12524 12522 12521
f 12635 12462 12460 12459
f 12635 12459 12630 12629
f 12631 12627 12529 12527
f 12631 12527 12525 12524
f 12630 12459 12457 12456
f 12630 12456 12626 12625
f 12626 12456 12454 12453
f 12626 12453 12622 12621
f 12623 12532 12530 12529
f 12622 12453 12451 12450
f 12622 12450 12618 12617
f 12619 12535 12533 12532
f 12618 12450 12448 12679
f 12618 12679 12614 12613
f 12679 12448 12446 12680
f 12679 12680 12681 12614
f 12681 12680 12682 12683
f 12681 12683 12684 12610
f 12681 12610 12609 12614
f 12684 12683 12685 12686
f 12684 12686 12687 12606
f 12684 12606 12605 12610
f 12687 12686 12688 12689
f 12687 12689 12690 12602
f 12687 12602 12601 12606
f 12690 12689 12691 12692
f 12690 12692 12693 12598
f 12690 12598 12597 12602
f 12693 12692 12694 12695
f 12693 12695 12696 12594
f 12693 12594 12593 12598
f 12696 12695 12697 12581
f 12696 12581 12580 12585
f 12696 12585 12590 12594
f 12697 12695 12694 12698
f 12697 12698 12699 12577
f 12697 12577 12576 12581
f 12699 12698 11625 11624
f 12699 11624 12700 12701
f 12699 12701 12578 12577
f 12701 12430 12429 12578
f 12701 12700 12432 12430
f 12700 11624 11623 12702
f 12700 12702 12434 12432
f 12702 11623 11622 12703
f 12702 12703 12436 12434
f 12703 11622 12704 12705
f 12703 12705 12438 12436
f 12705 12704 12706 12707
f 12705 12707 12440 12438
f 12707 12706 12685 12708
f 12707 12708 12442 12440
f 12708 12685 12683 12682
f 12708 12682 12444 12442
f 12706 12704 12709 12688
f 12706 12688 12686 12685
f 12709 12704 11622 11621
f 12709 11621 11626 12691
f 12709 12691 12689 12688
f 12698 12694 11626 11625
f 12694 12692 12691 11626
f 12682 12680 12446 12444
f 12615 12538 12536 12535
f 12611 12541 12539 12538
f 12607 12544 12542 12541
f 12603 12547 12545 12544
f 12599 12550 12548 12547
f 12595 12553 12551 12550
f 12591 12556 12554 12553
f 12588 12559 12557 12556
f 12586 12568 12565 12563
f 12582 12571 12569 12568
f 12410 12408 11609 11613
f 12405 12404 11614 11611
f 12336 12334 11643 11642
f 12332 12331 11639 11643
f 12112 12110 11615 11619
f 12107 12106 11620 11617
f 11887 11885 11629 11628
f 11885 11884 11632 11629

 